sku_id,week_start_date,weekly_units,unit_price,promo_flag,revenue,category,subcategory,unit_cost,list_price,launch_date
SKU-001,2024-01-01,27.0,159.1775,1,4168.53,Furniture,Tables,85.91,185.03,2022-07-11
SKU-001,2024-01-08,8.0,185.03,0,1480.24,Furniture,Tables,85.91,185.03,2022-07-11
SKU-001,2024-01-15,12.0,185.03,0,2220.36,Furniture,Tables,85.91,185.03,2022-07-11
SKU-001,2024-01-22,14.0,185.03,0,3145.51,Furniture,Tables,85.91,185.03,2022-07-11
SKU-001,2024-01-29,11.0,185.03,0,2035.33,Furniture,Tables,85.91,185.03,2022-07-11
SKU-001,2024-02-05,11.0,185.03,0,2035.33,Furniture,Tables,85.91,185.03,2022-07-11
SKU-001,2024-02-12,22.0,163.42499999999998,1,3494.59,Furniture,Tables,85.91,185.03,2022-07-11
SKU-001,2024-02-19,12.0,177.66750000000002,1,2132.01,Furniture,Tables,85.91,185.03,2022-07-11
SKU-001,2024-02-26,10.0,185.03,0,1850.3,Furniture,Tables,85.91,185.03,2022-07-11
SKU-001,2024-03-04,14.0,185.03,0,2590.42,Furniture,Tables,85.91,185.03,2022-07-11
SKU-001,2024-03-11,23.0,173.52166666666668,1,4126.83,Furniture,Tables,85.91,185.03,2022-07-11
SKU-001,2024-03-18,20.0,164.61166666666668,1,3137.5199999999995,Furniture,Tables,85.91,185.03,2022-07-11
SKU-001,2024-03-25,11.0,185.03,0,2035.33,Furniture,Tables,85.91,185.03,2022-07-11
SKU-001,2024-04-01,24.0,185.03,0,4440.72,Furniture,Tables,85.91,185.03,2022-07-11
SKU-001,2024-04-08,18.0,185.03,0,3330.54,Furniture,Tables,85.91,185.03,2022-07-11
SKU-001,2024-04-15,31.0,185.03,0,5735.93,Furniture,Tables,85.91,185.03,2022-07-11
SKU-001,2024-04-22,13.0,185.03,0,2405.39,Furniture,Tables,85.91,185.03,2022-07-11
SKU-001,2024-04-29,17.0,185.03,0,3145.51,Furniture,Tables,85.91,185.03,2022-07-11
SKU-001,2024-05-06,11.0,185.03,0,2035.33,Furniture,Tables,85.91,185.03,2022-07-11
SKU-001,2024-05-13,7.0,185.03,0,1295.21,Furniture,Tables,85.91,185.03,2022-07-11
SKU-001,2024-05-20,17.0,180.6833333333333,1,3147.9800000000005,Furniture,Tables,85.91,185.03,2022-07-11
SKU-001,2024-05-27,24.0,185.03,0,4440.72,Furniture,Tables,85.91,185.03,2022-07-11
SKU-001,2024-06-03,7.0,185.03,0,1295.21,Furniture,Tables,85.91,185.03,2022-07-11
SKU-001,2024-06-10,22.0,185.03,0,4070.66,Furniture,Tables,85.91,185.03,2022-07-11
SKU-001,2024-06-17,8.0,185.03,0,1480.24,Furniture,Tables,85.91,185.03,2022-07-11
SKU-001,2024-06-24,7.0,185.03,0,1295.21,Furniture,Tables,85.91,185.03,2022-07-11
SKU-001,2024-07-01,20.0,151.57999999999998,1,3054.8199999999997,Furniture,Tables,85.91,185.03,2022-07-11
SKU-001,2024-07-08,10.0,185.03,0,1850.3,Furniture,Tables,85.91,185.03,2022-07-11
SKU-001,2024-07-15,9.0,185.03,0,1665.27,Furniture,Tables,85.91,185.03,2022-07-11
SKU-001,2024-07-22,14.0,185.03,0,2590.42,Furniture,Tables,85.91,185.03,2022-07-11
SKU-001,2024-07-29,9.0,185.03,0,1665.27,Furniture,Tables,85.91,185.03,2022-07-11
SKU-001,2024-08-05,15.0,177.80599999999998,1,2739.33,Furniture,Tables,85.91,185.03,2022-07-11
SKU-001,2024-08-12,24.0,150.48833333333332,1,3604.7299999999996,Furniture,Tables,85.91,185.03,2022-07-11
SKU-001,2024-08-19,9.0,185.03,0,1665.27,Furniture,Tables,85.91,185.03,2022-07-11
SKU-001,2024-08-26,13.0,177.54166666666666,1,2595.73,Furniture,Tables,85.91,185.03,2022-07-11
SKU-001,2024-09-02,22.0,170.546,1,4416.38,Furniture,Tables,85.91,185.03,2022-07-11
SKU-001,2024-09-09,13.0,173.815,1,2136.23,Furniture,Tables,85.91,185.03,2022-07-11
SKU-001,2024-09-16,13.0,185.03,0,2405.39,Furniture,Tables,85.91,185.03,2022-07-11
SKU-001,2024-09-23,19.0,185.03,0,3515.57,Furniture,Tables,85.91,185.03,2022-07-11
SKU-001,2024-09-30,12.0,185.03,0,2220.36,Furniture,Tables,85.91,185.03,2022-07-11
SKU-001,2024-10-07,25.0,164.9557142857143,1,5016.37,Furniture,Tables,85.91,185.03,2022-07-11
SKU-001,2024-10-14,24.0,173.69000000000003,1,4138.92,Furniture,Tables,85.91,185.03,2022-07-11
SKU-001,2024-10-21,9.0,185.03,0,1665.27,Furniture,Tables,85.91,185.03,2022-07-11
SKU-001,2024-10-28,20.0,185.03,0,3700.6,Furniture,Tables,85.91,185.03,2022-07-11
SKU-001,2024-11-04,14.0,185.03,0,2590.42,Furniture,Tables,85.91,185.03,2022-07-11
SKU-001,2024-11-11,14.0,185.03,0,2590.42,Furniture,Tables,85.91,185.03,2022-07-11
SKU-001,2024-11-18,16.0,185.03,0,2960.48,Furniture,Tables,85.91,185.03,2022-07-11
SKU-001,2024-11-25,22.0,162.122,1,3576.36,Furniture,Tables,85.91,185.03,2022-07-11
SKU-001,2024-12-02,9.0,185.03,0,1665.27,Furniture,Tables,85.91,185.03,2022-07-11
SKU-001,2024-12-09,3.0,171.13666666666666,1,513.41,Furniture,Tables,85.91,185.03,2022-07-11
SKU-001,2024-12-16,20.0,153.335,1,3065.12,Furniture,Tables,85.91,185.03,2022-07-11
SKU-001,2024-12-23,16.0,161.26600000000002,1,2458.81,Furniture,Tables,85.91,185.03,2022-07-11
SKU-001,2024-12-30,19.0,170.91857142857143,1,3128.13,Furniture,Tables,85.91,185.03,2022-07-11
SKU-001,2025-01-06,15.0,185.03,0,2775.4500000000003,Furniture,Tables,85.91,185.03,2022-07-11
SKU-001,2025-01-13,17.0,185.03,0,3145.51,Furniture,Tables,85.91,185.03,2022-07-11
SKU-001,2025-01-20,15.0,185.03,0,2775.4500000000003,Furniture,Tables,85.91,185.03,2022-07-11
SKU-001,2025-01-27,11.0,185.03,0,2035.33,Furniture,Tables,85.91,185.03,2022-07-11
SKU-001,2025-02-03,8.0,185.03,0,1480.24,Furniture,Tables,85.91,185.03,2022-07-11
SKU-001,2025-02-10,11.0,185.03,0,2035.33,Furniture,Tables,85.91,185.03,2022-07-11
SKU-001,2025-02-17,13.0,179.47166666666666,1,2238.64,Furniture,Tables,85.91,185.03,2022-07-11
SKU-001,2025-02-24,19.0,185.03,0,3515.57,Furniture,Tables,85.91,185.03,2022-07-11
SKU-001,2025-03-03,8.0,185.03,0,1480.24,Furniture,Tables,85.91,185.03,2022-07-11
SKU-001,2025-03-10,14.0,179.65,1,2525.86,Furniture,Tables,85.91,185.03,2022-07-11
SKU-001,2025-03-17,31.0,150.434,1,4655.42,Furniture,Tables,85.91,185.03,2022-07-11
SKU-001,2025-03-24,15.0,185.03,0,2775.45,Furniture,Tables,85.91,185.03,2022-07-11
SKU-001,2025-03-31,15.0,185.03,0,2775.45,Furniture,Tables,85.91,185.03,2022-07-11
SKU-001,2025-04-07,13.0,185.03,0,2405.3900000000003,Furniture,Tables,85.91,185.03,2022-07-11
SKU-001,2025-04-14,25.0,185.03,0,4625.75,Furniture,Tables,85.91,185.03,2022-07-11
SKU-001,2025-04-21,10.0,185.03,0,1850.3,Furniture,Tables,85.91,185.03,2022-07-11
SKU-001,2025-04-28,12.0,185.03,0,2220.36,Furniture,Tables,85.91,185.03,2022-07-11
SKU-001,2025-05-05,12.0,185.03,0,2220.36,Furniture,Tables,85.91,185.03,2022-07-11
SKU-001,2025-05-12,22.0,185.03,0,4070.66,Furniture,Tables,85.91,185.03,2022-07-11
SKU-001,2025-05-19,14.0,185.03,0,2590.42,Furniture,Tables,85.91,185.03,2022-07-11
SKU-001,2025-05-26,16.0,161.76333333333335,1,2622.98,Furniture,Tables,85.91,185.03,2022-07-11
SKU-001,2025-06-02,18.0,185.03,0,3330.54,Furniture,Tables,85.91,185.03,2022-07-11
SKU-001,2025-06-09,12.0,185.03,0,2220.36,Furniture,Tables,85.91,185.03,2022-07-11
SKU-001,2025-06-16,17.0,185.03,0,3145.51,Furniture,Tables,85.91,185.03,2022-07-11
SKU-001,2025-06-23,20.0,185.03,0,3700.6,Furniture,Tables,85.91,185.03,2022-07-11
SKU-001,2025-06-30,23.0,152.73,1,3494.3999999999996,Furniture,Tables,85.91,185.03,2022-07-11
SKU-001,2025-07-07,13.0,179.845,1,2343.17,Furniture,Tables,85.91,185.03,2022-07-11
SKU-001,2025-07-14,17.0,185.03,0,3145.51,Furniture,Tables,85.91,185.03,2022-07-11
SKU-001,2025-07-21,13.0,185.03,0,2405.3900000000003,Furniture,Tables,85.91,185.03,2022-07-11
SKU-001,2025-07-28,11.0,185.03,0,2035.33,Furniture,Tables,85.91,185.03,2022-07-11
SKU-001,2025-08-04,18.0,180.33666666666667,1,3161.58,Furniture,Tables,85.91,185.03,2022-07-11
SKU-001,2025-08-11,22.0,154.525,1,3409.1800000000003,Furniture,Tables,85.91,185.03,2022-07-11
SKU-001,2025-08-18,16.0,165.4275,1,2471.2,Furniture,Tables,85.91,185.03,2022-07-11
SKU-001,2025-08-25,15.0,185.03,0,2775.45,Furniture,Tables,85.91,185.03,2022-07-11
SKU-001,2025-09-01,25.0,180.788,1,4477.28,Furniture,Tables,85.91,185.03,2022-07-11
SKU-001,2025-09-08,18.0,169.98333333333332,1,2699.2400000000002,Furniture,Tables,85.91,185.03,2022-07-11
SKU-001,2025-09-15,28.0,185.03,0,5180.84,Furniture,Tables,85.91,185.03,2022-07-11
SKU-001,2025-09-22,18.0,185.03,0,3330.54,Furniture,Tables,85.91,185.03,2022-07-11
SKU-001,2025-09-29,19.0,185.03,0,3515.57,Furniture,Tables,85.91,185.03,2022-07-11
SKU-001,2025-10-06,24.0,167.865,1,3937.2200000000003,Furniture,Tables,85.91,185.03,2022-07-11
SKU-001,2025-10-13,23.0,164.94,1,3730.79,Furniture,Tables,85.91,185.03,2022-07-11
SKU-001,2025-10-20,21.0,185.03,0,3885.63,Furniture,Tables,85.91,185.03,2022-07-11
SKU-001,2025-10-27,20.0,185.03,0,3700.6,Furniture,Tables,85.91,185.03,2022-07-11
SKU-001,2025-11-03,19.0,185.03,0,3515.57,Furniture,Tables,85.91,185.03,2022-07-11
SKU-001,2025-11-10,20.0,185.03,0,3700.6,Furniture,Tables,85.91,185.03,2022-07-11
SKU-001,2025-11-17,19.0,179.964,1,3439.58,Furniture,Tables,85.91,185.03,2022-07-11
SKU-001,2025-11-24,18.0,151.648,1,2718.51,Furniture,Tables,85.91,185.03,2022-07-11
SKU-001,2025-12-01,14.0,185.03,0,2590.42,Furniture,Tables,85.91,185.03,2022-07-11
SKU-001,2025-12-08,4.0,185.03,0,740.12,Furniture,Tables,85.91,185.03,2022-07-11
SKU-001,2025-12-15,26.0,152.9385714285714,1,3943.4,Furniture,Tables,85.91,185.03,2022-07-11
SKU-001,2025-12-22,16.0,169.445,1,2754.4900000000002,Furniture,Tables,85.91,185.03,2022-07-11
SKU-001,2025-12-29,13.0,164.97,1,2202.5699999999997,Furniture,Tables,85.91,185.03,2022-07-11
SKU-001,2026-01-05,11.0,185.03,0,2035.33,Furniture,Tables,85.91,185.03,2022-07-11
SKU-001,2026-01-12,12.0,185.03,0,2220.36,Furniture,Tables,85.91,185.03,2022-07-11
SKU-001,2026-01-19,15.0,185.03,0,2775.45,Furniture,Tables,85.91,185.03,2022-07-11
SKU-001,2026-01-26,6.0,185.03,0,1110.18,Furniture,Tables,85.91,185.03,2022-07-11
SKU-001,2026-02-02,11.0,185.03,0,2035.33,Furniture,Tables,85.91,185.03,2022-07-11
SKU-001,2026-02-09,13.0,185.03,0,2405.3900000000003,Furniture,Tables,85.91,185.03,2022-07-11
SKU-001,2026-02-16,30.0,173.60857142857142,1,5151.15,Furniture,Tables,85.91,185.03,2022-07-11
SKU-001,2026-02-23,7.0,185.03,0,1295.21,Furniture,Tables,85.91,185.03,2022-07-11
SKU-001,2026-03-02,15.0,185.03,0,2775.4500000000003,Furniture,Tables,85.91,185.03,2022-07-11
SKU-001,2026-03-09,24.0,180.35285714285715,1,4277.02,Furniture,Tables,85.91,185.03,2022-07-11
SKU-001,2026-03-16,30.0,156.52857142857144,1,4809.41,Furniture,Tables,85.91,185.03,2022-07-11
SKU-001,2026-03-23,22.0,185.03,0,4070.66,Furniture,Tables,85.91,185.03,2022-07-11
SKU-001,2026-03-30,9.0,185.03,0,1665.27,Furniture,Tables,85.91,185.03,2022-07-11
SKU-001,2026-04-06,16.0,185.03,0,2960.48,Furniture,Tables,85.91,185.03,2022-07-11
SKU-001,2026-04-13,16.0,185.03,0,2960.48,Furniture,Tables,85.91,185.03,2022-07-11
SKU-001,2026-04-20,17.0,185.03,0,3145.51,Furniture,Tables,85.91,185.03,2022-07-11
SKU-001,2026-04-27,19.0,185.03,0,3515.57,Furniture,Tables,85.91,185.03,2022-07-11
SKU-001,2026-05-04,9.0,185.03,0,1665.27,Furniture,Tables,85.91,185.03,2022-07-11
SKU-001,2026-05-11,10.0,185.03,0,1850.3,Furniture,Tables,85.91,185.03,2022-07-11
SKU-001,2026-05-18,21.0,179.32833333333335,1,3680.37,Furniture,Tables,85.91,185.03,2022-07-11
SKU-001,2026-05-25,19.0,171.916,1,3162.77,Furniture,Tables,85.91,185.03,2022-07-11
SKU-001,2026-06-01,14.0,185.03,0,2590.42,Furniture,Tables,85.91,185.03,2022-07-11
SKU-001,2026-06-08,16.0,185.03,0,2960.48,Furniture,Tables,85.91,185.03,2022-07-11
SKU-001,2026-06-15,9.0,185.03,0,1665.27,Furniture,Tables,85.91,185.03,2022-07-11
SKU-001,2026-06-22,10.0,185.03,0,1850.3,Furniture,Tables,85.91,185.03,2022-07-11
SKU-001,2026-06-29,21.0,162.65666666666667,1,3356.16,Furniture,Tables,85.91,185.03,2022-07-11
SKU-001,2026-07-06,18.0,174.04166666666666,1,3144.45,Furniture,Tables,85.91,185.03,2022-07-11
SKU-001,2026-07-13,9.0,185.03,0,1665.27,Furniture,Tables,85.91,185.03,2022-07-11
SKU-001,2026-07-20,9.0,185.03,0,2035.33,Furniture,Tables,85.91,185.03,2022-07-11
SKU-001,2026-07-27,19.0,185.03,0,3515.57,Furniture,Tables,85.91,185.03,2022-07-11
SKU-001,2026-08-03,13.0,185.03,0,2405.3900000000003,Furniture,Tables,85.91,185.03,2022-07-11
SKU-001,2026-08-10,18.0,153.51,1,2818.48,Furniture,Tables,85.91,185.03,2022-07-11
SKU-001,2026-08-17,13.0,157.548,1,2105.37,Furniture,Tables,85.91,185.03,2022-07-11
SKU-001,2026-08-24,15.0,185.03,0,2775.45,Furniture,Tables,85.91,185.03,2022-07-11
SKU-001,2026-08-31,3.0,185.03,0,555.09,Furniture,Tables,85.91,185.03,2022-07-11
SKU-002,2025-02-17,2.0,184.36,0,368.72,Furniture,Tables,81.76,184.36,2025-02-23
SKU-002,2025-02-24,14.0,184.36,0,2581.04,Furniture,Tables,81.76,184.36,2025-02-23
SKU-002,2025-03-03,34.0,184.36,0,6268.24,Furniture,Tables,81.76,184.36,2025-02-23
SKU-002,2025-03-10,31.0,173.0,1,5303.77,Furniture,Tables,81.76,184.36,2025-02-23
SKU-002,2025-03-17,21.0,163.1525,1,3460.8999999999996,Furniture,Tables,81.76,184.36,2025-02-23
SKU-002,2025-03-24,26.0,184.36,0,4793.36,Furniture,Tables,81.76,184.36,2025-02-23
SKU-002,2025-03-31,29.0,184.35999999999999,0,6636.96,Furniture,Tables,81.76,184.36,2025-02-23
SKU-002,2025-04-07,19.0,184.36,0,3502.84,Furniture,Tables,81.76,184.36,2025-02-23
SKU-002,2025-04-14,24.0,184.36,0,4424.639999999999,Furniture,Tables,81.76,184.36,2025-02-23
SKU-002,2025-04-21,23.0,184.35999999999999,0,5346.4400000000005,Furniture,Tables,81.76,184.36,2025-02-23
SKU-002,2025-04-28,9.0,184.36,0,1659.2400000000002,Furniture,Tables,81.76,184.36,2025-02-23
SKU-002,2025-05-05,12.0,184.36,0,2212.32,Furniture,Tables,81.76,184.36,2025-02-23
SKU-002,2025-05-12,13.0,184.36,0,2396.6800000000003,Furniture,Tables,81.76,184.36,2025-02-23
SKU-002,2025-05-19,21.0,177.08833333333334,1,3653.41,Furniture,Tables,81.76,184.36,2025-02-23
SKU-002,2025-05-26,32.0,153.82000000000002,1,4817.84,Furniture,Tables,81.76,184.36,2025-02-23
SKU-002,2025-06-02,20.0,184.35999999999999,0,3687.2000000000003,Furniture,Tables,81.76,184.36,2025-02-23
SKU-002,2025-06-09,17.0,184.36,0,3134.1200000000003,Furniture,Tables,81.76,184.36,2025-02-23
SKU-002,2025-06-16,26.0,184.35999999999999,0,4793.36,Furniture,Tables,81.76,184.36,2025-02-23
SKU-002,2025-06-23,25.0,184.35999999999999,0,4609.0,Furniture,Tables,81.76,184.36,2025-02-23
SKU-002,2025-06-30,40.0,158.93166666666667,1,6147.030000000001,Furniture,Tables,81.76,184.36,2025-02-23
SKU-002,2025-07-07,15.0,180.18333333333337,1,2640.1000000000004,Furniture,Tables,81.76,184.36,2025-02-23
SKU-002,2025-07-14,18.0,184.36,0,3318.4800000000005,Furniture,Tables,81.76,184.36,2025-02-23
SKU-002,2025-07-21,27.0,184.35999999999999,0,4977.72,Furniture,Tables,81.76,184.36,2025-02-23
SKU-002,2025-07-28,13.0,184.36,0,2396.6800000000003,Furniture,Tables,81.76,184.36,2025-02-23
SKU-002,2025-08-04,20.0,176.10750000000002,1,3489.14,Furniture,Tables,81.76,184.36,2025-02-23
SKU-002,2025-08-11,8.0,142.775,1,1140.77,Furniture,Tables,81.76,184.36,2025-02-23
SKU-002,2025-08-18,34.0,169.80285714285716,1,5570.04,Furniture,Tables,81.76,184.36,2025-02-23
SKU-002,2025-08-25,22.0,184.36,0,5162.08,Furniture,Tables,81.76,184.36,2025-02-23
SKU-002,2025-09-01,21.0,175.632,1,4479.610000000001,Furniture,Tables,81.76,184.36,2025-02-23
SKU-002,2025-09-08,17.0,175.716,1,2831.58,Furniture,Tables,81.76,184.36,2025-02-23
SKU-002,2025-09-15,20.0,184.36,0,3687.2000000000003,Furniture,Tables,81.76,184.36,2025-02-23
SKU-002,2025-09-22,28.0,184.36,0,5162.08,Furniture,Tables,81.76,184.36,2025-02-23
SKU-002,2025-09-29,18.0,184.36,0,3318.48,Furniture,Tables,81.76,184.36,2025-02-23
SKU-002,2025-10-06,27.0,172.59500000000003,1,4626.360000000001,Furniture,Tables,81.76,184.36,2025-02-23
SKU-002,2025-10-13,35.0,168.92333333333332,1,5615.55,Furniture,Tables,81.76,184.36,2025-02-23
SKU-002,2025-10-20,25.0,184.36,0,4609.0,Furniture,Tables,81.76,184.36,2025-02-23
SKU-002,2025-10-27,23.0,184.35999999999999,0,4240.280000000001,Furniture,Tables,81.76,184.36,2025-02-23
SKU-002,2025-11-03,18.0,184.36,0,3318.48,Furniture,Tables,81.76,184.36,2025-02-23
SKU-002,2025-11-10,13.0,184.36,0,2396.6800000000003,Furniture,Tables,81.76,184.36,2025-02-23
SKU-002,2025-11-17,17.0,178.41400000000002,1,2985.4700000000003,Furniture,Tables,81.76,184.36,2025-02-23
SKU-002,2025-11-24,23.0,158.368,1,3661.19,Furniture,Tables,81.76,184.36,2025-02-23
SKU-002,2025-12-01,24.0,184.35999999999999,0,4424.64,Furniture,Tables,81.76,184.36,2025-02-23
SKU-002,2025-12-08,14.0,184.36,0,2581.04,Furniture,Tables,81.76,184.36,2025-02-23
SKU-002,2025-12-15,42.0,150.4025,1,6241.780000000001,Furniture,Tables,81.76,184.36,2025-02-23
SKU-002,2025-12-22,16.0,169.19,1,2737.16,Furniture,Tables,81.76,184.36,2025-02-23
SKU-002,2025-12-29,28.0,170.93285714285713,1,4639.150000000001,Furniture,Tables,81.76,184.36,2025-02-23
SKU-002,2026-01-05,21.0,184.36,0,3871.5600000000004,Furniture,Tables,81.76,184.36,2025-02-23
SKU-002,2026-01-12,15.0,184.36,0,2949.76,Furniture,Tables,81.76,184.36,2025-02-23
SKU-002,2026-01-19,18.0,184.36,0,3318.48,Furniture,Tables,81.76,184.36,2025-02-23
SKU-002,2026-01-26,16.0,184.35999999999999,0,5162.08,Furniture,Tables,81.76,184.36,2025-02-23
SKU-002,2026-02-02,21.0,184.36,0,3871.5600000000004,Furniture,Tables,81.76,184.36,2025-02-23
SKU-002,2026-02-09,16.0,184.36,0,2949.76,Furniture,Tables,81.76,184.36,2025-02-23
SKU-002,2026-02-16,14.0,178.9925,1,2430.75,Furniture,Tables,81.76,184.36,2025-02-23
SKU-002,2026-02-23,10.0,184.36,0,1843.6,Furniture,Tables,81.76,184.36,2025-02-23
SKU-002,2026-03-02,27.0,184.36,0,4977.72,Furniture,Tables,81.76,184.36,2025-02-23
SKU-002,2026-03-09,12.0,177.705,1,2368.08,Furniture,Tables,81.76,184.36,2025-02-23
SKU-002,2026-03-16,39.0,151.24200000000002,1,5836.79,Furniture,Tables,81.76,184.36,2025-02-23
SKU-002,2026-03-23,21.0,184.36,0,3871.5600000000004,Furniture,Tables,81.76,184.36,2025-02-23
SKU-002,2026-03-30,24.0,184.36,0,4424.64,Furniture,Tables,81.76,184.36,2025-02-23
SKU-002,2026-04-06,27.0,184.36,0,4977.72,Furniture,Tables,81.76,184.36,2025-02-23
SKU-002,2026-04-13,28.0,184.36,0,5162.08,Furniture,Tables,81.76,184.36,2025-02-23
SKU-002,2026-04-20,23.0,184.36,0,4240.280000000001,Furniture,Tables,81.76,184.36,2025-02-23
SKU-002,2026-04-27,22.0,184.36,0,4055.92,Furniture,Tables,81.76,184.36,2025-02-23
SKU-002,2026-05-04,11.0,184.36,0,2027.96,Furniture,Tables,81.76,184.36,2025-02-23
SKU-002,2026-05-11,22.0,184.36,0,4055.92,Furniture,Tables,81.76,184.36,2025-02-23
SKU-002,2026-05-18,14.0,179.995,1,2528.6600000000003,Furniture,Tables,81.76,184.36,2025-02-23
SKU-002,2026-05-25,25.0,176.114,1,4361.62,Furniture,Tables,81.76,184.36,2025-02-23
SKU-002,2026-06-01,20.0,184.36,0,3687.2000000000003,Furniture,Tables,81.76,184.36,2025-02-23
SKU-002,2026-06-08,11.0,184.36,0,2027.96,Furniture,Tables,81.76,184.36,2025-02-23
SKU-002,2026-06-15,12.0,184.36,0,2212.32,Furniture,Tables,81.76,184.36,2025-02-23
SKU-002,2026-06-22,11.0,184.36,0,2027.96,Furniture,Tables,81.76,184.36,2025-02-23
SKU-002,2026-06-29,39.0,161.07142857142858,1,6199.65,Furniture,Tables,81.76,184.36,2025-02-23
SKU-002,2026-07-06,23.0,184.36,0,4240.28,Furniture,Tables,81.76,184.36,2025-02-23
SKU-002,2026-07-13,21.0,184.35999999999999,0,3871.5600000000004,Furniture,Tables,81.76,184.36,2025-02-23
SKU-002,2026-07-20,12.0,184.36,0,2212.32,Furniture,Tables,81.76,184.36,2025-02-23
SKU-002,2026-07-27,10.0,184.36,0,1843.6000000000001,Furniture,Tables,81.76,184.36,2025-02-23
SKU-002,2026-08-03,19.0,184.36,0,3502.84,Furniture,Tables,81.76,184.36,2025-02-23
SKU-002,2026-08-10,27.0,155.865,1,4245.1,Furniture,Tables,81.76,184.36,2025-02-23
SKU-002,2026-08-17,20.0,164.47666666666666,1,3217.97,Furniture,Tables,81.76,184.36,2025-02-23
SKU-002,2026-08-24,7.0,184.36,0,1290.52,Furniture,Tables,81.76,184.36,2025-02-23
SKU-002,2026-08-31,4.0,184.36,0,737.44,Furniture,Tables,81.76,184.36,2025-02-23
SKU-003,2024-01-01,34.0,246.8125,1,8213.17,Furniture,Sofas,134.33,267.95,2023-03-28
SKU-003,2024-01-08,19.0,267.95,0,5091.05,Furniture,Sofas,134.33,267.95,2023-03-28
SKU-003,2024-01-15,36.0,267.95,0,9646.2,Furniture,Sofas,134.33,267.95,2023-03-28
SKU-003,2024-01-22,25.0,267.95,0,6698.75,Furniture,Sofas,134.33,267.95,2023-03-28
SKU-003,2024-01-29,34.0,267.95,0,9110.3,Furniture,Sofas,134.33,267.95,2023-03-28
SKU-003,2024-02-05,21.0,267.95,0,5626.95,Furniture,Sofas,134.33,267.95,2023-03-28
SKU-003,2024-02-12,28.0,258.27666666666664,1,7241.42,Furniture,Sofas,134.33,267.95,2023-03-28
SKU-003,2024-02-19,28.0,254.595,1,7128.66,Furniture,Sofas,134.33,267.95,2023-03-28
SKU-003,2024-02-26,57.0,267.95,0,15273.15,Furniture,Sofas,134.33,267.95,2023-03-28
SKU-003,2024-03-04,37.0,267.95,0,9914.15,Furniture,Sofas,134.33,267.95,2023-03-28
SKU-003,2024-03-11,57.0,244.22799999999998,1,13010.81,Furniture,Sofas,134.33,267.95,2023-03-28
SKU-003,2024-03-18,63.0,236.308,1,14763.08,Furniture,Sofas,134.33,267.95,2023-03-28
SKU-003,2024-03-25,41.0,267.95,0,10985.949999999999,Furniture,Sofas,134.33,267.95,2023-03-28
SKU-003,2024-04-01,38.0,267.95,0,10182.1,Furniture,Sofas,134.33,267.95,2023-03-28
SKU-003,2024-04-08,36.0,267.95,0,9646.2,Furniture,Sofas,134.33,267.95,2023-03-28
SKU-003,2024-04-15,42.0,267.95,0,11253.9,Furniture,Sofas,134.33,267.95,2023-03-28
SKU-003,2024-04-22,40.0,267.95,0,10718.0,Furniture,Sofas,134.33,267.95,2023-03-28
SKU-003,2024-04-29,34.0,267.95,0,9110.3,Furniture,Sofas,134.33,267.95,2023-03-28
SKU-003,2024-05-06,30.0,267.95,0,8038.5,Furniture,Sofas,134.33,267.95,2023-03-28
SKU-003,2024-05-13,27.0,267.95,0,7234.65,Furniture,Sofas,134.33,267.95,2023-03-28
SKU-003,2024-05-20,22.0,258.5825,1,8199.7,Furniture,Sofas,134.33,267.95,2023-03-28
SKU-003,2024-05-27,48.0,262.20799999999997,1,12517.08,Furniture,Sofas,134.33,267.95,2023-03-28
SKU-003,2024-06-03,38.0,267.95,0,12325.699999999999,Furniture,Sofas,134.33,267.95,2023-03-28
SKU-003,2024-06-10,40.0,267.95,0,10718.0,Furniture,Sofas,134.33,267.95,2023-03-28
SKU-003,2024-06-17,27.0,267.95,0,7234.65,Furniture,Sofas,134.33,267.95,2023-03-28
SKU-003,2024-06-24,19.0,267.95,0,5091.05,Furniture,Sofas,134.33,267.95,2023-03-28
SKU-003,2024-07-01,48.0,226.8275,1,10916.08,Furniture,Sofas,134.33,267.95,2023-03-28
SKU-003,2024-07-08,28.0,267.95,0,7502.6,Furniture,Sofas,134.33,267.95,2023-03-28
SKU-003,2024-07-15,31.0,267.95,0,8306.45,Furniture,Sofas,134.33,267.95,2023-03-28
SKU-003,2024-07-22,21.0,267.95,0,5626.95,Furniture,Sofas,134.33,267.95,2023-03-28
SKU-003,2024-07-29,18.0,267.95,0,4823.1,Furniture,Sofas,134.33,267.95,2023-03-28
SKU-003,2024-08-05,19.0,267.95,0,5091.049999999999,Furniture,Sofas,134.33,267.95,2023-03-28
SKU-003,2024-08-12,66.0,220.17666666666665,1,14385.48,Furniture,Sofas,134.33,267.95,2023-03-28
SKU-003,2024-08-19,39.0,252.12833333333333,1,11315.41,Furniture,Sofas,134.33,267.95,2023-03-28
SKU-003,2024-08-26,37.0,261.73400000000004,1,9447.95,Furniture,Sofas,134.33,267.95,2023-03-28
SKU-003,2024-09-02,38.0,245.02,1,9088.220000000001,Furniture,Sofas,134.33,267.95,2023-03-28
SKU-003,2024-09-09,17.0,204.61,1,3478.37,Furniture,Sofas,134.33,267.95,2023-03-28
SKU-003,2024-09-16,45.0,267.95,0,12057.75,Furniture,Sofas,134.33,267.95,2023-03-28
SKU-003,2024-09-23,46.0,267.95,0,12325.7,Furniture,Sofas,134.33,267.95,2023-03-28
SKU-003,2024-09-30,36.0,267.95,0,9646.2,Furniture,Sofas,134.33,267.95,2023-03-28
SKU-003,2024-10-07,32.0,219.54,1,7089.08,Furniture,Sofas,134.33,267.95,2023-03-28
SKU-003,2024-10-14,63.0,245.64000000000001,1,14972.73,Furniture,Sofas,134.33,267.95,2023-03-28
SKU-003,2024-10-21,50.0,267.95,0,13397.5,Furniture,Sofas,134.33,267.95,2023-03-28
SKU-003,2024-10-28,34.0,267.95,0,9110.300000000001,Furniture,Sofas,134.33,267.95,2023-03-28
SKU-003,2024-11-04,54.0,267.95,0,14469.3,Furniture,Sofas,134.33,267.95,2023-03-28
SKU-003,2024-11-11,33.0,267.95,0,8842.35,Furniture,Sofas,134.33,267.95,2023-03-28
SKU-003,2024-11-18,40.0,249.208,1,9708.51,Furniture,Sofas,134.33,267.95,2023-03-28
SKU-003,2024-11-25,51.0,230.135,1,11722.45,Furniture,Sofas,134.33,267.95,2023-03-28
SKU-003,2024-12-02,39.0,267.95,0,10450.05,Furniture,Sofas,134.33,267.95,2023-03-28
SKU-003,2024-12-09,50.0,261.3828571428571,1,13075.71,Furniture,Sofas,134.33,267.95,2023-03-28
SKU-003,2024-12-16,24.0,211.9,1,5036.08,Furniture,Sofas,134.33,267.95,2023-03-28
SKU-003,2024-12-23,35.0,245.54,1,8130.7,Furniture,Sofas,134.33,267.95,2023-03-28
SKU-003,2024-12-30,46.0,246.93666666666664,1,11385.83,Furniture,Sofas,134.33,267.95,2023-03-28
SKU-003,2025-01-06,23.0,267.95,0,6162.85,Furniture,Sofas,134.33,267.95,2023-03-28
SKU-003,2025-01-13,24.0,267.95,0,6430.799999999999,Furniture,Sofas,134.33,267.95,2023-03-28
SKU-003,2025-01-20,20.0,267.95,0,5359.0,Furniture,Sofas,134.33,267.95,2023-03-28
SKU-003,2025-01-27,15.0,267.95,0,4019.25,Furniture,Sofas,134.33,267.95,2023-03-28
SKU-003,2025-02-03,34.0,267.95,0,9110.3,Furniture,Sofas,134.33,267.95,2023-03-28
SKU-003,2025-02-10,25.0,267.95,0,6698.75,Furniture,Sofas,134.33,267.95,2023-03-28
SKU-003,2025-02-17,37.0,248.2275,1,8930.49,Furniture,Sofas,134.33,267.95,2023-03-28
SKU-003,2025-02-24,36.0,267.95,0,9646.2,Furniture,Sofas,134.33,267.95,2023-03-28
SKU-003,2025-03-03,52.0,267.95,0,13933.4,Furniture,Sofas,134.33,267.95,2023-03-28
SKU-003,2025-03-10,70.0,258.215,1,17591.12,Furniture,Sofas,134.33,267.95,2023-03-28
SKU-003,2025-03-17,72.0,241.18666666666664,1,16921.629999999997,Furniture,Sofas,134.33,267.95,2023-03-28
SKU-003,2025-03-24,33.0,267.95,0,8842.35,Furniture,Sofas,134.33,267.95,2023-03-28
SKU-003,2025-03-31,47.0,267.95,0,12593.65,Furniture,Sofas,134.33,267.95,2023-03-28
SKU-003,2025-04-07,41.0,267.95,0,10985.95,Furniture,Sofas,134.33,267.95,2023-03-28
SKU-003,2025-04-14,55.0,267.95,0,14737.25,Furniture,Sofas,134.33,267.95,2023-03-28
SKU-003,2025-04-21,43.0,267.95,0,11521.85,Furniture,Sofas,134.33,267.95,2023-03-28
SKU-003,2025-04-28,45.0,267.95,0,12057.75,Furniture,Sofas,134.33,267.95,2023-03-28
SKU-003,2025-05-05,28.0,267.95,0,7502.6,Furniture,Sofas,134.33,267.95,2023-03-28
SKU-003,2025-05-12,36.0,267.95,0,9646.2,Furniture,Sofas,134.33,267.95,2023-03-28
SKU-003,2025-05-19,19.0,267.95,0,5091.05,Furniture,Sofas,134.33,267.95,2023-03-28
SKU-003,2025-05-26,33.0,246.345,1,8200.8,Furniture,Sofas,134.33,267.95,2023-03-28
SKU-003,2025-06-02,38.0,267.95,0,10182.1,Furniture,Sofas,134.33,267.95,2023-03-28
SKU-003,2025-06-09,19.0,267.95,0,5091.05,Furniture,Sofas,134.33,267.95,2023-03-28
SKU-003,2025-06-16,34.0,267.95,0,9110.3,Furniture,Sofas,134.33,267.95,2023-03-28
SKU-003,2025-06-23,56.0,267.95,0,15005.2,Furniture,Sofas,134.33,267.95,2023-03-28
SKU-003,2025-06-30,41.0,240.5575,1,9926.98,Furniture,Sofas,134.33,267.95,2023-03-28
SKU-003,2025-07-07,18.0,267.95,0,4823.1,Furniture,Sofas,134.33,267.95,2023-03-28
SKU-003,2025-07-14,51.0,267.95,0,13665.45,Furniture,Sofas,134.33,267.95,2023-03-28
SKU-003,2025-07-21,44.0,267.95,0,11789.8,Furniture,Sofas,134.33,267.95,2023-03-28
SKU-003,2025-07-28,34.0,267.95,0,9110.3,Furniture,Sofas,134.33,267.95,2023-03-28
SKU-003,2025-08-04,29.0,267.95,0,7770.55,Furniture,Sofas,134.33,267.95,2023-03-28
SKU-003,2025-08-11,58.0,220.945,1,12839.16,Furniture,Sofas,134.33,267.95,2023-03-28
SKU-003,2025-08-18,52.0,244.625,1,13185.26,Furniture,Sofas,134.33,267.95,2023-03-28
SKU-003,2025-08-25,21.0,267.95,0,5626.950000000001,Furniture,Sofas,134.33,267.95,2023-03-28
SKU-003,2025-09-01,26.0,267.95,0,9110.3,Furniture,Sofas,134.33,267.95,2023-03-28
SKU-003,2025-09-08,43.0,257.912,1,10819.19,Furniture,Sofas,134.33,267.95,2023-03-28
SKU-003,2025-09-15,21.0,267.95,0,5626.95,Furniture,Sofas,134.33,267.95,2023-03-28
SKU-003,2025-09-22,33.0,267.95,0,8842.35,Furniture,Sofas,134.33,267.95,2023-03-28
SKU-003,2025-09-29,21.0,267.95,0,5626.950000000001,Furniture,Sofas,134.33,267.95,2023-03-28
SKU-003,2025-10-06,42.0,238.4,1,9983.54,Furniture,Sofas,134.33,267.95,2023-03-28
SKU-003,2025-10-13,52.0,239.436,1,12084.869999999999,Furniture,Sofas,134.33,267.95,2023-03-28
SKU-003,2025-10-20,58.0,267.95,0,15541.1,Furniture,Sofas,134.33,267.95,2023-03-28
SKU-003,2025-10-27,34.0,267.95,0,9110.3,Furniture,Sofas,134.33,267.95,2023-03-28
SKU-003,2025-11-03,23.0,267.95,0,6162.85,Furniture,Sofas,134.33,267.95,2023-03-28
SKU-003,2025-11-10,26.0,267.95,0,6966.7,Furniture,Sofas,134.33,267.95,2023-03-28
SKU-003,2025-11-17,42.0,261.934,1,10923.02,Furniture,Sofas,134.33,267.95,2023-03-28
SKU-003,2025-11-24,83.0,219.86833333333334,1,18363.37,Furniture,Sofas,134.33,267.95,2023-03-28
SKU-003,2025-12-01,38.0,267.95,0,10182.1,Furniture,Sofas,134.33,267.95,2023-03-28
SKU-003,2025-12-08,27.0,267.95,0,7234.650000000001,Furniture,Sofas,134.33,267.95,2023-03-28
SKU-003,2025-12-15,21.0,219.75,1,4576.139999999999,Furniture,Sofas,134.33,267.95,2023-03-28
SKU-003,2025-12-22,58.0,244.34,1,13622.8,Furniture,Sofas,134.33,267.95,2023-03-28
SKU-003,2025-12-29,35.0,251.9,1,8717.31,Furniture,Sofas,134.33,267.95,2023-03-28
SKU-003,2026-01-05,20.0,267.95,0,5359.0,Furniture,Sofas,134.33,267.95,2023-03-28
SKU-003,2026-01-12,39.0,267.95,0,10450.05,Furniture,Sofas,134.33,267.95,2023-03-28
SKU-003,2026-01-19,18.0,267.95,0,5894.900000000001,Furniture,Sofas,134.33,267.95,2023-03-28
SKU-003,2026-01-26,42.0,267.95,0,11253.9,Furniture,Sofas,134.33,267.95,2023-03-28
SKU-003,2026-02-02,15.0,267.95,0,4019.25,Furniture,Sofas,134.33,267.95,2023-03-28
SKU-003,2026-02-09,34.0,267.95,0,9110.3,Furniture,Sofas,134.33,267.95,2023-03-28
SKU-003,2026-02-16,48.0,257.03000000000003,1,12151.8,Furniture,Sofas,134.33,267.95,2023-03-28
SKU-003,2026-02-23,15.0,267.95,0,4019.25,Furniture,Sofas,134.33,267.95,2023-03-28
SKU-003,2026-03-02,56.0,267.95,0,15005.2,Furniture,Sofas,134.33,267.95,2023-03-28
SKU-003,2026-03-09,28.0,267.95,0,7502.6,Furniture,Sofas,134.33,267.95,2023-03-28
SKU-003,2026-03-16,14.0,247.96499999999997,1,3431.54,Furniture,Sofas,134.33,267.95,2023-03-28
SKU-003,2026-03-23,20.0,267.95,0,5359.0,Furniture,Sofas,134.33,267.95,2023-03-28
SKU-003,2026-03-30,24.0,267.95,0,6430.8,Furniture,Sofas,134.33,267.95,2023-03-28
SKU-003,2026-04-06,38.0,267.95,0,10182.099999999999,Furniture,Sofas,134.33,267.95,2023-03-28
SKU-003,2026-04-13,54.0,267.95,0,14469.3,Furniture,Sofas,134.33,267.95,2023-03-28
SKU-003,2026-04-20,52.0,267.95,0,13933.4,Furniture,Sofas,134.33,267.95,2023-03-28
SKU-003,2026-04-27,54.0,267.95,0,14469.300000000001,Furniture,Sofas,134.33,267.95,2023-03-28
SKU-003,2026-05-04,25.0,267.95,0,6698.75,Furniture,Sofas,134.33,267.95,2023-03-28
SKU-003,2026-05-11,33.0,267.95,0,8842.35,Furniture,Sofas,134.33,267.95,2023-03-28
SKU-003,2026-05-18,44.0,267.95,0,11789.8,Furniture,Sofas,134.33,267.95,2023-03-28
SKU-003,2026-05-25,56.0,243.45857142857145,1,12871.74,Furniture,Sofas,134.33,267.95,2023-03-28
SKU-003,2026-06-01,23.0,267.95,0,6162.85,Furniture,Sofas,134.33,267.95,2023-03-28
SKU-003,2026-06-08,40.0,267.95,0,10718.0,Furniture,Sofas,134.33,267.95,2023-03-28
SKU-003,2026-06-15,11.0,267.95,0,2947.45,Furniture,Sofas,134.33,267.95,2023-03-28
SKU-003,2026-06-22,24.0,267.95,0,6430.8,Furniture,Sofas,134.33,267.95,2023-03-28
SKU-003,2026-06-29,28.0,247.97333333333333,1,6483.79,Furniture,Sofas,134.33,267.95,2023-03-28
SKU-003,2026-07-06,30.0,260.7075,1,7661.889999999999,Furniture,Sofas,134.33,267.95,2023-03-28
SKU-003,2026-07-13,44.0,267.95,0,11789.8,Furniture,Sofas,134.33,267.95,2023-03-28
SKU-003,2026-07-20,37.0,267.95,0,9914.15,Furniture,Sofas,134.33,267.95,2023-03-28
SKU-003,2026-07-27,30.0,267.95,0,8038.5,Furniture,Sofas,134.33,267.95,2023-03-28
SKU-003,2026-08-03,36.0,267.95,0,9646.2,Furniture,Sofas,134.33,267.95,2023-03-28
SKU-003,2026-08-10,65.0,219.754,1,14267.45,Furniture,Sofas,134.33,267.95,2023-03-28
SKU-003,2026-08-17,51.0,244.13199999999998,1,12190.3,Furniture,Sofas,134.33,267.95,2023-03-28
SKU-003,2026-08-24,38.0,267.95,0,10182.1,Furniture,Sofas,134.33,267.95,2023-03-28
SKU-003,2026-08-31,5.0,267.95,0,1339.75,Furniture,Sofas,134.33,267.95,2023-03-28
SKU-004,2024-01-01,16.0,355.18199999999996,1,5582.28,Furniture,Tables,186.61,380.34,2022-11-23
SKU-004,2024-01-08,7.0,380.34,0,2662.38,Furniture,Tables,186.61,380.34,2022-11-23
SKU-004,2024-01-15,12.0,380.34,0,4564.08,Furniture,Tables,186.61,380.34,2022-11-23
SKU-004,2024-01-22,9.0,380.34,0,3423.06,Furniture,Tables,186.61,380.34,2022-11-23
SKU-004,2024-01-29,12.0,380.34,0,4564.08,Furniture,Tables,186.61,380.34,2022-11-23
SKU-004,2024-02-05,7.0,380.34,0,2662.38,Furniture,Tables,186.61,380.34,2022-11-23
SKU-004,2024-02-12,9.0,348.1,1,3165.14,Furniture,Tables,186.61,380.34,2022-11-23
SKU-004,2024-02-19,11.0,363.024,1,3924.0,Furniture,Tables,186.61,380.34,2022-11-23
SKU-004,2024-02-26,13.0,380.34,0,4944.42,Furniture,Tables,186.61,380.34,2022-11-23
SKU-004,2024-03-04,14.0,380.34,0,5324.759999999999,Furniture,Tables,186.61,380.34,2022-11-23
SKU-004,2024-03-11,24.0,341.5233333333333,1,7790.84,Furniture,Tables,186.61,380.34,2022-11-23
SKU-004,2024-03-18,14.0,346.40000000000003,1,5331.3,Furniture,Tables,186.61,380.34,2022-11-23
SKU-004,2024-03-25,12.0,380.34,0,4564.08,Furniture,Tables,186.61,380.34,2022-11-23
SKU-004,2024-04-01,15.0,380.34,0,5705.1,Furniture,Tables,186.61,380.34,2022-11-23
SKU-004,2024-04-08,12.0,380.34,0,4564.08,Furniture,Tables,186.61,380.34,2022-11-23
SKU-004,2024-04-15,15.0,380.34,0,5705.1,Furniture,Tables,186.61,380.34,2022-11-23
SKU-004,2024-04-22,10.0,380.34,0,3803.3999999999996,Furniture,Tables,186.61,380.34,2022-11-23
SKU-004,2024-04-29,10.0,380.34,0,3803.3999999999996,Furniture,Tables,186.61,380.34,2022-11-23
SKU-004,2024-05-06,12.0,380.34,0,5324.76,Furniture,Tables,186.61,380.34,2022-11-23
SKU-004,2024-05-13,10.0,380.34,0,3803.3999999999996,Furniture,Tables,186.61,380.34,2022-11-23
SKU-004,2024-05-20,8.0,362.05999999999995,1,2768.52,Furniture,Tables,186.61,380.34,2022-11-23
SKU-004,2024-05-27,9.0,342.42499999999995,1,3043.91,Furniture,Tables,186.61,380.34,2022-11-23
SKU-004,2024-06-03,9.0,380.34,0,3423.06,Furniture,Tables,186.61,380.34,2022-11-23
SKU-004,2024-06-10,7.0,380.34,0,2662.38,Furniture,Tables,186.61,380.34,2022-11-23
SKU-004,2024-06-17,14.0,380.34,0,5324.76,Furniture,Tables,186.61,380.34,2022-11-23
SKU-004,2024-06-24,12.0,380.34,0,4564.08,Furniture,Tables,186.61,380.34,2022-11-23
SKU-004,2024-07-01,13.0,309.5466666666667,1,4066.44,Furniture,Tables,186.61,380.34,2022-11-23
SKU-004,2024-07-08,11.0,380.34,0,4183.74,Furniture,Tables,186.61,380.34,2022-11-23
SKU-004,2024-07-15,11.0,380.34,0,4183.74,Furniture,Tables,186.61,380.34,2022-11-23
SKU-004,2024-07-22,7.0,380.34,0,2662.38,Furniture,Tables,186.61,380.34,2022-11-23
SKU-004,2024-07-29,11.0,380.34,0,4183.74,Furniture,Tables,186.61,380.34,2022-11-23
SKU-004,2024-08-05,14.0,345.72799999999995,1,4804.04,Furniture,Tables,186.61,380.34,2022-11-23
SKU-004,2024-08-12,20.0,317.09833333333336,1,7267.28,Furniture,Tables,186.61,380.34,2022-11-23
SKU-004,2024-08-19,4.0,358.1266666666666,1,1388.08,Furniture,Tables,186.61,380.34,2022-11-23
SKU-004,2024-08-26,14.0,359.65749999999997,1,4911.11,Furniture,Tables,186.61,380.34,2022-11-23
SKU-004,2024-09-02,21.0,338.52,1,6906.48,Furniture,Tables,186.61,380.34,2022-11-23
SKU-004,2024-09-09,9.0,365.09,1,3148.56,Furniture,Tables,186.61,380.34,2022-11-23
SKU-004,2024-09-16,16.0,380.34,0,6085.4400000000005,Furniture,Tables,186.61,380.34,2022-11-23
SKU-004,2024-09-23,13.0,380.34,0,6846.12,Furniture,Tables,186.61,380.34,2022-11-23
SKU-004,2024-09-30,10.0,380.34,0,3803.4,Furniture,Tables,186.61,380.34,2022-11-23
SKU-004,2024-10-07,15.0,326.455,1,4948.79,Furniture,Tables,186.61,380.34,2022-11-23
SKU-004,2024-10-14,6.0,380.34,0,2282.04,Furniture,Tables,186.61,380.34,2022-11-23
SKU-004,2024-10-21,20.0,380.34,0,7606.8,Furniture,Tables,186.61,380.34,2022-11-23
SKU-004,2024-10-28,12.0,380.34,0,4564.08,Furniture,Tables,186.61,380.34,2022-11-23
SKU-004,2024-11-04,12.0,380.34,0,4564.08,Furniture,Tables,186.61,380.34,2022-11-23
SKU-004,2024-11-11,13.0,380.34,0,6085.44,Furniture,Tables,186.61,380.34,2022-11-23
SKU-004,2024-11-18,14.0,380.34,0,5324.759999999999,Furniture,Tables,186.61,380.34,2022-11-23
SKU-004,2024-11-25,18.0,338.2366666666667,1,6131.93,Furniture,Tables,186.61,380.34,2022-11-23
SKU-004,2024-12-02,5.0,380.34,0,2282.04,Furniture,Tables,186.61,380.34,2022-11-23
SKU-004,2024-12-09,13.0,373.52666666666664,1,4780.9,Furniture,Tables,186.61,380.34,2022-11-23
SKU-004,2024-12-16,19.0,313.828,1,5906.4,Furniture,Tables,186.61,380.34,2022-11-23
SKU-004,2024-12-23,7.0,358.03666666666663,1,2461.6499999999996,Furniture,Tables,186.61,380.34,2022-11-23
SKU-004,2024-12-30,10.0,357.066,1,3517.35,Furniture,Tables,186.61,380.34,2022-11-23
SKU-004,2025-01-06,14.0,380.34,0,5324.76,Furniture,Tables,186.61,380.34,2022-11-23
SKU-004,2025-01-13,13.0,380.34,0,4944.42,Furniture,Tables,186.61,380.34,2022-11-23
SKU-004,2025-01-20,8.0,380.34,0,3042.72,Furniture,Tables,186.61,380.34,2022-11-23
SKU-004,2025-01-27,7.0,380.34,0,2662.38,Furniture,Tables,186.61,380.34,2022-11-23
SKU-004,2025-02-03,17.0,380.34,0,7226.459999999999,Furniture,Tables,186.61,380.34,2022-11-23
SKU-004,2025-02-10,10.0,380.34,0,4564.08,Furniture,Tables,186.61,380.34,2022-11-23
SKU-004,2025-02-17,24.0,363.13999999999993,1,8698.3,Furniture,Tables,186.61,380.34,2022-11-23
SKU-004,2025-02-24,14.0,380.34,0,5705.099999999999,Furniture,Tables,186.61,380.34,2022-11-23
SKU-004,2025-03-03,13.0,380.34,0,4944.42,Furniture,Tables,186.61,380.34,2022-11-23
SKU-004,2025-03-10,25.0,353.08599999999996,1,8431.8,Furniture,Tables,186.61,380.34,2022-11-23
SKU-004,2025-03-17,25.0,335.224,1,8343.9,Furniture,Tables,186.61,380.34,2022-11-23
SKU-004,2025-03-24,8.0,380.34,0,3042.72,Furniture,Tables,186.61,380.34,2022-11-23
SKU-004,2025-03-31,19.0,380.34,0,7226.46,Furniture,Tables,186.61,380.34,2022-11-23
SKU-004,2025-04-07,16.0,380.34,0,6085.44,Furniture,Tables,186.61,380.34,2022-11-23
SKU-004,2025-04-14,13.0,380.34,0,4944.42,Furniture,Tables,186.61,380.34,2022-11-23
SKU-004,2025-04-21,18.0,380.34,0,6846.12,Furniture,Tables,186.61,380.34,2022-11-23
SKU-004,2025-04-28,20.0,380.34,0,7606.799999999999,Furniture,Tables,186.61,380.34,2022-11-23
SKU-004,2025-05-05,5.0,380.34,0,1901.6999999999998,Furniture,Tables,186.61,380.34,2022-11-23
SKU-004,2025-05-12,6.0,380.34,0,2282.04,Furniture,Tables,186.61,380.34,2022-11-23
SKU-004,2025-05-19,13.0,380.34,0,4944.42,Furniture,Tables,186.61,380.34,2022-11-23
SKU-004,2025-05-26,22.0,331.27,1,7097.77,Furniture,Tables,186.61,380.34,2022-11-23
SKU-004,2025-06-02,13.0,380.34,0,4944.42,Furniture,Tables,186.61,380.34,2022-11-23
SKU-004,2025-06-09,10.0,380.34,0,3803.3999999999996,Furniture,Tables,186.61,380.34,2022-11-23
SKU-004,2025-06-16,7.0,380.34,0,2662.38,Furniture,Tables,186.61,380.34,2022-11-23
SKU-004,2025-06-23,14.0,380.34,0,5324.76,Furniture,Tables,186.61,380.34,2022-11-23
SKU-004,2025-06-30,24.0,328.2183333333333,1,7893.2,Furniture,Tables,186.61,380.34,2022-11-23
SKU-004,2025-07-07,5.0,380.34,0,1901.7,Furniture,Tables,186.61,380.34,2022-11-23
SKU-004,2025-07-14,12.0,380.34,0,4564.08,Furniture,Tables,186.61,380.34,2022-11-23
SKU-004,2025-07-21,13.0,380.34,0,4944.42,Furniture,Tables,186.61,380.34,2022-11-23
SKU-004,2025-07-28,10.0,380.34,0,3803.3999999999996,Furniture,Tables,186.61,380.34,2022-11-23
SKU-004,2025-08-04,23.0,365.97666666666663,1,8230.74,Furniture,Tables,186.61,380.34,2022-11-23
SKU-004,2025-08-11,14.0,321.415,1,4556.650000000001,Furniture,Tables,186.61,380.34,2022-11-23
SKU-004,2025-08-18,21.0,358.838,1,7570.29,Furniture,Tables,186.61,380.34,2022-11-23
SKU-004,2025-08-25,4.0,380.34,0,1521.36,Furniture,Tables,186.61,380.34,2022-11-23
SKU-004,2025-09-01,16.0,366.48499999999996,1,5836.05,Furniture,Tables,186.61,380.34,2022-11-23
SKU-004,2025-09-08,15.0,371.93,1,5604.179999999999,Furniture,Tables,186.61,380.34,2022-11-23
SKU-004,2025-09-15,16.0,380.34,0,6085.44,Furniture,Tables,186.61,380.34,2022-11-23
SKU-004,2025-09-22,19.0,380.34,0,8367.48,Furniture,Tables,186.61,380.34,2022-11-23
SKU-004,2025-09-29,13.0,380.34,0,6085.44,Furniture,Tables,186.61,380.34,2022-11-23
SKU-004,2025-10-06,28.0,351.44166666666666,1,9784.69,Furniture,Tables,186.61,380.34,2022-11-23
SKU-004,2025-10-13,24.0,346.262,1,7948.2,Furniture,Tables,186.61,380.34,2022-11-23
SKU-004,2025-10-20,9.0,380.34,0,4183.74,Furniture,Tables,186.61,380.34,2022-11-23
SKU-004,2025-10-27,16.0,380.34,0,6085.4400000000005,Furniture,Tables,186.61,380.34,2022-11-23
SKU-004,2025-11-03,14.0,380.34,0,5324.76,Furniture,Tables,186.61,380.34,2022-11-23
SKU-004,2025-11-10,8.0,380.34,0,3042.72,Furniture,Tables,186.61,380.34,2022-11-23
SKU-004,2025-11-17,11.0,380.34,0,4183.74,Furniture,Tables,186.61,380.34,2022-11-23
SKU-004,2025-11-24,17.0,312.165,1,5336.95,Furniture,Tables,186.61,380.34,2022-11-23
SKU-004,2025-12-01,5.0,380.34,0,1901.6999999999998,Furniture,Tables,186.61,380.34,2022-11-23
SKU-004,2025-12-08,12.0,380.34,0,4564.08,Furniture,Tables,186.61,380.34,2022-11-23
SKU-004,2025-12-15,23.0,317.4116666666667,1,7430.33,Furniture,Tables,186.61,380.34,2022-11-23
SKU-004,2025-12-22,20.0,323.98749999999995,1,6273.05,Furniture,Tables,186.61,380.34,2022-11-23
SKU-004,2025-12-29,8.0,362.4325,1,2971.09,Furniture,Tables,186.61,380.34,2022-11-23
SKU-004,2026-01-05,21.0,380.34,0,7987.139999999999,Furniture,Tables,186.61,380.34,2022-11-23
SKU-004,2026-01-12,17.0,380.34,0,6465.78,Furniture,Tables,186.61,380.34,2022-11-23
SKU-004,2026-01-19,6.0,380.34,0,2282.04,Furniture,Tables,186.61,380.34,2022-11-23
SKU-004,2026-01-26,15.0,380.34,0,5705.099999999999,Furniture,Tables,186.61,380.34,2022-11-23
SKU-004,2026-02-02,20.0,380.34,0,7606.799999999999,Furniture,Tables,186.61,380.34,2022-11-23
SKU-004,2026-02-09,5.0,380.34,0,1901.6999999999998,Furniture,Tables,186.61,380.34,2022-11-23
SKU-004,2026-02-16,10.0,358.45799999999997,1,4222.5199999999995,Furniture,Tables,186.61,380.34,2022-11-23
SKU-004,2026-02-23,8.0,380.34,0,3042.72,Furniture,Tables,186.61,380.34,2022-11-23
SKU-004,2026-03-02,17.0,380.34,0,6465.78,Furniture,Tables,186.61,380.34,2022-11-23
SKU-004,2026-03-09,23.0,380.34,0,8747.82,Furniture,Tables,186.61,380.34,2022-11-23
SKU-004,2026-03-16,35.0,318.9533333333333,1,11024.24,Furniture,Tables,186.61,380.34,2022-11-23
SKU-004,2026-03-23,12.0,380.34,0,4564.08,Furniture,Tables,186.61,380.34,2022-11-23
SKU-004,2026-03-30,20.0,380.34,0,7606.8,Furniture,Tables,186.61,380.34,2022-11-23
SKU-004,2026-04-06,11.0,380.34,0,4183.74,Furniture,Tables,186.61,380.34,2022-11-23
SKU-004,2026-04-13,20.0,380.34,0,7606.799999999999,Furniture,Tables,186.61,380.34,2022-11-23
SKU-004,2026-04-20,19.0,380.34,0,7226.46,Furniture,Tables,186.61,380.34,2022-11-23
SKU-004,2026-04-27,20.0,380.34,0,7606.8,Furniture,Tables,186.61,380.34,2022-11-23
SKU-004,2026-05-04,7.0,380.34,0,3042.72,Furniture,Tables,186.61,380.34,2022-11-23
SKU-004,2026-05-11,12.0,380.34,0,4564.08,Furniture,Tables,186.61,380.34,2022-11-23
SKU-004,2026-05-18,9.0,380.34,0,3423.0599999999995,Furniture,Tables,186.61,380.34,2022-11-23
SKU-004,2026-05-25,26.0,332.816,1,8335.88,Furniture,Tables,186.61,380.34,2022-11-23
SKU-004,2026-06-01,6.0,380.34,0,2282.04,Furniture,Tables,186.61,380.34,2022-11-23
SKU-004,2026-06-08,9.0,380.34,0,3423.06,Furniture,Tables,186.61,380.34,2022-11-23
SKU-004,2026-06-15,7.0,380.34,0,3042.7200000000003,Furniture,Tables,186.61,380.34,2022-11-23
SKU-004,2026-06-22,11.0,380.34,0,4183.74,Furniture,Tables,186.61,380.34,2022-11-23
SKU-004,2026-06-29,17.0,322.892,1,5403.5199999999995,Furniture,Tables,186.61,380.34,2022-11-23
SKU-004,2026-07-06,13.0,342.5333333333333,1,4343.18,Furniture,Tables,186.61,380.34,2022-11-23
SKU-004,2026-07-13,13.0,380.34,0,4944.42,Furniture,Tables,186.61,380.34,2022-11-23
SKU-004,2026-07-20,13.0,380.34,0,4944.42,Furniture,Tables,186.61,380.34,2022-11-23
SKU-004,2026-07-27,15.0,380.34,0,5705.099999999999,Furniture,Tables,186.61,380.34,2022-11-23
SKU-004,2026-08-03,3.0,380.34,0,1141.02,Furniture,Tables,186.61,380.34,2022-11-23
SKU-004,2026-08-10,31.0,314.60714285714283,1,9791.5,Furniture,Tables,186.61,380.34,2022-11-23
SKU-004,2026-08-17,15.0,354.698,1,5112.52,Furniture,Tables,186.61,380.34,2022-11-23
SKU-004,2026-08-24,16.0,380.34,0,6085.44,Furniture,Tables,186.61,380.34,2022-11-23
SKU-004,2026-08-31,1.0,380.34,0,380.34,Furniture,Tables,186.61,380.34,2022-11-23
SKU-005,2024-01-01,24.0,458.90200000000004,1,10870.56,Furniture,Chairs,241.01,490.6,2023-03-17
SKU-005,2024-01-08,6.0,490.6,0,2943.6000000000004,Furniture,Chairs,241.01,490.6,2023-03-17
SKU-005,2024-01-15,8.0,490.6,0,3924.7999999999997,Furniture,Chairs,241.01,490.6,2023-03-17
SKU-005,2024-01-22,14.0,490.6000000000001,0,6868.4,Furniture,Chairs,241.01,490.6,2023-03-17
SKU-005,2024-01-29,3.0,490.6,0,1471.8000000000002,Furniture,Chairs,241.01,490.6,2023-03-17
SKU-005,2024-02-05,13.0,490.6,0,6377.8,Furniture,Chairs,241.01,490.6,2023-03-17
SKU-005,2024-02-12,18.0,424.91499999999996,1,7788.139999999999,Furniture,Chairs,241.01,490.6,2023-03-17
SKU-005,2024-02-19,17.0,490.6,0,8340.2,Furniture,Chairs,241.01,490.6,2023-03-17
SKU-005,2024-02-26,6.0,490.6000000000001,0,2943.6,Furniture,Chairs,241.01,490.6,2023-03-17
SKU-005,2024-03-04,23.0,490.6000000000001,0,11283.8,Furniture,Chairs,241.01,490.6,2023-03-17
SKU-005,2024-03-11,21.0,455.258,1,9300.98,Furniture,Chairs,241.01,490.6,2023-03-17
SKU-005,2024-03-18,19.0,435.27666666666664,1,8076.01,Furniture,Chairs,241.01,490.6,2023-03-17
SKU-005,2024-03-25,11.0,490.6000000000001,0,5396.6,Furniture,Chairs,241.01,490.6,2023-03-17
SKU-005,2024-04-01,14.0,490.6,0,6868.4,Furniture,Chairs,241.01,490.6,2023-03-17
SKU-005,2024-04-08,17.0,490.6000000000001,0,8340.2,Furniture,Chairs,241.01,490.6,2023-03-17
SKU-005,2024-04-15,8.0,490.6,0,3924.8,Furniture,Chairs,241.01,490.6,2023-03-17
SKU-005,2024-04-22,14.0,490.6000000000001,0,6868.4,Furniture,Chairs,241.01,490.6,2023-03-17
SKU-005,2024-04-29,18.0,490.6,0,8830.8,Furniture,Chairs,241.01,490.6,2023-03-17
SKU-005,2024-05-06,7.0,490.6,0,3434.2,Furniture,Chairs,241.01,490.6,2023-03-17
SKU-005,2024-05-13,12.0,490.6,0,5887.2,Furniture,Chairs,241.01,490.6,2023-03-17
SKU-005,2024-05-20,11.0,476.89750000000004,1,5177.360000000001,Furniture,Chairs,241.01,490.6,2023-03-17
SKU-005,2024-05-27,2.0,490.6000000000001,0,981.2,Furniture,Chairs,241.01,490.6,2023-03-17
SKU-005,2024-06-03,9.0,490.6,0,5396.6,Furniture,Chairs,241.01,490.6,2023-03-17
SKU-005,2024-06-10,9.0,490.6,0,4415.4,Furniture,Chairs,241.01,490.6,2023-03-17
SKU-005,2024-06-17,3.0,490.6,0,1471.8000000000002,Furniture,Chairs,241.01,490.6,2023-03-17
SKU-005,2024-06-24,9.0,490.6,0,4415.400000000001,Furniture,Chairs,241.01,490.6,2023-03-17
SKU-005,2024-07-01,28.0,396.4916666666666,1,11001.87,Furniture,Chairs,241.01,490.6,2023-03-17
SKU-005,2024-07-08,14.0,490.6,0,6868.4,Furniture,Chairs,241.01,490.6,2023-03-17
SKU-005,2024-07-15,14.0,490.6,0,6868.400000000001,Furniture,Chairs,241.01,490.6,2023-03-17
SKU-005,2024-07-22,12.0,490.6,0,5887.2,Furniture,Chairs,241.01,490.6,2023-03-17
SKU-005,2024-07-29,15.0,490.6000000000001,0,7359.0,Furniture,Chairs,241.01,490.6,2023-03-17
SKU-005,2024-08-05,19.0,457.75666666666666,1,8416.72,Furniture,Chairs,241.01,490.6,2023-03-17
SKU-005,2024-08-12,11.0,394.99,1,4312.59,Furniture,Chairs,241.01,490.6,2023-03-17
SKU-005,2024-08-19,19.0,467.2283333333333,1,8620.25,Furniture,Chairs,241.01,490.6,2023-03-17
SKU-005,2024-08-26,9.0,490.6000000000001,0,4415.4,Furniture,Chairs,241.01,490.6,2023-03-17
SKU-005,2024-09-02,9.0,432.1375,1,3774.36,Furniture,Chairs,241.01,490.6,2023-03-17
SKU-005,2024-09-09,16.0,477.37600000000003,1,7651.24,Furniture,Chairs,241.01,490.6,2023-03-17
SKU-005,2024-09-16,16.0,490.6,0,7849.6,Furniture,Chairs,241.01,490.6,2023-03-17
SKU-005,2024-09-23,9.0,490.6,0,4415.4,Furniture,Chairs,241.01,490.6,2023-03-17
SKU-005,2024-09-30,7.0,490.6000000000001,0,3434.2000000000003,Furniture,Chairs,241.01,490.6,2023-03-17
SKU-005,2024-10-07,15.0,434.59400000000005,1,6305.93,Furniture,Chairs,241.01,490.6,2023-03-17
SKU-005,2024-10-14,14.0,456.5,1,6106.28,Furniture,Chairs,241.01,490.6,2023-03-17
SKU-005,2024-10-21,16.0,490.6,0,7849.6,Furniture,Chairs,241.01,490.6,2023-03-17
SKU-005,2024-10-28,5.0,490.6000000000001,0,2453.0,Furniture,Chairs,241.01,490.6,2023-03-17
SKU-005,2024-11-04,8.0,490.6,0,5887.2,Furniture,Chairs,241.01,490.6,2023-03-17
SKU-005,2024-11-11,14.0,490.6,0,6868.400000000001,Furniture,Chairs,241.01,490.6,2023-03-17
SKU-005,2024-11-18,14.0,477.8175,1,6561.620000000001,Furniture,Chairs,241.01,490.6,2023-03-17
SKU-005,2024-11-25,11.0,418.4475,1,4481.06,Furniture,Chairs,241.01,490.6,2023-03-17
SKU-005,2024-12-02,4.0,490.6000000000001,0,3924.8,Furniture,Chairs,241.01,490.6,2023-03-17
SKU-005,2024-12-09,14.0,474.746,1,6472.05,Furniture,Chairs,241.01,490.6,2023-03-17
SKU-005,2024-12-16,16.0,400.57,1,6442.55,Furniture,Chairs,241.01,490.6,2023-03-17
SKU-005,2024-12-23,14.0,438.8475,1,5811.4400000000005,Furniture,Chairs,241.01,490.6,2023-03-17
SKU-005,2024-12-30,5.0,379.08,1,1895.4,Furniture,Chairs,241.01,490.6,2023-03-17
SKU-005,2025-01-06,6.0,490.6,0,2943.6,Furniture,Chairs,241.01,490.6,2023-03-17
SKU-005,2025-01-13,15.0,490.6000000000001,0,7359.0,Furniture,Chairs,241.01,490.6,2023-03-17
SKU-005,2025-01-20,9.0,490.6,0,4415.4,Furniture,Chairs,241.01,490.6,2023-03-17
SKU-005,2025-01-27,9.0,490.6,0,4415.4,Furniture,Chairs,241.01,490.6,2023-03-17
SKU-005,2025-02-03,18.0,490.6,0,8830.8,Furniture,Chairs,241.01,490.6,2023-03-17
SKU-005,2025-02-10,7.0,490.6000000000001,0,3434.2,Furniture,Chairs,241.01,490.6,2023-03-17
SKU-005,2025-02-17,12.0,460.98400000000004,1,5337.6,Furniture,Chairs,241.01,490.6,2023-03-17
SKU-005,2025-02-24,11.0,490.6,0,5396.6,Furniture,Chairs,241.01,490.6,2023-03-17
SKU-005,2025-03-03,19.0,490.6,0,9321.4,Furniture,Chairs,241.01,490.6,2023-03-17
SKU-005,2025-03-10,11.0,490.6,0,5396.6,Furniture,Chairs,241.01,490.6,2023-03-17
SKU-005,2025-03-17,11.0,468.74,1,5068.7,Furniture,Chairs,241.01,490.6,2023-03-17
SKU-005,2025-03-24,16.0,490.6,0,7849.6,Furniture,Chairs,241.01,490.6,2023-03-17
SKU-005,2025-03-31,8.0,490.6000000000001,0,3924.8,Furniture,Chairs,241.01,490.6,2023-03-17
SKU-005,2025-04-07,15.0,490.6000000000001,0,7359.0,Furniture,Chairs,241.01,490.6,2023-03-17
SKU-005,2025-04-14,21.0,490.6000000000001,0,10302.6,Furniture,Chairs,241.01,490.6,2023-03-17
SKU-005,2025-04-21,11.0,490.6000000000001,0,5396.6,Furniture,Chairs,241.01,490.6,2023-03-17
SKU-005,2025-04-28,7.0,490.6,0,3434.2,Furniture,Chairs,241.01,490.6,2023-03-17
SKU-005,2025-05-05,17.0,490.6000000000001,0,8340.2,Furniture,Chairs,241.01,490.6,2023-03-17
SKU-005,2025-05-12,16.0,490.6000000000001,0,7849.6,Furniture,Chairs,241.01,490.6,2023-03-17
SKU-005,2025-05-19,21.0,472.0366666666667,1,9634.32,Furniture,Chairs,241.01,490.6,2023-03-17
SKU-005,2025-05-26,14.0,446.8733333333333,1,6180.280000000001,Furniture,Chairs,241.01,490.6,2023-03-17
SKU-005,2025-06-02,8.0,490.6000000000001,0,3924.8,Furniture,Chairs,241.01,490.6,2023-03-17
SKU-005,2025-06-09,12.0,490.6,0,5887.2,Furniture,Chairs,241.01,490.6,2023-03-17
SKU-005,2025-06-16,9.0,490.6000000000001,0,4415.4,Furniture,Chairs,241.01,490.6,2023-03-17
SKU-005,2025-06-23,11.0,490.6000000000001,0,5396.6,Furniture,Chairs,241.01,490.6,2023-03-17
SKU-005,2025-06-30,15.0,413.98,1,6023.75,Furniture,Chairs,241.01,490.6,2023-03-17
SKU-005,2025-07-07,14.0,490.6000000000001,0,6868.4,Furniture,Chairs,241.01,490.6,2023-03-17
SKU-005,2025-07-14,17.0,490.6,0,8340.199999999999,Furniture,Chairs,241.01,490.6,2023-03-17
SKU-005,2025-07-21,12.0,490.6,0,6868.400000000001,Furniture,Chairs,241.01,490.6,2023-03-17
SKU-005,2025-07-28,4.0,490.6,0,3924.8,Furniture,Chairs,241.01,490.6,2023-03-17
SKU-005,2025-08-04,12.0,476.21250000000003,1,5714.55,Furniture,Chairs,241.01,490.6,2023-03-17
SKU-005,2025-08-11,19.0,393.604,1,7487.9400000000005,Furniture,Chairs,241.01,490.6,2023-03-17
SKU-005,2025-08-18,11.0,468.4216666666667,1,5130.46,Furniture,Chairs,241.01,490.6,2023-03-17
SKU-005,2025-08-25,6.0,490.6000000000001,0,2943.6,Furniture,Chairs,241.01,490.6,2023-03-17
SKU-005,2025-09-01,19.0,462.26,1,8641.24,Furniture,Chairs,241.01,490.6,2023-03-17
SKU-005,2025-09-08,9.0,458.46000000000004,1,4158.28,Furniture,Chairs,241.01,490.6,2023-03-17
SKU-005,2025-09-15,18.0,490.6,0,8830.8,Furniture,Chairs,241.01,490.6,2023-03-17
SKU-005,2025-09-22,10.0,490.6,0,4906.0,Furniture,Chairs,241.01,490.6,2023-03-17
SKU-005,2025-09-29,7.0,490.6000000000001,0,3434.2,Furniture,Chairs,241.01,490.6,2023-03-17
SKU-005,2025-10-06,10.0,440.29333333333335,1,4423.08,Furniture,Chairs,241.01,490.6,2023-03-17
SKU-005,2025-10-13,11.0,473.50666666666666,1,5191.48,Furniture,Chairs,241.01,490.6,2023-03-17
SKU-005,2025-10-20,5.0,490.6000000000001,0,2453.0,Furniture,Chairs,241.01,490.6,2023-03-17
SKU-005,2025-10-27,10.0,490.6,0,4906.0,Furniture,Chairs,241.01,490.6,2023-03-17
SKU-005,2025-11-03,14.0,490.6,0,6868.4,Furniture,Chairs,241.01,490.6,2023-03-17
SKU-005,2025-11-10,3.0,490.6,0,1471.8000000000002,Furniture,Chairs,241.01,490.6,2023-03-17
SKU-005,2025-11-17,15.0,490.6,0,7359.0,Furniture,Chairs,241.01,490.6,2023-03-17
SKU-005,2025-11-24,17.0,403.38000000000005,1,6981.76,Furniture,Chairs,241.01,490.6,2023-03-17
SKU-005,2025-12-01,11.0,490.6,0,5396.6,Furniture,Chairs,241.01,490.6,2023-03-17
SKU-005,2025-12-08,11.0,490.6,0,5396.6,Furniture,Chairs,241.01,490.6,2023-03-17
SKU-005,2025-12-15,21.0,420.65333333333336,1,8759.02,Furniture,Chairs,241.01,490.6,2023-03-17
SKU-005,2025-12-22,8.0,456.2066666666667,1,3718.44,Furniture,Chairs,241.01,490.6,2023-03-17
SKU-005,2025-12-29,6.0,459.93,1,2636.9,Furniture,Chairs,241.01,490.6,2023-03-17
SKU-005,2026-01-05,10.0,490.6,0,5396.6,Furniture,Chairs,241.01,490.6,2023-03-17
SKU-005,2026-01-12,5.0,490.6,0,2453.0,Furniture,Chairs,241.01,490.6,2023-03-17
SKU-005,2026-01-19,14.0,490.6,0,6868.400000000001,Furniture,Chairs,241.01,490.6,2023-03-17
SKU-005,2026-01-26,16.0,490.6000000000001,0,7849.6,Furniture,Chairs,241.01,490.6,2023-03-17
SKU-005,2026-02-02,13.0,490.6,0,6377.8,Furniture,Chairs,241.01,490.6,2023-03-17
SKU-005,2026-02-09,10.0,490.6,0,4906.0,Furniture,Chairs,241.01,490.6,2023-03-17
SKU-005,2026-02-16,20.0,475.02833333333336,1,9531.710000000001,Furniture,Chairs,241.01,490.6,2023-03-17
SKU-005,2026-02-23,11.0,490.6,0,5396.6,Furniture,Chairs,241.01,490.6,2023-03-17
SKU-005,2026-03-02,3.0,490.6,0,1471.8,Furniture,Chairs,241.01,490.6,2023-03-17
SKU-005,2026-03-09,4.0,490.6,0,1962.4,Furniture,Chairs,241.01,490.6,2023-03-17
SKU-005,2026-03-16,28.0,423.916,1,11512.1,Furniture,Chairs,241.01,490.6,2023-03-17
SKU-005,2026-03-23,19.0,490.6,0,9321.4,Furniture,Chairs,241.01,490.6,2023-03-17
SKU-005,2026-03-30,14.0,490.6,0,6868.4,Furniture,Chairs,241.01,490.6,2023-03-17
SKU-005,2026-04-06,10.0,490.6,0,4906.0,Furniture,Chairs,241.01,490.6,2023-03-17
SKU-005,2026-04-13,10.0,490.6,0,4906.0,Furniture,Chairs,241.01,490.6,2023-03-17
SKU-005,2026-04-20,1.0,490.6,0,490.6,Furniture,Chairs,241.01,490.6,2023-03-17
SKU-005,2026-04-27,11.0,490.6,0,5396.6,Furniture,Chairs,241.01,490.6,2023-03-17
SKU-005,2026-05-04,5.0,490.6000000000001,0,2453.0,Furniture,Chairs,241.01,490.6,2023-03-17
SKU-005,2026-05-11,10.0,490.6000000000001,0,4906.0,Furniture,Chairs,241.01,490.6,2023-03-17
SKU-005,2026-05-18,11.0,470.355,1,5072.68,Furniture,Chairs,241.01,490.6,2023-03-17
SKU-005,2026-05-25,15.0,477.79400000000004,1,6910.79,Furniture,Chairs,241.01,490.6,2023-03-17
SKU-005,2026-06-01,12.0,490.6,0,5887.2,Furniture,Chairs,241.01,490.6,2023-03-17
SKU-005,2026-06-08,17.0,490.6,0,8340.2,Furniture,Chairs,241.01,490.6,2023-03-17
SKU-005,2026-06-15,11.0,490.6,0,5396.6,Furniture,Chairs,241.01,490.6,2023-03-17
SKU-005,2026-06-22,12.0,490.6,0,5887.2,Furniture,Chairs,241.01,490.6,2023-03-17
SKU-005,2026-06-29,8.0,424.6566666666667,1,3177.63,Furniture,Chairs,241.01,490.6,2023-03-17
SKU-005,2026-07-06,16.0,463.97333333333336,1,7317.52,Furniture,Chairs,241.01,490.6,2023-03-17
SKU-005,2026-07-13,11.0,490.6,0,5396.6,Furniture,Chairs,241.01,490.6,2023-03-17
SKU-005,2026-07-20,14.0,490.6000000000001,0,7359.0,Furniture,Chairs,241.01,490.6,2023-03-17
SKU-005,2026-07-27,8.0,490.6,0,3924.8,Furniture,Chairs,241.01,490.6,2023-03-17
SKU-005,2026-08-03,4.0,490.6,0,1962.4,Furniture,Chairs,241.01,490.6,2023-03-17
SKU-005,2026-08-10,14.0,388.895,1,5437.1,Furniture,Chairs,241.01,490.6,2023-03-17
SKU-005,2026-08-17,15.0,413.634,1,6008.08,Furniture,Chairs,241.01,490.6,2023-03-17
SKU-005,2026-08-24,18.0,490.6,0,8830.8,Furniture,Chairs,241.01,490.6,2023-03-17
SKU-005,2026-08-31,1.0,490.6,0,490.6,Furniture,Chairs,241.01,490.6,2023-03-17
SKU-006,2024-02-19,74.0,140.04000000000002,1,9993.16,Furniture,Tables,60.31,144.34,2024-02-18
SKU-006,2024-02-26,36.0,144.34,0,7361.34,Furniture,Tables,60.31,144.34,2024-02-18
SKU-006,2024-03-04,26.0,144.34,0,3752.84,Furniture,Tables,60.31,144.34,2024-02-18
SKU-006,2024-03-11,94.0,134.84285714285713,1,16004.25,Furniture,Tables,60.31,144.34,2024-02-18
SKU-006,2024-03-18,107.0,135.08166666666668,1,14373.44,Furniture,Tables,60.31,144.34,2024-02-18
SKU-006,2024-03-25,22.0,144.34,0,3175.48,Furniture,Tables,60.31,144.34,2024-02-18
SKU-006,2024-04-01,54.0,144.34,0,7794.360000000001,Furniture,Tables,60.31,144.34,2024-02-18
SKU-006,2024-04-08,72.0,144.34,0,10392.48,Furniture,Tables,60.31,144.34,2024-02-18
SKU-006,2024-04-15,54.0,144.34,0,7794.360000000001,Furniture,Tables,60.31,144.34,2024-02-18
SKU-006,2024-04-22,48.0,144.34,0,6928.32,Furniture,Tables,60.31,144.34,2024-02-18
SKU-006,2024-04-29,47.0,144.34,0,6783.98,Furniture,Tables,60.31,144.34,2024-02-18
SKU-006,2024-05-06,42.0,144.34,0,6062.28,Furniture,Tables,60.31,144.34,2024-02-18
SKU-006,2024-05-13,42.0,144.34,0,6062.28,Furniture,Tables,60.31,144.34,2024-02-18
SKU-006,2024-05-20,63.0,141.50666666666666,1,8838.42,Furniture,Tables,60.31,144.34,2024-02-18
SKU-006,2024-05-27,64.0,139.53000000000003,1,8684.61,Furniture,Tables,60.31,144.34,2024-02-18
SKU-006,2024-06-03,41.0,144.34,0,5917.9400000000005,Furniture,Tables,60.31,144.34,2024-02-18
SKU-006,2024-06-10,46.0,144.34,0,6639.639999999999,Furniture,Tables,60.31,144.34,2024-02-18
SKU-006,2024-06-17,60.0,144.34,0,8660.4,Furniture,Tables,60.31,144.34,2024-02-18
SKU-006,2024-06-24,38.0,144.34,0,5484.92,Furniture,Tables,60.31,144.34,2024-02-18
SKU-006,2024-07-01,41.0,123.03000000000002,1,5069.41,Furniture,Tables,60.31,144.34,2024-02-18
SKU-006,2024-07-08,38.0,144.34,0,5484.92,Furniture,Tables,60.31,144.34,2024-02-18
SKU-006,2024-07-15,66.0,144.34,0,9526.44,Furniture,Tables,60.31,144.34,2024-02-18
SKU-006,2024-07-22,62.0,144.34,0,8949.08,Furniture,Tables,60.31,144.34,2024-02-18
SKU-006,2024-07-29,39.0,144.34,0,5629.26,Furniture,Tables,60.31,144.34,2024-02-18
SKU-006,2024-08-05,46.0,139.37,1,6251.98,Furniture,Tables,60.31,144.34,2024-02-18
SKU-006,2024-08-12,98.0,123.734,1,12066.04,Furniture,Tables,60.31,144.34,2024-02-18
SKU-006,2024-08-19,60.0,140.52,1,8412.1,Furniture,Tables,60.31,144.34,2024-02-18
SKU-006,2024-08-26,91.0,138.59333333333333,1,12100.54,Furniture,Tables,60.31,144.34,2024-02-18
SKU-006,2024-09-02,107.0,128.15333333333334,1,13422.48,Furniture,Tables,60.31,144.34,2024-02-18
SKU-006,2024-09-09,67.0,139.252,1,8933.02,Furniture,Tables,60.31,144.34,2024-02-18
SKU-006,2024-09-16,82.0,144.34,0,11835.880000000001,Furniture,Tables,60.31,144.34,2024-02-18
SKU-006,2024-09-23,65.0,144.34,0,9382.1,Furniture,Tables,60.31,144.34,2024-02-18
SKU-006,2024-09-30,45.0,144.34,0,6495.3,Furniture,Tables,60.31,144.34,2024-02-18
SKU-006,2024-10-07,72.0,124.185,1,8623.82,Furniture,Tables,60.31,144.34,2024-02-18
SKU-006,2024-10-14,34.0,144.34,0,4907.5599999999995,Furniture,Tables,60.31,144.34,2024-02-18
SKU-006,2024-10-21,78.0,144.34,0,11258.52,Furniture,Tables,60.31,144.34,2024-02-18
SKU-006,2024-10-28,55.0,144.34,0,7938.7,Furniture,Tables,60.31,144.34,2024-02-18
SKU-006,2024-11-04,41.0,144.34,0,5917.9400000000005,Furniture,Tables,60.31,144.34,2024-02-18
SKU-006,2024-11-11,50.0,144.34,0,7217.0,Furniture,Tables,60.31,144.34,2024-02-18
SKU-006,2024-11-18,91.0,136.45857142857145,1,12074.4,Furniture,Tables,60.31,144.34,2024-02-18
SKU-006,2024-11-25,55.0,127.07000000000001,1,6854.86,Furniture,Tables,60.31,144.34,2024-02-18
SKU-006,2024-12-02,72.0,144.34,0,10392.48,Furniture,Tables,60.31,144.34,2024-02-18
SKU-006,2024-12-09,69.0,139.26600000000002,1,9477.43,Furniture,Tables,60.31,144.34,2024-02-18
SKU-006,2024-12-16,58.0,125.89333333333333,1,7301.63,Furniture,Tables,60.31,144.34,2024-02-18
SKU-006,2024-12-23,71.0,136.61833333333334,1,11792.32,Furniture,Tables,60.31,144.34,2024-02-18
SKU-006,2024-12-30,45.0,129.2175,1,5489.25,Furniture,Tables,60.31,144.34,2024-02-18
SKU-006,2025-01-06,50.0,144.34,0,7217.0,Furniture,Tables,60.31,144.34,2024-02-18
SKU-006,2025-01-13,55.0,144.34,0,7938.700000000001,Furniture,Tables,60.31,144.34,2024-02-18
SKU-006,2025-01-20,28.0,144.34,0,4041.52,Furniture,Tables,60.31,144.34,2024-02-18
SKU-006,2025-01-27,14.0,144.34,0,2020.76,Furniture,Tables,60.31,144.34,2024-02-18
SKU-006,2025-02-03,64.0,144.34,0,9237.76,Furniture,Tables,60.31,144.34,2024-02-18
SKU-006,2025-02-10,52.0,144.34,0,7505.68,Furniture,Tables,60.31,144.34,2024-02-18
SKU-006,2025-02-17,70.0,130.45499999999998,1,8972.18,Furniture,Tables,60.31,144.34,2024-02-18
SKU-006,2025-02-24,33.0,144.34,0,4763.22,Furniture,Tables,60.31,144.34,2024-02-18
SKU-006,2025-03-03,43.0,144.34,0,8227.380000000001,Furniture,Tables,60.31,144.34,2024-02-18
SKU-006,2025-03-10,36.0,129.56666666666666,1,4531.4400000000005,Furniture,Tables,60.31,144.34,2024-02-18
SKU-006,2025-03-17,68.0,129.01333333333335,1,8667.26,Furniture,Tables,60.31,144.34,2024-02-18
SKU-006,2025-03-24,79.0,144.34,0,11402.86,Furniture,Tables,60.31,144.34,2024-02-18
SKU-006,2025-03-31,62.0,144.34,0,8949.08,Furniture,Tables,60.31,144.34,2024-02-18
SKU-006,2025-04-07,75.0,144.34,0,14000.98,Furniture,Tables,60.31,144.34,2024-02-18
SKU-006,2025-04-14,71.0,144.34,0,10248.14,Furniture,Tables,60.31,144.34,2024-02-18
SKU-006,2025-04-21,75.0,144.34,0,10825.5,Furniture,Tables,60.31,144.34,2024-02-18
SKU-006,2025-04-28,31.0,144.34,0,5917.9400000000005,Furniture,Tables,60.31,144.34,2024-02-18
SKU-006,2025-05-05,14.0,144.34,0,2020.76,Furniture,Tables,60.31,144.34,2024-02-18
SKU-006,2025-05-12,19.0,144.34,0,2742.46,Furniture,Tables,60.31,144.34,2024-02-18
SKU-006,2025-05-19,62.0,139.488,1,8415.36,Furniture,Tables,60.31,144.34,2024-02-18
SKU-006,2025-05-26,99.0,125.53999999999999,1,13308.5,Furniture,Tables,60.31,144.34,2024-02-18
SKU-006,2025-06-02,35.0,144.34,0,5051.9,Furniture,Tables,60.31,144.34,2024-02-18
SKU-006,2025-06-09,64.0,144.34,0,9237.76,Furniture,Tables,60.31,144.34,2024-02-18
SKU-006,2025-06-16,75.0,144.34,0,10825.5,Furniture,Tables,60.31,144.34,2024-02-18
SKU-006,2025-06-23,30.0,144.34,0,4330.2,Furniture,Tables,60.31,144.34,2024-02-18
SKU-006,2025-06-30,73.0,118.0175,1,8560.79,Furniture,Tables,60.31,144.34,2024-02-18
SKU-006,2025-07-07,60.0,144.34,0,8660.4,Furniture,Tables,60.31,144.34,2024-02-18
SKU-006,2025-07-14,45.0,144.34,0,6495.3,Furniture,Tables,60.31,144.34,2024-02-18
SKU-006,2025-07-21,37.0,144.34,0,5340.58,Furniture,Tables,60.31,144.34,2024-02-18
SKU-006,2025-07-28,58.0,144.34,0,8371.72,Furniture,Tables,60.31,144.34,2024-02-18
SKU-006,2025-08-04,28.0,144.34,0,4041.5200000000004,Furniture,Tables,60.31,144.34,2024-02-18
SKU-006,2025-08-11,84.0,117.49166666666667,1,11592.9,Furniture,Tables,60.31,144.34,2024-02-18
SKU-006,2025-08-18,87.0,135.70666666666668,1,11586.92,Furniture,Tables,60.31,144.34,2024-02-18
SKU-006,2025-08-25,39.0,144.34,0,5629.26,Furniture,Tables,60.31,144.34,2024-02-18
SKU-006,2025-09-01,84.0,137.336,1,11459.18,Furniture,Tables,60.31,144.34,2024-02-18
SKU-006,2025-09-08,108.0,136.91,1,14354.17,Furniture,Tables,60.31,144.34,2024-02-18
SKU-006,2025-09-15,76.0,144.34,0,12701.92,Furniture,Tables,60.31,144.34,2024-02-18
SKU-006,2025-09-22,77.0,144.34,0,11114.18,Furniture,Tables,60.31,144.34,2024-02-18
SKU-006,2025-09-29,43.0,144.34,0,6206.62,Furniture,Tables,60.31,144.34,2024-02-18
SKU-006,2025-10-06,83.0,133.676,1,10894.48,Furniture,Tables,60.31,144.34,2024-02-18
SKU-006,2025-10-13,55.0,134.14666666666668,1,7143.620000000001,Furniture,Tables,60.31,144.34,2024-02-18
SKU-006,2025-10-20,84.0,144.34,0,12124.560000000001,Furniture,Tables,60.31,144.34,2024-02-18
SKU-006,2025-10-27,68.0,144.34,0,9815.119999999999,Furniture,Tables,60.31,144.34,2024-02-18
SKU-006,2025-11-03,60.0,144.34,0,8660.4,Furniture,Tables,60.31,144.34,2024-02-18
SKU-006,2025-11-10,61.0,144.34,0,8804.74,Furniture,Tables,60.31,144.34,2024-02-18
SKU-006,2025-11-17,67.0,140.17833333333334,1,9346.17,Furniture,Tables,60.31,144.34,2024-02-18
SKU-006,2025-11-24,32.0,122.11666666666667,1,5991.15,Furniture,Tables,60.31,144.34,2024-02-18
SKU-006,2025-12-01,58.0,144.34,0,8371.72,Furniture,Tables,60.31,144.34,2024-02-18
SKU-006,2025-12-08,30.0,144.34,0,4330.200000000001,Furniture,Tables,60.31,144.34,2024-02-18
SKU-006,2025-12-15,84.0,110.0025,1,9235.98,Furniture,Tables,60.31,144.34,2024-02-18
SKU-006,2025-12-22,66.0,135.408,1,8697.92,Furniture,Tables,60.31,144.34,2024-02-18
SKU-006,2025-12-29,33.0,122.61333333333334,1,3866.3,Furniture,Tables,60.31,144.34,2024-02-18
SKU-006,2026-01-05,51.0,144.34,0,8660.4,Furniture,Tables,60.31,144.34,2024-02-18
SKU-006,2026-01-12,71.0,144.34,0,10248.14,Furniture,Tables,60.31,144.34,2024-02-18
SKU-006,2026-01-19,51.0,144.34,0,7361.34,Furniture,Tables,60.31,144.34,2024-02-18
SKU-006,2026-01-26,48.0,144.34,0,6928.32,Furniture,Tables,60.31,144.34,2024-02-18
SKU-006,2026-02-02,68.0,144.34,0,9815.119999999999,Furniture,Tables,60.31,144.34,2024-02-18
SKU-006,2026-02-09,56.0,144.34,0,8083.04,Furniture,Tables,60.31,144.34,2024-02-18
SKU-006,2026-02-16,53.0,131.49,1,6741.0599999999995,Furniture,Tables,60.31,144.34,2024-02-18
SKU-006,2026-02-23,25.0,144.34,0,3608.5,Furniture,Tables,60.31,144.34,2024-02-18
SKU-006,2026-03-02,77.0,144.34,0,11114.18,Furniture,Tables,60.31,144.34,2024-02-18
SKU-006,2026-03-09,66.0,135.78,1,8465.0,Furniture,Tables,60.31,144.34,2024-02-18
SKU-006,2026-03-16,122.0,120.53333333333335,1,14536.65,Furniture,Tables,60.31,144.34,2024-02-18
SKU-006,2026-03-23,87.0,144.34,0,12557.58,Furniture,Tables,60.31,144.34,2024-02-18
SKU-006,2026-03-30,99.0,144.34,0,14289.66,Furniture,Tables,60.31,144.34,2024-02-18
SKU-006,2026-04-06,42.0,144.34,0,6062.280000000001,Furniture,Tables,60.31,144.34,2024-02-18
SKU-006,2026-04-13,87.0,144.34,0,12557.58,Furniture,Tables,60.31,144.34,2024-02-18
SKU-006,2026-04-20,46.0,144.34,0,6639.64,Furniture,Tables,60.31,144.34,2024-02-18
SKU-006,2026-04-27,45.0,144.34,0,6495.3,Furniture,Tables,60.31,144.34,2024-02-18
SKU-006,2026-05-04,49.0,144.34,0,9382.1,Furniture,Tables,60.31,144.34,2024-02-18
SKU-006,2026-05-11,29.0,144.34,0,4185.860000000001,Furniture,Tables,60.31,144.34,2024-02-18
SKU-006,2026-05-18,53.0,144.34,0,7650.02,Furniture,Tables,60.31,144.34,2024-02-18
SKU-006,2026-05-25,58.0,130.922,1,7441.11,Furniture,Tables,60.31,144.34,2024-02-18
SKU-006,2026-06-01,75.0,144.34,0,10825.5,Furniture,Tables,60.31,144.34,2024-02-18
SKU-006,2026-06-08,87.0,144.34,0,12557.58,Furniture,Tables,60.31,144.34,2024-02-18
SKU-006,2026-06-15,65.0,144.34,0,9382.1,Furniture,Tables,60.31,144.34,2024-02-18
SKU-006,2026-06-22,41.0,144.34,0,5917.9400000000005,Furniture,Tables,60.31,144.34,2024-02-18
SKU-006,2026-06-29,107.0,128.00857142857143,1,13360.32,Furniture,Tables,60.31,144.34,2024-02-18
SKU-006,2026-07-06,37.0,127.91,1,7728.610000000001,Furniture,Tables,60.31,144.34,2024-02-18
SKU-006,2026-07-13,61.0,144.34,0,8804.74,Furniture,Tables,60.31,144.34,2024-02-18
SKU-006,2026-07-20,51.0,144.34,0,7361.34,Furniture,Tables,60.31,144.34,2024-02-18
SKU-006,2026-07-27,30.0,144.34,0,4330.2,Furniture,Tables,60.31,144.34,2024-02-18
SKU-006,2026-08-03,49.0,144.34,0,7072.66,Furniture,Tables,60.31,144.34,2024-02-18
SKU-006,2026-08-10,56.0,123.3225,1,6940.860000000001,Furniture,Tables,60.31,144.34,2024-02-18
SKU-006,2026-08-17,48.0,131.875,1,6208.29,Furniture,Tables,60.31,144.34,2024-02-18
SKU-006,2026-08-24,51.0,144.34,0,7361.34,Furniture,Tables,60.31,144.34,2024-02-18
SKU-006,2026-08-31,15.0,144.34,0,2165.1,Furniture,Tables,60.31,144.34,2024-02-18
SKU-007,2024-01-01,29.0,369.05,1,10514.99,Furniture,Shelves,193.24,420.37,2022-03-30
SKU-007,2024-01-08,10.0,420.37,0,4203.7,Furniture,Shelves,193.24,420.37,2022-03-30
SKU-007,2024-01-15,28.0,420.37,0,11770.36,Furniture,Shelves,193.24,420.37,2022-03-30
SKU-007,2024-01-22,46.0,420.37,0,19337.02,Furniture,Shelves,193.24,420.37,2022-03-30
SKU-007,2024-01-29,36.0,420.37,0,15133.32,Furniture,Shelves,193.24,420.37,2022-03-30
SKU-007,2024-02-05,35.0,420.37,0,14712.95,Furniture,Shelves,193.24,420.37,2022-03-30
SKU-007,2024-02-12,48.0,405.9475,1,19139.34,Furniture,Shelves,193.24,420.37,2022-03-30
SKU-007,2024-02-19,44.0,403.4483333333333,1,17379.45,Furniture,Shelves,193.24,420.37,2022-03-30
SKU-007,2024-02-26,50.0,420.37000000000006,0,21018.5,Furniture,Shelves,193.24,420.37,2022-03-30
SKU-007,2024-03-04,28.0,420.37,0,11770.36,Furniture,Shelves,193.24,420.37,2022-03-30
SKU-007,2024-03-11,34.0,370.37,1,11992.58,Furniture,Shelves,193.24,420.37,2022-03-30
SKU-007,2024-03-18,64.0,388.932,1,24412.75,Furniture,Shelves,193.24,420.37,2022-03-30
SKU-007,2024-03-25,49.0,420.37,0,20598.13,Furniture,Shelves,193.24,420.37,2022-03-30
SKU-007,2024-04-01,51.0,420.37,0,21438.87,Furniture,Shelves,193.24,420.37,2022-03-30
SKU-007,2024-04-08,54.0,420.37,0,22699.98,Furniture,Shelves,193.24,420.37,2022-03-30
SKU-007,2024-04-15,44.0,420.37,0,18496.28,Furniture,Shelves,193.24,420.37,2022-03-30
SKU-007,2024-04-22,37.0,420.37000000000006,0,15553.69,Furniture,Shelves,193.24,420.37,2022-03-30
SKU-007,2024-04-29,10.0,420.37,0,4203.7,Furniture,Shelves,193.24,420.37,2022-03-30
SKU-007,2024-05-06,6.0,420.37,0,2522.22,Furniture,Shelves,193.24,420.37,2022-03-30
SKU-007,2024-05-13,30.0,420.37,0,12611.1,Furniture,Shelves,193.24,420.37,2022-03-30
SKU-007,2024-05-20,52.0,407.754,1,20976.12,Furniture,Shelves,193.24,420.37,2022-03-30
SKU-007,2024-05-27,30.0,407.204,1,12018.63,Furniture,Shelves,193.24,420.37,2022-03-30
SKU-007,2024-06-03,43.0,420.37,0,18075.91,Furniture,Shelves,193.24,420.37,2022-03-30
SKU-007,2024-06-10,61.0,420.37000000000006,0,25642.57,Furniture,Shelves,193.24,420.37,2022-03-30
SKU-007,2024-06-17,25.0,420.37000000000006,0,10509.25,Furniture,Shelves,193.24,420.37,2022-03-30
SKU-007,2024-06-24,32.0,420.37,0,13451.839999999998,Furniture,Shelves,193.24,420.37,2022-03-30
SKU-007,2024-07-01,75.0,340.168,1,25631.46,Furniture,Shelves,193.24,420.37,2022-03-30
SKU-007,2024-07-08,37.0,420.37,0,15553.689999999999,Furniture,Shelves,193.24,420.37,2022-03-30
SKU-007,2024-07-15,27.0,420.37,0,13872.21,Furniture,Shelves,193.24,420.37,2022-03-30
SKU-007,2024-07-22,36.0,420.37,0,15133.32,Furniture,Shelves,193.24,420.37,2022-03-30
SKU-007,2024-07-29,37.0,420.37,0,18916.65,Furniture,Shelves,193.24,420.37,2022-03-30
SKU-007,2024-08-05,46.0,391.13800000000003,1,20156.2,Furniture,Shelves,193.24,420.37,2022-03-30
SKU-007,2024-08-12,63.0,339.258,1,21342.9,Furniture,Shelves,193.24,420.37,2022-03-30
SKU-007,2024-08-19,44.0,396.045,1,16647.58,Furniture,Shelves,193.24,420.37,2022-03-30
SKU-007,2024-08-26,20.0,420.37000000000006,0,8407.4,Furniture,Shelves,193.24,420.37,2022-03-30
SKU-007,2024-09-02,56.0,364.0566666666667,1,19468.22,Furniture,Shelves,193.24,420.37,2022-03-30
SKU-007,2024-09-09,69.0,410.82666666666665,1,27917.59,Furniture,Shelves,193.24,420.37,2022-03-30
SKU-007,2024-09-16,61.0,420.37000000000006,0,25642.57,Furniture,Shelves,193.24,420.37,2022-03-30
SKU-007,2024-09-23,28.0,420.37000000000006,0,11770.36,Furniture,Shelves,193.24,420.37,2022-03-30
SKU-007,2024-09-30,53.0,420.37000000000006,0,22279.61,Furniture,Shelves,193.24,420.37,2022-03-30
SKU-007,2024-10-07,31.0,352.2266666666667,1,10565.5,Furniture,Shelves,193.24,420.37,2022-03-30
SKU-007,2024-10-14,63.0,391.8875,1,24637.24,Furniture,Shelves,193.24,420.37,2022-03-30
SKU-007,2024-10-21,9.0,420.37,0,3783.33,Furniture,Shelves,193.24,420.37,2022-03-30
SKU-007,2024-10-28,43.0,420.37,0,18075.91,Furniture,Shelves,193.24,420.37,2022-03-30
SKU-007,2024-11-04,47.0,420.37000000000006,0,19757.39,Furniture,Shelves,193.24,420.37,2022-03-30
SKU-007,2024-11-11,26.0,420.37000000000006,0,10929.619999999999,Furniture,Shelves,193.24,420.37,2022-03-30
SKU-007,2024-11-18,16.0,388.58000000000004,1,6153.700000000001,Furniture,Shelves,193.24,420.37,2022-03-30
SKU-007,2024-11-25,41.0,342.2325,1,18826.85,Furniture,Shelves,193.24,420.37,2022-03-30
SKU-007,2024-12-02,37.0,420.37,0,15553.689999999999,Furniture,Shelves,193.24,420.37,2022-03-30
SKU-007,2024-12-09,43.0,420.37,0,18075.91,Furniture,Shelves,193.24,420.37,2022-03-30
SKU-007,2024-12-16,52.0,352.32,1,18350.989999999998,Furniture,Shelves,193.24,420.37,2022-03-30
SKU-007,2024-12-23,60.0,368.852,1,21945.74,Furniture,Shelves,193.24,420.37,2022-03-30
SKU-007,2024-12-30,74.0,390.7242857142857,1,28351.28,Furniture,Shelves,193.24,420.37,2022-03-30
SKU-007,2025-01-06,53.0,420.37000000000006,0,22279.609999999997,Furniture,Shelves,193.24,420.37,2022-03-30
SKU-007,2025-01-13,42.0,420.37,0,17655.54,Furniture,Shelves,193.24,420.37,2022-03-30
SKU-007,2025-01-20,37.0,420.37,0,15553.689999999999,Furniture,Shelves,193.24,420.37,2022-03-30
SKU-007,2025-01-27,27.0,420.37000000000006,0,11349.99,Furniture,Shelves,193.24,420.37,2022-03-30
SKU-007,2025-02-03,18.0,420.37,0,7566.66,Furniture,Shelves,193.24,420.37,2022-03-30
SKU-007,2025-02-10,30.0,420.37,0,12611.099999999999,Furniture,Shelves,193.24,420.37,2022-03-30
SKU-007,2025-02-17,42.0,406.88,1,16913.59,Furniture,Shelves,193.24,420.37,2022-03-30
SKU-007,2025-02-24,15.0,420.37,0,6305.549999999999,Furniture,Shelves,193.24,420.37,2022-03-30
SKU-007,2025-03-03,43.0,420.37,0,18075.91,Furniture,Shelves,193.24,420.37,2022-03-30
SKU-007,2025-03-10,61.0,401.90999999999997,1,23150.469999999998,Furniture,Shelves,193.24,420.37,2022-03-30
SKU-007,2025-03-17,64.0,370.42199999999997,1,27714.27,Furniture,Shelves,193.24,420.37,2022-03-30
SKU-007,2025-03-24,39.0,420.37,0,16394.43,Furniture,Shelves,193.24,420.37,2022-03-30
SKU-007,2025-03-31,40.0,420.37,0,16814.8,Furniture,Shelves,193.24,420.37,2022-03-30
SKU-007,2025-04-07,40.0,420.37,0,16814.8,Furniture,Shelves,193.24,420.37,2022-03-30
SKU-007,2025-04-14,50.0,420.37,0,21018.5,Furniture,Shelves,193.24,420.37,2022-03-30
SKU-007,2025-04-21,72.0,420.37000000000006,0,30266.64,Furniture,Shelves,193.24,420.37,2022-03-30
SKU-007,2025-04-28,45.0,420.37,0,18916.65,Furniture,Shelves,193.24,420.37,2022-03-30
SKU-007,2025-05-05,44.0,420.37,0,18496.28,Furniture,Shelves,193.24,420.37,2022-03-30
SKU-007,2025-05-12,64.0,420.37000000000006,0,26903.68,Furniture,Shelves,193.24,420.37,2022-03-30
SKU-007,2025-05-19,41.0,407.49,1,16269.17,Furniture,Shelves,193.24,420.37,2022-03-30
SKU-007,2025-05-26,28.0,373.40333333333336,1,10316.61,Furniture,Shelves,193.24,420.37,2022-03-30
SKU-007,2025-06-02,36.0,420.37000000000006,0,15133.32,Furniture,Shelves,193.24,420.37,2022-03-30
SKU-007,2025-06-09,26.0,420.37,0,10929.619999999999,Furniture,Shelves,193.24,420.37,2022-03-30
SKU-007,2025-06-16,25.0,420.37,0,14712.95,Furniture,Shelves,193.24,420.37,2022-03-30
SKU-007,2025-06-23,37.0,420.37,0,15553.689999999999,Furniture,Shelves,193.24,420.37,2022-03-30
SKU-007,2025-06-30,73.0,357.9985714285714,1,25895.81,Furniture,Shelves,193.24,420.37,2022-03-30
SKU-007,2025-07-07,32.0,398.615,1,12755.68,Furniture,Shelves,193.24,420.37,2022-03-30
SKU-007,2025-07-14,46.0,420.37,0,19337.02,Furniture,Shelves,193.24,420.37,2022-03-30
SKU-007,2025-07-21,33.0,420.37,0,13872.21,Furniture,Shelves,193.24,420.37,2022-03-30
SKU-007,2025-07-28,35.0,420.37000000000006,0,14712.95,Furniture,Shelves,193.24,420.37,2022-03-30
SKU-007,2025-08-04,54.0,405.942,1,21834.3,Furniture,Shelves,193.24,420.37,2022-03-30
SKU-007,2025-08-11,41.0,340.12,1,13960.07,Furniture,Shelves,193.24,420.37,2022-03-30
SKU-007,2025-08-18,57.0,393.92857142857144,1,21874.4,Furniture,Shelves,193.24,420.37,2022-03-30
SKU-007,2025-08-25,26.0,420.37000000000006,0,10929.619999999999,Furniture,Shelves,193.24,420.37,2022-03-30
SKU-007,2025-09-01,16.0,420.37,0,6725.92,Furniture,Shelves,193.24,420.37,2022-03-30
SKU-007,2025-09-08,56.0,395.9875,1,21775.48,Furniture,Shelves,193.24,420.37,2022-03-30
SKU-007,2025-09-15,30.0,420.37000000000006,0,12611.1,Furniture,Shelves,193.24,420.37,2022-03-30
SKU-007,2025-09-22,20.0,420.37,0,8407.4,Furniture,Shelves,193.24,420.37,2022-03-30
SKU-007,2025-09-29,57.0,420.37,0,23961.09,Furniture,Shelves,193.24,420.37,2022-03-30
SKU-007,2025-10-06,65.0,392.1625,1,25028.67,Furniture,Shelves,193.24,420.37,2022-03-30
SKU-007,2025-10-13,42.0,372.8866666666666,1,15133.65,Furniture,Shelves,193.24,420.37,2022-03-30
SKU-007,2025-10-20,42.0,420.37,0,17655.54,Furniture,Shelves,193.24,420.37,2022-03-30
SKU-007,2025-10-27,45.0,420.37,0,18916.65,Furniture,Shelves,193.24,420.37,2022-03-30
SKU-007,2025-11-03,27.0,420.37,0,11349.99,Furniture,Shelves,193.24,420.37,2022-03-30
SKU-007,2025-11-10,27.0,420.37,0,11349.99,Furniture,Shelves,193.24,420.37,2022-03-30
SKU-007,2025-11-17,58.0,410.34,1,23659.3,Furniture,Shelves,193.24,420.37,2022-03-30
SKU-007,2025-11-24,55.0,359.7575,1,19906.71,Furniture,Shelves,193.24,420.37,2022-03-30
SKU-007,2025-12-01,46.0,420.37000000000006,0,19337.02,Furniture,Shelves,193.24,420.37,2022-03-30
SKU-007,2025-12-08,45.0,420.37000000000006,0,18916.65,Furniture,Shelves,193.24,420.37,2022-03-30
SKU-007,2025-12-15,38.0,351.5225,1,13224.5,Furniture,Shelves,193.24,420.37,2022-03-30
SKU-007,2025-12-22,51.0,385.202,1,23596.44,Furniture,Shelves,193.24,420.37,2022-03-30
SKU-007,2025-12-29,58.0,397.06166666666667,1,22767.71,Furniture,Shelves,193.24,420.37,2022-03-30
SKU-007,2026-01-05,20.0,420.37,0,8407.4,Furniture,Shelves,193.24,420.37,2022-03-30
SKU-007,2026-01-12,60.0,420.37,0,25222.2,Furniture,Shelves,193.24,420.37,2022-03-30
SKU-007,2026-01-19,27.0,420.37000000000006,0,11349.99,Furniture,Shelves,193.24,420.37,2022-03-30
SKU-007,2026-01-26,45.0,420.37000000000006,0,18916.65,Furniture,Shelves,193.24,420.37,2022-03-30
SKU-007,2026-02-02,26.0,420.37,0,10929.619999999999,Furniture,Shelves,193.24,420.37,2022-03-30
SKU-007,2026-02-09,25.0,420.37,0,14712.95,Furniture,Shelves,193.24,420.37,2022-03-30
SKU-007,2026-02-16,16.0,420.37000000000006,0,6725.92,Furniture,Shelves,193.24,420.37,2022-03-30
SKU-007,2026-02-23,20.0,420.37000000000006,0,8407.4,Furniture,Shelves,193.24,420.37,2022-03-30
SKU-007,2026-03-02,45.0,420.37,0,18916.65,Furniture,Shelves,193.24,420.37,2022-03-30
SKU-007,2026-03-09,49.0,408.9875,1,19505.41,Furniture,Shelves,193.24,420.37,2022-03-30
SKU-007,2026-03-16,47.0,363.175,1,17048.17,Furniture,Shelves,193.24,420.37,2022-03-30
SKU-007,2026-03-23,58.0,420.37000000000006,0,24381.46,Furniture,Shelves,193.24,420.37,2022-03-30
SKU-007,2026-03-30,65.0,420.37000000000006,0,27324.05,Furniture,Shelves,193.24,420.37,2022-03-30
SKU-007,2026-04-06,50.0,420.37,0,21018.5,Furniture,Shelves,193.24,420.37,2022-03-30
SKU-007,2026-04-13,58.0,420.37,0,24381.46,Furniture,Shelves,193.24,420.37,2022-03-30
SKU-007,2026-04-20,35.0,420.37,0,14712.95,Furniture,Shelves,193.24,420.37,2022-03-30
SKU-007,2026-04-27,53.0,420.37,0,22279.61,Furniture,Shelves,193.24,420.37,2022-03-30
SKU-007,2026-05-04,40.0,420.37,0,16814.8,Furniture,Shelves,193.24,420.37,2022-03-30
SKU-007,2026-05-11,16.0,420.37,0,6725.92,Furniture,Shelves,193.24,420.37,2022-03-30
SKU-007,2026-05-18,44.0,403.8733333333333,1,17011.58,Furniture,Shelves,193.24,420.37,2022-03-30
SKU-007,2026-05-25,38.0,392.494,1,18220.489999999998,Furniture,Shelves,193.24,420.37,2022-03-30
SKU-007,2026-06-01,30.0,420.37,0,12611.1,Furniture,Shelves,193.24,420.37,2022-03-30
SKU-007,2026-06-08,27.0,420.37,0,11349.99,Furniture,Shelves,193.24,420.37,2022-03-30
SKU-007,2026-06-15,30.0,420.37000000000006,0,15974.06,Furniture,Shelves,193.24,420.37,2022-03-30
SKU-007,2026-06-22,44.0,420.37,0,18496.28,Furniture,Shelves,193.24,420.37,2022-03-30
SKU-007,2026-06-29,24.0,367.9533333333333,1,8971.29,Furniture,Shelves,193.24,420.37,2022-03-30
SKU-007,2026-07-06,30.0,395.45,1,11813.66,Furniture,Shelves,193.24,420.37,2022-03-30
SKU-007,2026-07-13,40.0,420.37000000000006,0,16814.8,Furniture,Shelves,193.24,420.37,2022-03-30
SKU-007,2026-07-20,28.0,420.37,0,11770.36,Furniture,Shelves,193.24,420.37,2022-03-30
SKU-007,2026-07-27,31.0,420.37,0,13031.47,Furniture,Shelves,193.24,420.37,2022-03-30
SKU-007,2026-08-03,37.0,420.37,0,15553.69,Furniture,Shelves,193.24,420.37,2022-03-30
SKU-007,2026-08-10,43.0,344.06333333333333,1,14784.130000000001,Furniture,Shelves,193.24,420.37,2022-03-30
SKU-007,2026-08-17,51.0,368.7,1,18295.32,Furniture,Shelves,193.24,420.37,2022-03-30
SKU-007,2026-08-24,46.0,420.37000000000006,0,19337.02,Furniture,Shelves,193.24,420.37,2022-03-30
SKU-007,2026-08-31,7.0,420.37,0,2942.59,Furniture,Shelves,193.24,420.37,2022-03-30
SKU-008,2024-01-01,7.0,340.404,1,3406.52,Furniture,Sofas,155.93,371.2,2022-06-11
SKU-008,2024-01-08,6.0,371.2,0,2227.2,Furniture,Sofas,155.93,371.2,2022-06-11
SKU-008,2024-01-15,5.0,371.2,0,1856.0,Furniture,Sofas,155.93,371.2,2022-06-11
SKU-008,2024-01-22,7.0,371.2,0,2598.3999999999996,Furniture,Sofas,155.93,371.2,2022-06-11
SKU-008,2024-01-29,3.0,371.2,0,1113.6,Furniture,Sofas,155.93,371.2,2022-06-11
SKU-008,2024-02-05,4.0,371.2,0,1484.8,Furniture,Sofas,155.93,371.2,2022-06-11
SKU-008,2024-02-12,3.0,321.9775,1,1001.6400000000001,Furniture,Sofas,155.93,371.2,2022-06-11
SKU-008,2024-02-19,8.0,360.4025,1,2840.0299999999997,Furniture,Sofas,155.93,371.2,2022-06-11
SKU-008,2024-02-26,3.0,371.2,0,1113.6,Furniture,Sofas,155.93,371.2,2022-06-11
SKU-008,2024-03-04,5.0,371.2,0,1856.0,Furniture,Sofas,155.93,371.2,2022-06-11
SKU-008,2024-03-11,8.0,332.21999999999997,1,2638.3399999999997,Furniture,Sofas,155.93,371.2,2022-06-11
SKU-008,2024-03-18,10.0,328.46166666666664,1,3220.56,Furniture,Sofas,155.93,371.2,2022-06-11
SKU-008,2024-03-25,6.0,371.2,0,2227.2,Furniture,Sofas,155.93,371.2,2022-06-11
SKU-008,2024-04-01,14.0,371.2,0,5196.799999999999,Furniture,Sofas,155.93,371.2,2022-06-11
SKU-008,2024-04-08,5.0,371.2,0,1856.0,Furniture,Sofas,155.93,371.2,2022-06-11
SKU-008,2024-04-15,9.0,371.2,0,3340.7999999999997,Furniture,Sofas,155.93,371.2,2022-06-11
SKU-008,2024-04-22,6.0,371.2,0,2227.2,Furniture,Sofas,155.93,371.2,2022-06-11
SKU-008,2024-04-29,6.0,371.2,0,2227.2,Furniture,Sofas,155.93,371.2,2022-06-11
SKU-008,2024-05-06,5.0,371.2,0,1856.0,Furniture,Sofas,155.93,371.2,2022-06-11
SKU-008,2024-05-13,3.0,371.2,0,1113.6,Furniture,Sofas,155.93,371.2,2022-06-11
SKU-008,2024-05-20,6.0,371.2,0,2227.2,Furniture,Sofas,155.93,371.2,2022-06-11
SKU-008,2024-05-27,5.0,349.27,1,1768.28,Furniture,Sofas,155.93,371.2,2022-06-11
SKU-008,2024-06-03,2.0,371.2,0,742.4,Furniture,Sofas,155.93,371.2,2022-06-11
SKU-008,2024-06-10,3.0,371.2,0,1113.6,Furniture,Sofas,155.93,371.2,2022-06-11
SKU-008,2024-06-17,7.0,371.2,0,2598.3999999999996,Furniture,Sofas,155.93,371.2,2022-06-11
SKU-008,2024-06-24,5.0,371.2,0,1856.0,Furniture,Sofas,155.93,371.2,2022-06-11
SKU-008,2024-07-01,11.0,305.736,1,3347.4,Furniture,Sofas,155.93,371.2,2022-06-11
SKU-008,2024-07-08,6.0,371.2,0,2227.2,Furniture,Sofas,155.93,371.2,2022-06-11
SKU-008,2024-07-15,2.0,371.2,0,742.4,Furniture,Sofas,155.93,371.2,2022-06-11
SKU-008,2024-07-22,7.0,371.2,0,2598.3999999999996,Furniture,Sofas,155.93,371.2,2022-06-11
SKU-008,2024-07-29,7.0,371.2,0,2598.3999999999996,Furniture,Sofas,155.93,371.2,2022-06-11
SKU-008,2024-08-05,6.0,330.32666666666665,1,1900.01,Furniture,Sofas,155.93,371.2,2022-06-11
SKU-008,2024-08-12,15.0,313.59166666666664,1,5373.37,Furniture,Sofas,155.93,371.2,2022-06-11
SKU-008,2024-08-19,11.0,354.77,1,3891.55,Furniture,Sofas,155.93,371.2,2022-06-11
SKU-008,2024-08-26,6.0,341.51,1,1930.3,Furniture,Sofas,155.93,371.2,2022-06-11
SKU-008,2024-09-02,10.0,330.79200000000003,1,3457.52,Furniture,Sofas,155.93,371.2,2022-06-11
SKU-008,2024-09-09,9.0,354.4375,1,3206.7,Furniture,Sofas,155.93,371.2,2022-06-11
SKU-008,2024-09-16,10.0,371.2,0,3712.0,Furniture,Sofas,155.93,371.2,2022-06-11
SKU-008,2024-09-23,11.0,371.2,0,4083.2,Furniture,Sofas,155.93,371.2,2022-06-11
SKU-008,2024-09-30,6.0,371.2,0,2227.2,Furniture,Sofas,155.93,371.2,2022-06-11
SKU-008,2024-10-07,17.0,315.0,1,5175.7699999999995,Furniture,Sofas,155.93,371.2,2022-06-11
SKU-008,2024-10-14,8.0,323.1166666666666,1,2589.47,Furniture,Sofas,155.93,371.2,2022-06-11
SKU-008,2024-10-21,6.0,371.2,0,2227.2,Furniture,Sofas,155.93,371.2,2022-06-11
SKU-008,2024-10-28,2.0,371.2,0,742.4,Furniture,Sofas,155.93,371.2,2022-06-11
SKU-008,2024-11-04,10.0,371.2,0,3712.0,Furniture,Sofas,155.93,371.2,2022-06-11
SKU-008,2024-11-11,5.0,371.2,0,2227.2,Furniture,Sofas,155.93,371.2,2022-06-11
SKU-008,2024-11-18,2.0,344.43666666666667,1,1615.13,Furniture,Sofas,155.93,371.2,2022-06-11
SKU-008,2024-11-25,3.0,319.23333333333335,1,957.7,Furniture,Sofas,155.93,371.2,2022-06-11
SKU-008,2024-12-02,3.0,371.2,0,1113.6,Furniture,Sofas,155.93,371.2,2022-06-11
SKU-008,2024-12-09,6.0,358.26,1,2227.2,Furniture,Sofas,155.93,371.2,2022-06-11
SKU-008,2024-12-16,2.0,280.845,1,561.69,Furniture,Sofas,155.93,371.2,2022-06-11
SKU-008,2024-12-23,13.0,351.7816666666667,1,4536.41,Furniture,Sofas,155.93,371.2,2022-06-11
SKU-008,2024-12-30,5.0,348.03,1,1716.98,Furniture,Sofas,155.93,371.2,2022-06-11
SKU-008,2025-01-06,4.0,371.2,0,1484.8,Furniture,Sofas,155.93,371.2,2022-06-11
SKU-008,2025-01-13,2.0,371.2,0,742.4,Furniture,Sofas,155.93,371.2,2022-06-11
SKU-008,2025-01-20,4.0,371.2,0,1484.8,Furniture,Sofas,155.93,371.2,2022-06-11
SKU-008,2025-01-27,4.0,371.2,0,1484.8,Furniture,Sofas,155.93,371.2,2022-06-11
SKU-008,2025-02-03,4.0,371.2,0,1484.8,Furniture,Sofas,155.93,371.2,2022-06-11
SKU-008,2025-02-10,4.0,371.2,0,1484.8,Furniture,Sofas,155.93,371.2,2022-06-11
SKU-008,2025-02-17,7.0,358.204,1,2468.44,Furniture,Sofas,155.93,371.2,2022-06-11
SKU-008,2025-02-24,8.0,371.2,0,2969.6,Furniture,Sofas,155.93,371.2,2022-06-11
SKU-008,2025-03-03,2.0,371.2,0,742.4,Furniture,Sofas,155.93,371.2,2022-06-11
SKU-008,2025-03-10,10.0,347.07599999999996,1,3470.7599999999998,Furniture,Sofas,155.93,371.2,2022-06-11
SKU-008,2025-03-17,6.0,339.7125,1,2592.64,Furniture,Sofas,155.93,371.2,2022-06-11
SKU-008,2025-03-24,10.0,371.2,0,3712.0,Furniture,Sofas,155.93,371.2,2022-06-11
SKU-008,2025-03-31,12.0,371.2,0,4454.4,Furniture,Sofas,155.93,371.2,2022-06-11
SKU-008,2025-04-07,9.0,371.2,0,3340.7999999999997,Furniture,Sofas,155.93,371.2,2022-06-11
SKU-008,2025-04-14,9.0,371.2,0,3340.8,Furniture,Sofas,155.93,371.2,2022-06-11
SKU-008,2025-04-21,11.0,371.2,0,4083.2,Furniture,Sofas,155.93,371.2,2022-06-11
SKU-008,2025-04-28,2.0,371.2,0,742.4,Furniture,Sofas,155.93,371.2,2022-06-11
SKU-008,2025-05-05,7.0,371.2,0,2598.4,Furniture,Sofas,155.93,371.2,2022-06-11
SKU-008,2025-05-12,3.0,371.2,0,1113.6,Furniture,Sofas,155.93,371.2,2022-06-11
SKU-008,2025-05-19,2.0,346.04999999999995,1,692.0999999999999,Furniture,Sofas,155.93,371.2,2022-06-11
SKU-008,2025-05-26,11.0,307.954,1,3412.45,Furniture,Sofas,155.93,371.2,2022-06-11
SKU-008,2025-06-02,1.0,371.2,0,371.2,Furniture,Sofas,155.93,371.2,2022-06-11
SKU-008,2025-06-09,2.0,371.2,0,742.4,Furniture,Sofas,155.93,371.2,2022-06-11
SKU-008,2025-06-16,4.0,371.2,0,1484.8,Furniture,Sofas,155.93,371.2,2022-06-11
SKU-008,2025-06-23,3.0,371.2,0,1113.6,Furniture,Sofas,155.93,371.2,2022-06-11
SKU-008,2025-06-30,16.0,323.0983333333333,1,5135.94,Furniture,Sofas,155.93,371.2,2022-06-11
SKU-008,2025-07-07,7.0,358.65,1,2498.0,Furniture,Sofas,155.93,371.2,2022-06-11
SKU-008,2025-07-14,5.0,371.2,0,1856.0,Furniture,Sofas,155.93,371.2,2022-06-11
SKU-008,2025-07-21,6.0,371.2,0,2227.2,Furniture,Sofas,155.93,371.2,2022-06-11
SKU-008,2025-07-28,8.0,371.2,0,2969.6,Furniture,Sofas,155.93,371.2,2022-06-11
SKU-008,2025-08-04,6.0,360.3425,1,2183.77,Furniture,Sofas,155.93,371.2,2022-06-11
SKU-008,2025-08-11,6.0,300.705,1,1804.49,Furniture,Sofas,155.93,371.2,2022-06-11
SKU-008,2025-08-18,9.0,324.688,1,2788.54,Furniture,Sofas,155.93,371.2,2022-06-11
SKU-008,2025-08-25,5.0,371.2,0,1856.0,Furniture,Sofas,155.93,371.2,2022-06-11
SKU-008,2025-09-01,9.0,361.135,1,3651.6099999999997,Furniture,Sofas,155.93,371.2,2022-06-11
SKU-008,2025-09-08,8.0,345.065,1,2708.25,Furniture,Sofas,155.93,371.2,2022-06-11
SKU-008,2025-09-15,4.0,371.2,0,1484.8,Furniture,Sofas,155.93,371.2,2022-06-11
SKU-008,2025-09-22,11.0,371.2,0,4083.2,Furniture,Sofas,155.93,371.2,2022-06-11
SKU-008,2025-09-29,4.0,371.2,0,1484.8,Furniture,Sofas,155.93,371.2,2022-06-11
SKU-008,2025-10-06,1.0,291.66,1,291.66,Furniture,Sofas,155.93,371.2,2022-06-11
SKU-008,2025-10-13,8.0,334.15333333333336,1,2636.18,Furniture,Sofas,155.93,371.2,2022-06-11
SKU-008,2025-10-20,3.0,371.2,0,1113.6,Furniture,Sofas,155.93,371.2,2022-06-11
SKU-008,2025-10-27,15.0,371.2,0,5568.0,Furniture,Sofas,155.93,371.2,2022-06-11
SKU-008,2025-11-03,2.0,371.2,0,1484.8,Furniture,Sofas,155.93,371.2,2022-06-11
SKU-008,2025-11-10,3.0,371.2,0,1113.6,Furniture,Sofas,155.93,371.2,2022-06-11
SKU-008,2025-11-17,12.0,356.1683333333333,1,4274.0199999999995,Furniture,Sofas,155.93,371.2,2022-06-11
SKU-008,2025-11-24,13.0,303.56166666666667,1,3985.44,Furniture,Sofas,155.93,371.2,2022-06-11
SKU-008,2025-12-01,7.0,371.2,0,2598.4,Furniture,Sofas,155.93,371.2,2022-06-11
SKU-008,2025-12-08,8.0,371.2,0,2969.6,Furniture,Sofas,155.93,371.2,2022-06-11
SKU-008,2025-12-15,10.0,307.096,1,3111.65,Furniture,Sofas,155.93,371.2,2022-06-11
SKU-008,2025-12-22,3.0,336.49666666666667,1,1009.49,Furniture,Sofas,155.93,371.2,2022-06-11
SKU-008,2025-12-29,6.0,345.84666666666664,1,2075.08,Furniture,Sofas,155.93,371.2,2022-06-11
SKU-008,2026-01-05,9.0,371.2,0,3340.7999999999997,Furniture,Sofas,155.93,371.2,2022-06-11
SKU-008,2026-01-12,1.0,371.2,0,371.2,Furniture,Sofas,155.93,371.2,2022-06-11
SKU-008,2026-01-19,5.0,371.2,0,1856.0,Furniture,Sofas,155.93,371.2,2022-06-11
SKU-008,2026-01-26,3.0,371.2,0,1113.6,Furniture,Sofas,155.93,371.2,2022-06-11
SKU-008,2026-02-02,16.0,371.2,0,5939.2,Furniture,Sofas,155.93,371.2,2022-06-11
SKU-008,2026-02-09,7.0,371.2,0,2598.4,Furniture,Sofas,155.93,371.2,2022-06-11
SKU-008,2026-02-16,4.0,328.75,1,1315.0,Furniture,Sofas,155.93,371.2,2022-06-11
SKU-008,2026-02-23,7.0,371.2,0,2598.3999999999996,Furniture,Sofas,155.93,371.2,2022-06-11
SKU-008,2026-03-02,7.0,371.2,0,2598.4,Furniture,Sofas,155.93,371.2,2022-06-11
SKU-008,2026-03-09,6.0,371.2,0,2227.2,Furniture,Sofas,155.93,371.2,2022-06-11
SKU-008,2026-03-16,18.0,317.8383333333333,1,5601.61,Furniture,Sofas,155.93,371.2,2022-06-11
SKU-008,2026-03-23,9.0,371.2,0,3340.8,Furniture,Sofas,155.93,371.2,2022-06-11
SKU-008,2026-03-30,6.0,371.2,0,2969.6,Furniture,Sofas,155.93,371.2,2022-06-11
SKU-008,2026-04-06,8.0,371.2,0,2969.6,Furniture,Sofas,155.93,371.2,2022-06-11
SKU-008,2026-04-13,6.0,371.2,0,2227.2,Furniture,Sofas,155.93,371.2,2022-06-11
SKU-008,2026-04-20,7.0,371.2,0,2598.3999999999996,Furniture,Sofas,155.93,371.2,2022-06-11
SKU-008,2026-04-27,4.0,371.2,0,2227.2,Furniture,Sofas,155.93,371.2,2022-06-11
SKU-008,2026-05-04,6.0,371.2,0,2227.2,Furniture,Sofas,155.93,371.2,2022-06-11
SKU-008,2026-05-11,6.0,371.2,0,2227.2,Furniture,Sofas,155.93,371.2,2022-06-11
SKU-008,2026-05-18,11.0,360.06857142857143,1,3849.4399999999996,Furniture,Sofas,155.93,371.2,2022-06-11
SKU-008,2026-05-25,2.0,371.2,0,742.4,Furniture,Sofas,155.93,371.2,2022-06-11
SKU-008,2026-06-01,8.0,371.2,0,2969.6,Furniture,Sofas,155.93,371.2,2022-06-11
SKU-008,2026-06-08,4.0,371.2,0,1484.8,Furniture,Sofas,155.93,371.2,2022-06-11
SKU-008,2026-06-15,7.0,371.2,0,2598.3999999999996,Furniture,Sofas,155.93,371.2,2022-06-11
SKU-008,2026-06-22,6.0,371.2,0,2227.2,Furniture,Sofas,155.93,371.2,2022-06-11
SKU-008,2026-06-29,8.0,312.995,1,2386.74,Furniture,Sofas,155.93,371.2,2022-06-11
SKU-008,2026-07-06,8.0,317.8666666666666,1,2403.59,Furniture,Sofas,155.93,371.2,2022-06-11
SKU-008,2026-07-13,1.0,371.2,0,371.2,Furniture,Sofas,155.93,371.2,2022-06-11
SKU-008,2026-07-20,6.0,371.2,0,2227.2,Furniture,Sofas,155.93,371.2,2022-06-11
SKU-008,2026-07-27,1.0,371.2,0,371.2,Furniture,Sofas,155.93,371.2,2022-06-11
SKU-008,2026-08-03,7.0,371.2,0,4083.2,Furniture,Sofas,155.93,371.2,2022-06-11
SKU-008,2026-08-10,6.0,289.115,1,1726.02,Furniture,Sofas,155.93,371.2,2022-06-11
SKU-008,2026-08-17,11.0,330.504,1,3535.65,Furniture,Sofas,155.93,371.2,2022-06-11
SKU-008,2026-08-24,7.0,371.2,0,2598.4,Furniture,Sofas,155.93,371.2,2022-06-11
SKU-009,2025-03-24,2.0,148.6,0,594.4,Furniture,Shelves,80.38,148.6,2025-03-28
SKU-009,2025-03-31,7.0,148.6,0,1040.2,Furniture,Shelves,80.38,148.6,2025-03-28
SKU-009,2025-04-07,6.0,148.6,0,891.6,Furniture,Shelves,80.38,148.6,2025-03-28
SKU-009,2025-04-14,6.0,148.6,0,1188.8,Furniture,Shelves,80.38,148.6,2025-03-28
SKU-009,2025-04-21,1.0,148.6,0,148.6,Furniture,Shelves,80.38,148.6,2025-03-28
SKU-009,2025-04-28,6.0,148.6,0,1040.1999999999998,Furniture,Shelves,80.38,148.6,2025-03-28
SKU-009,2025-05-05,6.0,148.6,0,891.5999999999999,Furniture,Shelves,80.38,148.6,2025-03-28
SKU-009,2025-05-12,2.0,148.6,0,297.2,Furniture,Shelves,80.38,148.6,2025-03-28
SKU-009,2025-05-19,5.0,143.42,1,711.92,Furniture,Shelves,80.38,148.6,2025-03-28
SKU-009,2025-05-26,4.0,118.2,1,466.5,Furniture,Shelves,80.38,148.6,2025-03-28
SKU-009,2025-06-02,5.0,148.6,0,743.0,Furniture,Shelves,80.38,148.6,2025-03-28
SKU-009,2025-06-09,2.0,148.6,0,297.2,Furniture,Shelves,80.38,148.6,2025-03-28
SKU-009,2025-06-16,5.0,148.6,0,743.0,Furniture,Shelves,80.38,148.6,2025-03-28
SKU-009,2025-06-23,6.0,148.6,0,891.5999999999999,Furniture,Shelves,80.38,148.6,2025-03-28
SKU-009,2025-06-30,7.0,125.7075,1,948.63,Furniture,Shelves,80.38,148.6,2025-03-28
SKU-009,2025-07-07,1.0,132.79,1,382.56,Furniture,Shelves,80.38,148.6,2025-03-28
SKU-009,2025-07-14,5.0,148.6,0,743.0,Furniture,Shelves,80.38,148.6,2025-03-28
SKU-009,2025-07-21,2.0,148.6,0,297.2,Furniture,Shelves,80.38,148.6,2025-03-28
SKU-009,2025-07-28,2.0,148.6,0,297.2,Furniture,Shelves,80.38,148.6,2025-03-28
SKU-009,2025-08-04,3.0,138.24,1,425.08,Furniture,Shelves,80.38,148.6,2025-03-28
SKU-009,2025-08-11,2.0,133.44,1,266.88,Furniture,Shelves,80.38,148.6,2025-03-28
SKU-009,2025-08-18,5.0,131.01666666666665,1,625.75,Furniture,Shelves,80.38,148.6,2025-03-28
SKU-009,2025-08-25,4.0,148.6,0,594.4,Furniture,Shelves,80.38,148.6,2025-03-28
SKU-009,2025-09-01,9.0,140.665,1,1273.92,Furniture,Shelves,80.38,148.6,2025-03-28
SKU-009,2025-09-08,2.0,138.99,1,277.98,Furniture,Shelves,80.38,148.6,2025-03-28
SKU-009,2025-09-15,4.0,148.6,0,594.4,Furniture,Shelves,80.38,148.6,2025-03-28
SKU-009,2025-09-22,9.0,148.6,0,1337.4,Furniture,Shelves,80.38,148.6,2025-03-28
SKU-009,2025-09-29,4.0,148.6,0,594.4,Furniture,Shelves,80.38,148.6,2025-03-28
SKU-009,2025-10-06,8.0,134.615,1,1020.98,Furniture,Shelves,80.38,148.6,2025-03-28
SKU-009,2025-10-13,4.0,134.775,1,511.45000000000005,Furniture,Shelves,80.38,148.6,2025-03-28
SKU-009,2025-10-20,2.0,148.6,0,297.2,Furniture,Shelves,80.38,148.6,2025-03-28
SKU-009,2025-10-27,3.0,148.6,0,445.79999999999995,Furniture,Shelves,80.38,148.6,2025-03-28
SKU-009,2025-11-03,3.0,148.6,0,445.79999999999995,Furniture,Shelves,80.38,148.6,2025-03-28
SKU-009,2025-11-10,3.0,148.6,0,445.79999999999995,Furniture,Shelves,80.38,148.6,2025-03-28
SKU-009,2025-11-17,5.0,148.6,0,743.0,Furniture,Shelves,80.38,148.6,2025-03-28
SKU-009,2025-11-24,11.0,126.80499999999999,1,1390.27,Furniture,Shelves,80.38,148.6,2025-03-28
SKU-009,2025-12-01,3.0,148.6,0,445.79999999999995,Furniture,Shelves,80.38,148.6,2025-03-28
SKU-009,2025-12-08,6.0,148.6,0,891.6,Furniture,Shelves,80.38,148.6,2025-03-28
SKU-009,2025-12-15,6.0,124.982,1,743.31,Furniture,Shelves,80.38,148.6,2025-03-28
SKU-009,2025-12-22,2.0,120.155,1,240.31,Furniture,Shelves,80.38,148.6,2025-03-28
SKU-009,2025-12-29,3.0,143.50666666666666,1,445.79999999999995,Furniture,Shelves,80.38,148.6,2025-03-28
SKU-009,2026-01-05,4.0,148.6,0,594.4,Furniture,Shelves,80.38,148.6,2025-03-28
SKU-009,2026-01-12,6.0,148.6,0,891.6,Furniture,Shelves,80.38,148.6,2025-03-28
SKU-009,2026-01-19,2.0,148.6,0,297.2,Furniture,Shelves,80.38,148.6,2025-03-28
SKU-009,2026-01-26,5.0,148.6,0,743.0,Furniture,Shelves,80.38,148.6,2025-03-28
SKU-009,2026-02-02,1.0,148.6,0,148.6,Furniture,Shelves,80.38,148.6,2025-03-28
SKU-009,2026-02-09,1.0,148.6,0,148.6,Furniture,Shelves,80.38,148.6,2025-03-28
SKU-009,2026-02-16,3.0,148.6,0,445.79999999999995,Furniture,Shelves,80.38,148.6,2025-03-28
SKU-009,2026-02-23,2.0,148.6,0,297.2,Furniture,Shelves,80.38,148.6,2025-03-28
SKU-009,2026-03-02,7.0,148.6,0,1040.2,Furniture,Shelves,80.38,148.6,2025-03-28
SKU-009,2026-03-09,6.0,142.9425,1,846.3399999999999,Furniture,Shelves,80.38,148.6,2025-03-28
SKU-009,2026-03-16,3.0,123.81,1,371.43,Furniture,Shelves,80.38,148.6,2025-03-28
SKU-009,2026-03-23,5.0,148.6,0,743.0,Furniture,Shelves,80.38,148.6,2025-03-28
SKU-009,2026-03-30,4.0,148.6,0,594.4,Furniture,Shelves,80.38,148.6,2025-03-28
SKU-009,2026-04-06,5.0,148.6,0,743.0,Furniture,Shelves,80.38,148.6,2025-03-28
SKU-009,2026-04-13,2.0,148.6,0,445.79999999999995,Furniture,Shelves,80.38,148.6,2025-03-28
SKU-009,2026-04-20,2.0,148.6,0,297.2,Furniture,Shelves,80.38,148.6,2025-03-28
SKU-009,2026-04-27,3.0,148.6,0,445.79999999999995,Furniture,Shelves,80.38,148.6,2025-03-28
SKU-009,2026-05-11,4.0,148.6,0,594.4,Furniture,Shelves,80.38,148.6,2025-03-28
SKU-009,2026-05-18,6.0,148.6,0,891.6,Furniture,Shelves,80.38,148.6,2025-03-28
SKU-009,2026-05-25,6.0,135.51999999999998,1,757.78,Furniture,Shelves,80.38,148.6,2025-03-28
SKU-009,2026-06-01,5.0,148.6,0,743.0,Furniture,Shelves,80.38,148.6,2025-03-28
SKU-009,2026-06-08,4.0,148.6,0,594.4,Furniture,Shelves,80.38,148.6,2025-03-28
SKU-009,2026-06-15,5.0,148.6,0,743.0,Furniture,Shelves,80.38,148.6,2025-03-28
SKU-009,2026-06-22,0.0,148.6,0,0.0,Furniture,Shelves,80.38,148.6,2025-03-28
SKU-009,2026-06-29,10.0,130.63166666666666,1,1272.8,Furniture,Shelves,80.38,148.6,2025-03-28
SKU-009,2026-07-06,6.0,138.672,1,800.55,Furniture,Shelves,80.38,148.6,2025-03-28
SKU-009,2026-07-13,2.0,148.6,0,297.2,Furniture,Shelves,80.38,148.6,2025-03-28
SKU-009,2026-07-20,3.0,148.6,0,445.79999999999995,Furniture,Shelves,80.38,148.6,2025-03-28
SKU-009,2026-07-27,3.0,148.6,0,445.79999999999995,Furniture,Shelves,80.38,148.6,2025-03-28
SKU-009,2026-08-03,5.0,148.6,0,743.0,Furniture,Shelves,80.38,148.6,2025-03-28
SKU-009,2026-08-10,2.0,122.78999999999999,1,245.57999999999998,Furniture,Shelves,80.38,148.6,2025-03-28
SKU-009,2026-08-17,12.0,131.63799999999998,1,1531.4099999999999,Furniture,Shelves,80.38,148.6,2025-03-28
SKU-009,2026-08-24,3.0,148.6,0,445.79999999999995,Furniture,Shelves,80.38,148.6,2025-03-28
SKU-010,2024-01-01,39.0,530.466,1,19962.78,Furniture,Chairs,246.9,592.24,2023-08-16
SKU-010,2024-01-08,28.0,592.24,0,16582.72,Furniture,Chairs,246.9,592.24,2023-08-16
SKU-010,2024-01-15,27.0,592.24,0,20728.4,Furniture,Chairs,246.9,592.24,2023-08-16
SKU-010,2024-01-22,34.0,592.24,0,20136.16,Furniture,Chairs,246.9,592.24,2023-08-16
SKU-010,2024-01-29,29.0,592.24,0,17174.96,Furniture,Chairs,246.9,592.24,2023-08-16
SKU-010,2024-02-05,26.0,592.24,0,15398.24,Furniture,Chairs,246.9,592.24,2023-08-16
SKU-010,2024-02-12,26.0,544.375,1,13675.1,Furniture,Chairs,246.9,592.24,2023-08-16
SKU-010,2024-02-19,30.0,574.816,1,16721.76,Furniture,Chairs,246.9,592.24,2023-08-16
SKU-010,2024-02-26,27.0,592.24,0,15990.48,Furniture,Chairs,246.9,592.24,2023-08-16
SKU-010,2024-03-04,38.0,592.24,0,22505.12,Furniture,Chairs,246.9,592.24,2023-08-16
SKU-010,2024-03-11,36.0,552.2280000000001,1,19715.05,Furniture,Chairs,246.9,592.24,2023-08-16
SKU-010,2024-03-18,22.0,492.285,1,10968.48,Furniture,Chairs,246.9,592.24,2023-08-16
SKU-010,2024-03-25,23.0,592.24,0,13621.52,Furniture,Chairs,246.9,592.24,2023-08-16
SKU-010,2024-04-01,31.0,592.24,0,18359.440000000002,Furniture,Chairs,246.9,592.24,2023-08-16
SKU-010,2024-04-08,30.0,592.24,0,17767.2,Furniture,Chairs,246.9,592.24,2023-08-16
SKU-010,2024-04-15,16.0,592.24,0,9475.84,Furniture,Chairs,246.9,592.24,2023-08-16
SKU-010,2024-04-22,45.0,592.24,0,26650.8,Furniture,Chairs,246.9,592.24,2023-08-16
SKU-010,2024-04-29,20.0,592.24,0,16582.72,Furniture,Chairs,246.9,592.24,2023-08-16
SKU-010,2024-05-06,24.0,592.24,0,14213.76,Furniture,Chairs,246.9,592.24,2023-08-16
SKU-010,2024-05-13,6.0,592.24,0,8883.599999999999,Furniture,Chairs,246.9,592.24,2023-08-16
SKU-010,2024-05-20,22.0,592.24,0,13029.279999999999,Furniture,Chairs,246.9,592.24,2023-08-16
SKU-010,2024-05-27,23.0,576.8125,1,13251.26,Furniture,Chairs,246.9,592.24,2023-08-16
SKU-010,2024-06-03,35.0,592.24,0,20728.4,Furniture,Chairs,246.9,592.24,2023-08-16
SKU-010,2024-06-10,24.0,592.24,0,14213.76,Furniture,Chairs,246.9,592.24,2023-08-16
SKU-010,2024-06-17,22.0,592.24,0,13029.28,Furniture,Chairs,246.9,592.24,2023-08-16
SKU-010,2024-06-24,19.0,592.24,0,11252.56,Furniture,Chairs,246.9,592.24,2023-08-16
SKU-010,2024-07-01,31.0,495.87600000000003,1,15234.68,Furniture,Chairs,246.9,592.24,2023-08-16
SKU-010,2024-07-08,5.0,592.24,0,2961.2,Furniture,Chairs,246.9,592.24,2023-08-16
SKU-010,2024-07-15,34.0,592.24,0,20136.16,Furniture,Chairs,246.9,592.24,2023-08-16
SKU-010,2024-07-22,16.0,592.24,0,9475.84,Furniture,Chairs,246.9,592.24,2023-08-16
SKU-010,2024-07-29,26.0,592.24,0,15398.24,Furniture,Chairs,246.9,592.24,2023-08-16
SKU-010,2024-08-05,10.0,564.3233333333334,1,5587.4,Furniture,Chairs,246.9,592.24,2023-08-16
SKU-010,2024-08-12,35.0,499.035,1,17463.59,Furniture,Chairs,246.9,592.24,2023-08-16
SKU-010,2024-08-19,22.0,567.392,1,12532.32,Furniture,Chairs,246.9,592.24,2023-08-16
SKU-010,2024-08-26,24.0,576.086,1,16959.5,Furniture,Chairs,246.9,592.24,2023-08-16
SKU-010,2024-09-02,43.0,528.528,1,22290.18,Furniture,Chairs,246.9,592.24,2023-08-16
SKU-010,2024-09-09,17.0,568.4666666666667,1,15277.28,Furniture,Chairs,246.9,592.24,2023-08-16
SKU-010,2024-09-16,24.0,592.24,0,14213.76,Furniture,Chairs,246.9,592.24,2023-08-16
SKU-010,2024-09-23,19.0,592.24,0,11252.56,Furniture,Chairs,246.9,592.24,2023-08-16
SKU-010,2024-09-30,28.0,592.24,0,16582.72,Furniture,Chairs,246.9,592.24,2023-08-16
SKU-010,2024-10-07,29.0,537.1575,1,14870.23,Furniture,Chairs,246.9,592.24,2023-08-16
SKU-010,2024-10-14,30.0,554.838,1,15820.11,Furniture,Chairs,246.9,592.24,2023-08-16
SKU-010,2024-10-21,14.0,592.24,0,8291.36,Furniture,Chairs,246.9,592.24,2023-08-16
SKU-010,2024-10-28,47.0,592.24,0,27835.28,Furniture,Chairs,246.9,592.24,2023-08-16
SKU-010,2024-11-04,17.0,592.24,0,10068.08,Furniture,Chairs,246.9,592.24,2023-08-16
SKU-010,2024-11-11,22.0,592.24,0,13029.279999999999,Furniture,Chairs,246.9,592.24,2023-08-16
SKU-010,2024-11-18,37.0,545.9499999999999,1,18905.32,Furniture,Chairs,246.9,592.24,2023-08-16
SKU-010,2024-11-25,59.0,485.62399999999997,1,29001.84,Furniture,Chairs,246.9,592.24,2023-08-16
SKU-010,2024-12-02,26.0,592.24,0,15398.24,Furniture,Chairs,246.9,592.24,2023-08-16
SKU-010,2024-12-09,20.0,565.414,1,11956.24,Furniture,Chairs,246.9,592.24,2023-08-16
SKU-010,2024-12-16,33.0,497.155,1,16661.65,Furniture,Chairs,246.9,592.24,2023-08-16
SKU-010,2024-12-23,18.0,592.24,0,10660.32,Furniture,Chairs,246.9,592.24,2023-08-16
SKU-010,2024-12-30,32.0,540.366,1,16364.33,Furniture,Chairs,246.9,592.24,2023-08-16
SKU-010,2025-01-06,12.0,592.24,0,7106.88,Furniture,Chairs,246.9,592.24,2023-08-16
SKU-010,2025-01-13,18.0,592.24,0,10660.32,Furniture,Chairs,246.9,592.24,2023-08-16
SKU-010,2025-01-20,31.0,592.24,0,18359.440000000002,Furniture,Chairs,246.9,592.24,2023-08-16
SKU-010,2025-01-27,25.0,592.24,0,14806.0,Furniture,Chairs,246.9,592.24,2023-08-16
SKU-010,2025-02-03,41.0,592.24,0,24281.84,Furniture,Chairs,246.9,592.24,2023-08-16
SKU-010,2025-02-10,27.0,592.24,0,15990.48,Furniture,Chairs,246.9,592.24,2023-08-16
SKU-010,2025-02-17,29.0,556.0749999999999,1,15847.16,Furniture,Chairs,246.9,592.24,2023-08-16
SKU-010,2025-02-24,13.0,592.24,0,7699.12,Furniture,Chairs,246.9,592.24,2023-08-16
SKU-010,2025-03-03,18.0,592.24,0,10660.32,Furniture,Chairs,246.9,592.24,2023-08-16
SKU-010,2025-03-10,32.0,573.798,1,23267.53,Furniture,Chairs,246.9,592.24,2023-08-16
SKU-010,2025-03-17,48.0,496.385,1,23613.5,Furniture,Chairs,246.9,592.24,2023-08-16
SKU-010,2025-03-24,15.0,592.24,0,8883.6,Furniture,Chairs,246.9,592.24,2023-08-16
SKU-010,2025-03-31,11.0,592.24,0,6514.639999999999,Furniture,Chairs,246.9,592.24,2023-08-16
SKU-010,2025-04-07,21.0,592.24,0,12437.04,Furniture,Chairs,246.9,592.24,2023-08-16
SKU-010,2025-04-14,42.0,592.24,0,24874.079999999998,Furniture,Chairs,246.9,592.24,2023-08-16
SKU-010,2025-04-21,44.0,592.24,0,26058.56,Furniture,Chairs,246.9,592.24,2023-08-16
SKU-010,2025-04-28,13.0,592.24,0,7699.12,Furniture,Chairs,246.9,592.24,2023-08-16
SKU-010,2025-05-05,27.0,592.24,0,15990.48,Furniture,Chairs,246.9,592.24,2023-08-16
SKU-010,2025-05-12,17.0,592.24,0,10068.08,Furniture,Chairs,246.9,592.24,2023-08-16
SKU-010,2025-05-19,3.0,592.24,0,1776.72,Furniture,Chairs,246.9,592.24,2023-08-16
SKU-010,2025-05-26,46.0,527.0016666666667,1,24053.050000000003,Furniture,Chairs,246.9,592.24,2023-08-16
SKU-010,2025-06-02,15.0,592.24,0,8883.6,Furniture,Chairs,246.9,592.24,2023-08-16
SKU-010,2025-06-09,24.0,592.24,0,14213.76,Furniture,Chairs,246.9,592.24,2023-08-16
SKU-010,2025-06-16,23.0,592.24,0,13621.52,Furniture,Chairs,246.9,592.24,2023-08-16
SKU-010,2025-06-23,7.0,592.24,0,4145.68,Furniture,Chairs,246.9,592.24,2023-08-16
SKU-010,2025-06-30,40.0,518.5283333333333,1,20738.34,Furniture,Chairs,246.9,592.24,2023-08-16
SKU-010,2025-07-07,21.0,558.8425,1,11501.91,Furniture,Chairs,246.9,592.24,2023-08-16
SKU-010,2025-07-14,6.0,592.24,0,3553.44,Furniture,Chairs,246.9,592.24,2023-08-16
SKU-010,2025-07-21,15.0,592.24,0,8883.6,Furniture,Chairs,246.9,592.24,2023-08-16
SKU-010,2025-07-28,21.0,592.24,0,12437.04,Furniture,Chairs,246.9,592.24,2023-08-16
SKU-010,2025-08-04,16.0,557.67,1,8438.74,Furniture,Chairs,246.9,592.24,2023-08-16
SKU-010,2025-08-11,20.0,490.235,1,9855.97,Furniture,Chairs,246.9,592.24,2023-08-16
SKU-010,2025-08-18,27.0,521.85,1,13640.06,Furniture,Chairs,246.9,592.24,2023-08-16
SKU-010,2025-08-25,18.0,592.24,0,10660.32,Furniture,Chairs,246.9,592.24,2023-08-16
SKU-010,2025-09-01,16.0,592.24,0,9475.84,Furniture,Chairs,246.9,592.24,2023-08-16
SKU-010,2025-09-08,53.0,548.142,1,28547.29,Furniture,Chairs,246.9,592.24,2023-08-16
SKU-010,2025-09-15,20.0,592.24,0,11844.8,Furniture,Chairs,246.9,592.24,2023-08-16
SKU-010,2025-09-22,18.0,592.24,0,12437.04,Furniture,Chairs,246.9,592.24,2023-08-16
SKU-010,2025-09-29,19.0,592.24,0,11252.56,Furniture,Chairs,246.9,592.24,2023-08-16
SKU-010,2025-10-06,52.0,544.7883333333333,1,27872.24,Furniture,Chairs,246.9,592.24,2023-08-16
SKU-010,2025-10-13,40.0,553.192,1,21720.97,Furniture,Chairs,246.9,592.24,2023-08-16
SKU-010,2025-10-20,9.0,592.24,0,5330.16,Furniture,Chairs,246.9,592.24,2023-08-16
SKU-010,2025-10-27,18.0,592.24,0,10660.32,Furniture,Chairs,246.9,592.24,2023-08-16
SKU-010,2025-11-03,16.0,592.24,0,11844.8,Furniture,Chairs,246.9,592.24,2023-08-16
SKU-010,2025-11-10,11.0,592.24,0,6514.639999999999,Furniture,Chairs,246.9,592.24,2023-08-16
SKU-010,2025-11-17,20.0,548.1133333333333,1,10388.619999999999,Furniture,Chairs,246.9,592.24,2023-08-16
SKU-010,2025-11-24,23.0,478.94,1,10818.4,Furniture,Chairs,246.9,592.24,2023-08-16
SKU-010,2025-12-01,17.0,592.24,0,10068.08,Furniture,Chairs,246.9,592.24,2023-08-16
SKU-010,2025-12-08,29.0,592.24,0,17174.96,Furniture,Chairs,246.9,592.24,2023-08-16
SKU-010,2025-12-15,56.0,491.4266666666667,1,27103.5,Furniture,Chairs,246.9,592.24,2023-08-16
SKU-010,2025-12-22,37.0,548.7525,1,19669.33,Furniture,Chairs,246.9,592.24,2023-08-16
SKU-010,2025-12-29,14.0,468.97333333333336,1,9353.96,Furniture,Chairs,246.9,592.24,2023-08-16
SKU-010,2026-01-05,24.0,592.24,0,14213.759999999998,Furniture,Chairs,246.9,592.24,2023-08-16
SKU-010,2026-01-12,38.0,592.24,0,22505.12,Furniture,Chairs,246.9,592.24,2023-08-16
SKU-010,2026-01-19,15.0,592.24,0,8883.6,Furniture,Chairs,246.9,592.24,2023-08-16
SKU-010,2026-01-26,16.0,592.24,0,9475.84,Furniture,Chairs,246.9,592.24,2023-08-16
SKU-010,2026-02-02,30.0,592.24,0,17767.2,Furniture,Chairs,246.9,592.24,2023-08-16
SKU-010,2026-02-09,31.0,592.24,0,18359.440000000002,Furniture,Chairs,246.9,592.24,2023-08-16
SKU-010,2026-02-16,38.0,553.936,1,20269.64,Furniture,Chairs,246.9,592.24,2023-08-16
SKU-010,2026-02-23,13.0,592.24,0,7699.12,Furniture,Chairs,246.9,592.24,2023-08-16
SKU-010,2026-03-02,33.0,592.24,0,19543.92,Furniture,Chairs,246.9,592.24,2023-08-16
SKU-010,2026-03-09,33.0,557.8275,1,17616.82,Furniture,Chairs,246.9,592.24,2023-08-16
SKU-010,2026-03-16,66.0,502.7,1,33289.85,Furniture,Chairs,246.9,592.24,2023-08-16
SKU-010,2026-03-23,20.0,592.24,0,11844.8,Furniture,Chairs,246.9,592.24,2023-08-16
SKU-010,2026-03-30,32.0,592.24,0,18951.68,Furniture,Chairs,246.9,592.24,2023-08-16
SKU-010,2026-04-06,28.0,592.24,0,16582.72,Furniture,Chairs,246.9,592.24,2023-08-16
SKU-010,2026-04-13,19.0,592.24,0,11252.56,Furniture,Chairs,246.9,592.24,2023-08-16
SKU-010,2026-04-20,23.0,592.24,0,13621.52,Furniture,Chairs,246.9,592.24,2023-08-16
SKU-010,2026-04-27,35.0,592.24,0,20728.4,Furniture,Chairs,246.9,592.24,2023-08-16
SKU-010,2026-05-04,26.0,592.24,0,15398.24,Furniture,Chairs,246.9,592.24,2023-08-16
SKU-010,2026-05-11,18.0,592.24,0,10660.32,Furniture,Chairs,246.9,592.24,2023-08-16
SKU-010,2026-05-18,21.0,566.21,1,11499.96,Furniture,Chairs,246.9,592.24,2023-08-16
SKU-010,2026-05-25,28.0,547.465,1,15344.44,Furniture,Chairs,246.9,592.24,2023-08-16
SKU-010,2026-06-01,26.0,592.24,0,15398.24,Furniture,Chairs,246.9,592.24,2023-08-16
SKU-010,2026-06-08,10.0,592.24,0,5922.4,Furniture,Chairs,246.9,592.24,2023-08-16
SKU-010,2026-06-15,18.0,592.24,0,10660.32,Furniture,Chairs,246.9,592.24,2023-08-16
SKU-010,2026-06-22,25.0,592.24,0,14806.0,Furniture,Chairs,246.9,592.24,2023-08-16
SKU-010,2026-06-29,38.0,501.90500000000003,1,18526.12,Furniture,Chairs,246.9,592.24,2023-08-16
SKU-010,2026-07-06,29.0,574.8275,1,16269.51,Furniture,Chairs,246.9,592.24,2023-08-16
SKU-010,2026-07-13,32.0,592.24,0,18951.68,Furniture,Chairs,246.9,592.24,2023-08-16
SKU-010,2026-07-20,28.0,592.24,0,16582.72,Furniture,Chairs,246.9,592.24,2023-08-16
SKU-010,2026-07-27,20.0,592.24,0,11844.8,Furniture,Chairs,246.9,592.24,2023-08-16
SKU-010,2026-08-03,30.0,592.24,0,17767.2,Furniture,Chairs,246.9,592.24,2023-08-16
SKU-010,2026-08-10,44.0,516.56,1,22753.34,Furniture,Chairs,246.9,592.24,2023-08-16
SKU-010,2026-08-17,21.0,552.0525,1,11398.46,Furniture,Chairs,246.9,592.24,2023-08-16
SKU-010,2026-08-24,15.0,592.24,0,8883.6,Furniture,Chairs,246.9,592.24,2023-08-16
SKU-010,2026-08-31,2.0,592.24,0,1184.48,Furniture,Chairs,246.9,592.24,2023-08-16
SKU-011,2024-02-19,8.0,211.32,1,1671.52,Furniture,Tables,98.37,220.84,2024-02-18
SKU-011,2024-02-26,3.0,220.84,0,662.52,Furniture,Tables,98.37,220.84,2024-02-18
SKU-011,2024-03-04,6.0,220.84,0,1325.04,Furniture,Tables,98.37,220.84,2024-02-18
SKU-011,2024-03-11,6.0,198.28333333333333,1,1183.0700000000002,Furniture,Tables,98.37,220.84,2024-02-18
SKU-011,2024-03-18,9.0,194.57000000000002,1,1707.32,Furniture,Tables,98.37,220.84,2024-02-18
SKU-011,2024-03-25,4.0,220.84,0,883.36,Furniture,Tables,98.37,220.84,2024-02-18
SKU-011,2024-04-01,5.0,220.84,0,1104.2,Furniture,Tables,98.37,220.84,2024-02-18
SKU-011,2024-04-08,5.0,220.84,0,1104.2,Furniture,Tables,98.37,220.84,2024-02-18
SKU-011,2024-04-15,9.0,220.84,0,2208.4,Furniture,Tables,98.37,220.84,2024-02-18
SKU-011,2024-04-22,7.0,220.84,0,1545.88,Furniture,Tables,98.37,220.84,2024-02-18
SKU-011,2024-04-29,9.0,220.84,0,1987.56,Furniture,Tables,98.37,220.84,2024-02-18
SKU-011,2024-05-06,6.0,220.84,0,1325.04,Furniture,Tables,98.37,220.84,2024-02-18
SKU-011,2024-05-13,4.0,220.84,0,883.36,Furniture,Tables,98.37,220.84,2024-02-18
SKU-011,2024-05-20,2.0,220.84,0,441.68,Furniture,Tables,98.37,220.84,2024-02-18
SKU-011,2024-05-27,8.0,209.6875,1,1677.5,Furniture,Tables,98.37,220.84,2024-02-18
SKU-011,2024-06-03,3.0,220.84,0,662.52,Furniture,Tables,98.37,220.84,2024-02-18
SKU-011,2024-06-10,6.0,220.84,0,1325.04,Furniture,Tables,98.37,220.84,2024-02-18
SKU-011,2024-06-17,9.0,220.84,0,1987.56,Furniture,Tables,98.37,220.84,2024-02-18
SKU-011,2024-06-24,7.0,220.84,0,1545.88,Furniture,Tables,98.37,220.84,2024-02-18
SKU-011,2024-07-01,10.0,184.2,1,1851.02,Furniture,Tables,98.37,220.84,2024-02-18
SKU-011,2024-07-08,2.0,220.84,0,441.68,Furniture,Tables,98.37,220.84,2024-02-18
SKU-011,2024-07-15,3.0,220.84,0,662.52,Furniture,Tables,98.37,220.84,2024-02-18
SKU-011,2024-07-22,9.0,220.84,0,1987.56,Furniture,Tables,98.37,220.84,2024-02-18
SKU-011,2024-07-29,7.0,220.84,0,1545.88,Furniture,Tables,98.37,220.84,2024-02-18
SKU-011,2024-08-05,11.0,208.27833333333334,1,2255.5,Furniture,Tables,98.37,220.84,2024-02-18
SKU-011,2024-08-12,7.0,179.8175,1,1269.68,Furniture,Tables,98.37,220.84,2024-02-18
SKU-011,2024-08-26,2.0,220.84,0,441.68,Furniture,Tables,98.37,220.84,2024-02-18
SKU-011,2024-09-02,5.0,191.91,1,979.3800000000001,Furniture,Tables,98.37,220.84,2024-02-18
SKU-011,2024-09-09,6.0,195.715,1,1124.04,Furniture,Tables,98.37,220.84,2024-02-18
SKU-011,2024-09-16,6.0,220.84,0,1325.04,Furniture,Tables,98.37,220.84,2024-02-18
SKU-011,2024-09-23,12.0,220.84,0,2650.08,Furniture,Tables,98.37,220.84,2024-02-18
SKU-011,2024-09-30,19.0,220.84,0,4195.96,Furniture,Tables,98.37,220.84,2024-02-18
SKU-011,2024-10-07,5.0,179.23250000000002,1,909.51,Furniture,Tables,98.37,220.84,2024-02-18
SKU-011,2024-10-14,9.0,204.45666666666668,1,1797.54,Furniture,Tables,98.37,220.84,2024-02-18
SKU-011,2024-10-21,2.0,220.84,0,662.52,Furniture,Tables,98.37,220.84,2024-02-18
SKU-011,2024-10-28,5.0,220.84,0,1104.2,Furniture,Tables,98.37,220.84,2024-02-18
SKU-011,2024-11-04,3.0,220.84,0,662.52,Furniture,Tables,98.37,220.84,2024-02-18
SKU-011,2024-11-11,2.0,220.84,0,441.68,Furniture,Tables,98.37,220.84,2024-02-18
SKU-011,2024-11-18,2.0,220.84,0,441.68,Furniture,Tables,98.37,220.84,2024-02-18
SKU-011,2024-11-25,3.0,175.99,1,537.78,Furniture,Tables,98.37,220.84,2024-02-18
SKU-011,2024-12-02,6.0,220.84,0,1325.04,Furniture,Tables,98.37,220.84,2024-02-18
SKU-011,2024-12-09,6.0,220.84,0,1325.04,Furniture,Tables,98.37,220.84,2024-02-18
SKU-011,2024-12-16,6.0,176.13600000000002,1,1060.49,Furniture,Tables,98.37,220.84,2024-02-18
SKU-011,2024-12-23,7.0,200.9475,1,1400.71,Furniture,Tables,98.37,220.84,2024-02-18
SKU-011,2024-12-30,8.0,209.92399999999998,1,1648.98,Furniture,Tables,98.37,220.84,2024-02-18
SKU-011,2025-01-06,3.0,220.84,0,662.52,Furniture,Tables,98.37,220.84,2024-02-18
SKU-011,2025-01-13,14.0,220.84,0,3091.76,Furniture,Tables,98.37,220.84,2024-02-18
SKU-011,2025-01-20,7.0,220.84,0,1545.88,Furniture,Tables,98.37,220.84,2024-02-18
SKU-011,2025-01-27,4.0,220.84,0,883.36,Furniture,Tables,98.37,220.84,2024-02-18
SKU-011,2025-02-03,4.0,220.84,0,1325.04,Furniture,Tables,98.37,220.84,2024-02-18
SKU-011,2025-02-10,2.0,220.84,0,441.68,Furniture,Tables,98.37,220.84,2024-02-18
SKU-011,2025-02-17,9.0,220.84,0,1987.56,Furniture,Tables,98.37,220.84,2024-02-18
SKU-011,2025-02-24,10.0,220.84,0,2208.4,Furniture,Tables,98.37,220.84,2024-02-18
SKU-011,2025-03-03,8.0,220.84,0,1766.72,Furniture,Tables,98.37,220.84,2024-02-18
SKU-011,2025-03-10,11.0,210.835,1,2750.86,Furniture,Tables,98.37,220.84,2024-02-18
SKU-011,2025-03-17,8.0,184.864,1,1986.1799999999998,Furniture,Tables,98.37,220.84,2024-02-18
SKU-011,2025-03-24,12.0,220.84,0,2650.08,Furniture,Tables,98.37,220.84,2024-02-18
SKU-011,2025-03-31,11.0,220.84,0,2429.24,Furniture,Tables,98.37,220.84,2024-02-18
SKU-011,2025-04-07,7.0,220.84,0,1545.88,Furniture,Tables,98.37,220.84,2024-02-18
SKU-011,2025-04-14,2.0,220.84,0,441.68,Furniture,Tables,98.37,220.84,2024-02-18
SKU-011,2025-04-21,11.0,220.84,0,2429.2400000000002,Furniture,Tables,98.37,220.84,2024-02-18
SKU-011,2025-04-28,6.0,220.84,0,1325.04,Furniture,Tables,98.37,220.84,2024-02-18
SKU-011,2025-05-05,5.0,220.84,0,1104.2,Furniture,Tables,98.37,220.84,2024-02-18
SKU-011,2025-05-12,5.0,220.84,0,1104.2,Furniture,Tables,98.37,220.84,2024-02-18
SKU-011,2025-05-19,3.0,220.84,0,662.52,Furniture,Tables,98.37,220.84,2024-02-18
SKU-011,2025-05-26,4.0,198.35000000000002,1,748.4200000000001,Furniture,Tables,98.37,220.84,2024-02-18
SKU-011,2025-06-02,5.0,220.84,0,1104.2,Furniture,Tables,98.37,220.84,2024-02-18
SKU-011,2025-06-09,3.0,220.84,0,662.52,Furniture,Tables,98.37,220.84,2024-02-18
SKU-011,2025-06-16,3.0,220.84,0,662.52,Furniture,Tables,98.37,220.84,2024-02-18
SKU-011,2025-06-23,1.0,220.84,0,220.84,Furniture,Tables,98.37,220.84,2024-02-18
SKU-011,2025-06-30,9.0,196.2125,1,1739.14,Furniture,Tables,98.37,220.84,2024-02-18
SKU-011,2025-07-07,9.0,215.2975,1,1943.2199999999998,Furniture,Tables,98.37,220.84,2024-02-18
SKU-011,2025-07-14,4.0,220.84,0,883.36,Furniture,Tables,98.37,220.84,2024-02-18
SKU-011,2025-07-21,2.0,220.84,0,441.68,Furniture,Tables,98.37,220.84,2024-02-18
SKU-011,2025-07-28,2.0,220.84,0,441.68,Furniture,Tables,98.37,220.84,2024-02-18
SKU-011,2025-08-04,4.0,220.84,0,883.36,Furniture,Tables,98.37,220.84,2024-02-18
SKU-011,2025-08-11,10.0,181.94500000000002,1,2377.38,Furniture,Tables,98.37,220.84,2024-02-18
SKU-011,2025-08-18,3.0,188.17666666666665,1,564.53,Furniture,Tables,98.37,220.84,2024-02-18
SKU-011,2025-08-25,4.0,220.84,0,883.36,Furniture,Tables,98.37,220.84,2024-02-18
SKU-011,2025-09-01,12.0,202.3425,1,2393.98,Furniture,Tables,98.37,220.84,2024-02-18
SKU-011,2025-09-08,4.0,194.10500000000002,1,722.95,Furniture,Tables,98.37,220.84,2024-02-18
SKU-011,2025-09-15,13.0,220.84,0,2870.92,Furniture,Tables,98.37,220.84,2024-02-18
SKU-011,2025-09-22,10.0,220.84,0,2208.4,Furniture,Tables,98.37,220.84,2024-02-18
SKU-011,2025-09-29,6.0,220.84,0,1325.04,Furniture,Tables,98.37,220.84,2024-02-18
SKU-011,2025-10-06,10.0,208.54000000000002,1,2113.49,Furniture,Tables,98.37,220.84,2024-02-18
SKU-011,2025-10-13,9.0,205.2,1,1815.08,Furniture,Tables,98.37,220.84,2024-02-18
SKU-011,2025-10-20,7.0,220.84,0,1545.88,Furniture,Tables,98.37,220.84,2024-02-18
SKU-011,2025-10-27,4.0,220.84,0,1325.04,Furniture,Tables,98.37,220.84,2024-02-18
SKU-011,2025-11-03,3.0,220.84,0,662.52,Furniture,Tables,98.37,220.84,2024-02-18
SKU-011,2025-11-10,5.0,220.84,0,1104.2,Furniture,Tables,98.37,220.84,2024-02-18
SKU-011,2025-11-17,4.0,220.84,0,883.36,Furniture,Tables,98.37,220.84,2024-02-18
SKU-011,2025-11-24,9.0,175.44,1,1616.8500000000001,Furniture,Tables,98.37,220.84,2024-02-18
SKU-011,2025-12-01,6.0,220.84,0,1325.04,Furniture,Tables,98.37,220.84,2024-02-18
SKU-011,2025-12-08,3.0,220.84,0,662.52,Furniture,Tables,98.37,220.84,2024-02-18
SKU-011,2025-12-15,10.0,183.968,1,1861.37,Furniture,Tables,98.37,220.84,2024-02-18
SKU-011,2025-12-22,4.0,195.5233333333333,1,780.0699999999999,Furniture,Tables,98.37,220.84,2024-02-18
SKU-011,2025-12-29,9.0,198.76999999999998,1,2001.78,Furniture,Tables,98.37,220.84,2024-02-18
SKU-011,2026-01-05,4.0,220.84,0,883.36,Furniture,Tables,98.37,220.84,2024-02-18
SKU-011,2026-01-12,3.0,220.84,0,662.52,Furniture,Tables,98.37,220.84,2024-02-18
SKU-011,2026-01-19,2.0,220.84,0,441.68,Furniture,Tables,98.37,220.84,2024-02-18
SKU-011,2026-01-26,1.0,220.84,0,220.84,Furniture,Tables,98.37,220.84,2024-02-18
SKU-011,2026-02-02,6.0,220.84,0,1325.04,Furniture,Tables,98.37,220.84,2024-02-18
SKU-011,2026-02-09,6.0,220.84,0,1545.8799999999999,Furniture,Tables,98.37,220.84,2024-02-18
SKU-011,2026-02-16,5.0,220.84,0,1104.2,Furniture,Tables,98.37,220.84,2024-02-18
SKU-011,2026-02-23,2.0,220.84,0,441.68,Furniture,Tables,98.37,220.84,2024-02-18
SKU-011,2026-03-02,7.0,220.84,0,1545.88,Furniture,Tables,98.37,220.84,2024-02-18
SKU-011,2026-03-09,6.0,206.89000000000001,1,1820.16,Furniture,Tables,98.37,220.84,2024-02-18
SKU-011,2026-03-16,19.0,188.3166666666667,1,3526.94,Furniture,Tables,98.37,220.84,2024-02-18
SKU-011,2026-03-23,13.0,220.84,0,3091.76,Furniture,Tables,98.37,220.84,2024-02-18
SKU-011,2026-03-30,10.0,220.84,0,2208.4,Furniture,Tables,98.37,220.84,2024-02-18
SKU-011,2026-04-06,3.0,220.84,0,662.52,Furniture,Tables,98.37,220.84,2024-02-18
SKU-011,2026-04-13,3.0,220.84,0,662.52,Furniture,Tables,98.37,220.84,2024-02-18
SKU-011,2026-04-20,10.0,220.84,0,2208.4,Furniture,Tables,98.37,220.84,2024-02-18
SKU-011,2026-04-27,8.0,220.84,0,1766.72,Furniture,Tables,98.37,220.84,2024-02-18
SKU-011,2026-05-04,7.0,220.84,0,1545.88,Furniture,Tables,98.37,220.84,2024-02-18
SKU-011,2026-05-11,3.0,220.84,0,662.52,Furniture,Tables,98.37,220.84,2024-02-18
SKU-011,2026-05-18,3.0,220.84,0,662.52,Furniture,Tables,98.37,220.84,2024-02-18
SKU-011,2026-05-25,1.0,183.11,1,183.11,Furniture,Tables,98.37,220.84,2024-02-18
SKU-011,2026-06-01,4.0,220.84,0,1104.2,Furniture,Tables,98.37,220.84,2024-02-18
SKU-011,2026-06-08,3.0,220.84,0,662.52,Furniture,Tables,98.37,220.84,2024-02-18
SKU-011,2026-06-15,7.0,220.84,0,1545.88,Furniture,Tables,98.37,220.84,2024-02-18
SKU-011,2026-06-22,4.0,220.84,0,883.36,Furniture,Tables,98.37,220.84,2024-02-18
SKU-011,2026-06-29,6.0,193.02166666666668,1,1156.84,Furniture,Tables,98.37,220.84,2024-02-18
SKU-011,2026-07-06,9.0,201.2075,1,1822.99,Furniture,Tables,98.37,220.84,2024-02-18
SKU-011,2026-07-13,6.0,220.84,0,1325.04,Furniture,Tables,98.37,220.84,2024-02-18
SKU-011,2026-07-20,3.0,220.84,0,662.52,Furniture,Tables,98.37,220.84,2024-02-18
SKU-011,2026-07-27,12.0,220.84,0,2650.08,Furniture,Tables,98.37,220.84,2024-02-18
SKU-011,2026-08-03,7.0,220.84,0,1545.8799999999999,Furniture,Tables,98.37,220.84,2024-02-18
SKU-011,2026-08-10,7.0,174.988,1,1238.36,Furniture,Tables,98.37,220.84,2024-02-18
SKU-011,2026-08-17,3.0,198.23666666666668,1,594.71,Furniture,Tables,98.37,220.84,2024-02-18
SKU-011,2026-08-24,6.0,220.84,0,1325.04,Furniture,Tables,98.37,220.84,2024-02-18
SKU-012,2024-01-01,10.0,212.66666666666666,1,2936.7599999999998,Furniture,Shelves,117.74,229.2,2022-11-30
SKU-012,2024-01-08,23.0,229.2,0,5271.6,Furniture,Shelves,117.74,229.2,2022-11-30
SKU-012,2024-01-15,19.0,229.2,0,4354.8,Furniture,Shelves,117.74,229.2,2022-11-30
SKU-012,2024-01-22,16.0,229.19999999999996,0,3667.2,Furniture,Shelves,117.74,229.2,2022-11-30
SKU-012,2024-01-29,14.0,229.2,0,3208.8,Furniture,Shelves,117.74,229.2,2022-11-30
SKU-012,2024-02-05,11.0,229.19999999999996,0,2521.2,Furniture,Shelves,117.74,229.2,2022-11-30
SKU-012,2024-02-12,21.0,199.38333333333333,1,4017.43,Furniture,Shelves,117.74,229.2,2022-11-30
SKU-012,2024-02-19,17.0,218.754,1,3583.0199999999995,Furniture,Shelves,117.74,229.2,2022-11-30
SKU-012,2024-02-26,13.0,229.2,0,2979.6,Furniture,Shelves,117.74,229.2,2022-11-30
SKU-012,2024-03-04,24.0,229.2,0,5500.8,Furniture,Shelves,117.74,229.2,2022-11-30
SKU-012,2024-03-11,8.0,203.41,1,1659.37,Furniture,Shelves,117.74,229.2,2022-11-30
SKU-012,2024-03-18,24.0,208.456,1,4856.96,Furniture,Shelves,117.74,229.2,2022-11-30
SKU-012,2024-03-25,17.0,229.2,0,3896.4,Furniture,Shelves,117.74,229.2,2022-11-30
SKU-012,2024-04-01,7.0,229.19999999999996,0,1604.3999999999999,Furniture,Shelves,117.74,229.2,2022-11-30
SKU-012,2024-04-08,10.0,229.19999999999996,0,3208.8,Furniture,Shelves,117.74,229.2,2022-11-30
SKU-012,2024-04-15,22.0,229.2,0,5042.4,Furniture,Shelves,117.74,229.2,2022-11-30
SKU-012,2024-04-22,13.0,229.2,0,2979.6,Furniture,Shelves,117.74,229.2,2022-11-30
SKU-012,2024-04-29,13.0,229.19999999999996,0,3896.3999999999996,Furniture,Shelves,117.74,229.2,2022-11-30
SKU-012,2024-05-06,13.0,229.2,0,2979.6,Furniture,Shelves,117.74,229.2,2022-11-30
SKU-012,2024-05-13,5.0,229.2,0,1604.4,Furniture,Shelves,117.74,229.2,2022-11-30
SKU-012,2024-05-20,14.0,224.59,1,3556.56,Furniture,Shelves,117.74,229.2,2022-11-30
SKU-012,2024-05-27,15.0,222.64,1,3254.32,Furniture,Shelves,117.74,229.2,2022-11-30
SKU-012,2024-06-03,10.0,229.2,0,2292.0,Furniture,Shelves,117.74,229.2,2022-11-30
SKU-012,2024-06-10,10.0,229.2,0,2292.0,Furniture,Shelves,117.74,229.2,2022-11-30
SKU-012,2024-06-17,7.0,229.2,0,1604.3999999999999,Furniture,Shelves,117.74,229.2,2022-11-30
SKU-012,2024-06-24,13.0,229.2,0,2979.6000000000004,Furniture,Shelves,117.74,229.2,2022-11-30
SKU-012,2024-07-01,12.0,191.0475,1,2310.82,Furniture,Shelves,117.74,229.2,2022-11-30
SKU-012,2024-07-08,8.0,229.19999999999996,0,1833.6,Furniture,Shelves,117.74,229.2,2022-11-30
SKU-012,2024-07-15,10.0,229.2,0,2292.0,Furniture,Shelves,117.74,229.2,2022-11-30
SKU-012,2024-07-22,10.0,229.19999999999996,0,2292.0,Furniture,Shelves,117.74,229.2,2022-11-30
SKU-012,2024-07-29,11.0,229.2,0,2521.2,Furniture,Shelves,117.74,229.2,2022-11-30
SKU-012,2024-08-05,21.0,210.5,1,4311.2,Furniture,Shelves,117.74,229.2,2022-11-30
SKU-012,2024-08-12,19.0,180.712,1,3393.7,Furniture,Shelves,117.74,229.2,2022-11-30
SKU-012,2024-08-19,22.0,212.46666666666667,1,4449.400000000001,Furniture,Shelves,117.74,229.2,2022-11-30
SKU-012,2024-08-26,9.0,229.19999999999996,0,2062.8,Furniture,Shelves,117.74,229.2,2022-11-30
SKU-012,2024-09-02,16.0,207.6833333333333,1,3244.73,Furniture,Shelves,117.74,229.2,2022-11-30
SKU-012,2024-09-09,20.0,219.0333333333333,1,4370.5,Furniture,Shelves,117.74,229.2,2022-11-30
SKU-012,2024-09-16,11.0,229.19999999999996,0,2521.2,Furniture,Shelves,117.74,229.2,2022-11-30
SKU-012,2024-09-23,18.0,229.2,0,4125.6,Furniture,Shelves,117.74,229.2,2022-11-30
SKU-012,2024-09-30,15.0,229.2,0,3438.0,Furniture,Shelves,117.74,229.2,2022-11-30
SKU-012,2024-10-07,35.0,193.33800000000002,1,6781.21,Furniture,Shelves,117.74,229.2,2022-11-30
SKU-012,2024-10-14,20.0,201.74,1,3946.94,Furniture,Shelves,117.74,229.2,2022-11-30
SKU-012,2024-10-21,21.0,229.2,0,4813.2,Furniture,Shelves,117.74,229.2,2022-11-30
SKU-012,2024-10-28,12.0,229.2,0,2750.4,Furniture,Shelves,117.74,229.2,2022-11-30
SKU-012,2024-11-04,15.0,229.2,0,3438.0,Furniture,Shelves,117.74,229.2,2022-11-30
SKU-012,2024-11-11,12.0,229.2,0,2750.4,Furniture,Shelves,117.74,229.2,2022-11-30
SKU-012,2024-11-18,18.0,213.43199999999996,1,3775.75,Furniture,Shelves,117.74,229.2,2022-11-30
SKU-012,2024-11-25,16.0,186.96666666666667,1,3047.3999999999996,Furniture,Shelves,117.74,229.2,2022-11-30
SKU-012,2024-12-02,7.0,229.19999999999996,0,1604.3999999999999,Furniture,Shelves,117.74,229.2,2022-11-30
SKU-012,2024-12-09,13.0,218.454,1,2925.87,Furniture,Shelves,117.74,229.2,2022-11-30
SKU-012,2024-12-16,27.0,192.44833333333335,1,5218.34,Furniture,Shelves,117.74,229.2,2022-11-30
SKU-012,2024-12-23,10.0,212.30666666666664,1,2497.06,Furniture,Shelves,117.74,229.2,2022-11-30
SKU-012,2024-12-30,5.0,229.2,0,1833.6000000000001,Furniture,Shelves,117.74,229.2,2022-11-30
SKU-012,2025-01-06,10.0,229.2,0,2292.0,Furniture,Shelves,117.74,229.2,2022-11-30
SKU-012,2025-01-13,16.0,229.19999999999996,0,3667.2,Furniture,Shelves,117.74,229.2,2022-11-30
SKU-012,2025-01-20,6.0,229.2,0,1375.1999999999998,Furniture,Shelves,117.74,229.2,2022-11-30
SKU-012,2025-01-27,19.0,229.2,0,4354.8,Furniture,Shelves,117.74,229.2,2022-11-30
SKU-012,2025-02-03,13.0,229.19999999999996,0,2979.6,Furniture,Shelves,117.74,229.2,2022-11-30
SKU-012,2025-02-10,12.0,229.2,0,2750.4,Furniture,Shelves,117.74,229.2,2022-11-30
SKU-012,2025-02-17,21.0,216.16166666666666,1,4404.46,Furniture,Shelves,117.74,229.2,2022-11-30
SKU-012,2025-02-24,18.0,229.2,0,4125.599999999999,Furniture,Shelves,117.74,229.2,2022-11-30
SKU-012,2025-03-03,14.0,229.2,0,3208.8,Furniture,Shelves,117.74,229.2,2022-11-30
SKU-012,2025-03-10,38.0,214.1285714285714,1,7755.04,Furniture,Shelves,117.74,229.2,2022-11-30
SKU-012,2025-03-17,12.0,197.26333333333332,1,2315.84,Furniture,Shelves,117.74,229.2,2022-11-30
SKU-012,2025-03-24,13.0,229.2,0,2979.6,Furniture,Shelves,117.74,229.2,2022-11-30
SKU-012,2025-03-31,13.0,229.19999999999996,0,2979.6,Furniture,Shelves,117.74,229.2,2022-11-30
SKU-012,2025-04-07,13.0,229.19999999999996,0,2979.6,Furniture,Shelves,117.74,229.2,2022-11-30
SKU-012,2025-04-14,18.0,229.19999999999996,0,4125.6,Furniture,Shelves,117.74,229.2,2022-11-30
SKU-012,2025-04-21,17.0,229.2,0,3896.4,Furniture,Shelves,117.74,229.2,2022-11-30
SKU-012,2025-04-28,11.0,229.19999999999996,0,2521.2000000000003,Furniture,Shelves,117.74,229.2,2022-11-30
SKU-012,2025-05-05,13.0,229.2,0,2979.6,Furniture,Shelves,117.74,229.2,2022-11-30
SKU-012,2025-05-12,11.0,229.2,0,2521.2,Furniture,Shelves,117.74,229.2,2022-11-30
SKU-012,2025-05-19,5.0,229.2,0,1146.0,Furniture,Shelves,117.74,229.2,2022-11-30
SKU-012,2025-05-26,20.0,202.268,1,4043.2799999999997,Furniture,Shelves,117.74,229.2,2022-11-30
SKU-012,2025-06-02,14.0,229.2,0,3208.8,Furniture,Shelves,117.74,229.2,2022-11-30
SKU-012,2025-06-09,5.0,229.19999999999996,0,1146.0,Furniture,Shelves,117.74,229.2,2022-11-30
SKU-012,2025-06-16,5.0,229.19999999999996,0,1146.0,Furniture,Shelves,117.74,229.2,2022-11-30
SKU-012,2025-06-23,17.0,229.19999999999996,0,4354.8,Furniture,Shelves,117.74,229.2,2022-11-30
SKU-012,2025-06-30,4.0,196.095,1,787.47,Furniture,Shelves,117.74,229.2,2022-11-30
SKU-012,2025-07-07,11.0,215.615,1,2412.52,Furniture,Shelves,117.74,229.2,2022-11-30
SKU-012,2025-07-14,6.0,229.2,0,1375.2,Furniture,Shelves,117.74,229.2,2022-11-30
SKU-012,2025-07-21,17.0,229.2,0,3896.3999999999996,Furniture,Shelves,117.74,229.2,2022-11-30
SKU-012,2025-07-28,15.0,229.2,0,3438.0,Furniture,Shelves,117.74,229.2,2022-11-30
SKU-012,2025-08-04,14.0,229.2,0,3208.8,Furniture,Shelves,117.74,229.2,2022-11-30
SKU-012,2025-08-11,9.0,184.245,1,1651.51,Furniture,Shelves,117.74,229.2,2022-11-30
SKU-012,2025-08-18,15.0,215.16799999999998,1,3157.36,Furniture,Shelves,117.74,229.2,2022-11-30
SKU-012,2025-08-25,5.0,229.2,0,1375.1999999999998,Furniture,Shelves,117.74,229.2,2022-11-30
SKU-012,2025-09-01,16.0,229.2,0,3667.2000000000003,Furniture,Shelves,117.74,229.2,2022-11-30
SKU-012,2025-09-08,10.0,220.12,1,2183.04,Furniture,Shelves,117.74,229.2,2022-11-30
SKU-012,2025-09-15,20.0,229.2,0,4584.0,Furniture,Shelves,117.74,229.2,2022-11-30
SKU-012,2025-09-22,14.0,229.2,0,3208.8,Furniture,Shelves,117.74,229.2,2022-11-30
SKU-012,2025-09-29,23.0,229.19999999999996,0,5271.6,Furniture,Shelves,117.74,229.2,2022-11-30
SKU-012,2025-10-06,2.0,229.2,0,458.4,Furniture,Shelves,117.74,229.2,2022-11-30
SKU-012,2025-10-13,25.0,197.515,1,4846.38,Furniture,Shelves,117.74,229.2,2022-11-30
SKU-012,2025-10-20,14.0,229.19999999999996,0,3208.8,Furniture,Shelves,117.74,229.2,2022-11-30
SKU-012,2025-10-27,13.0,229.2,0,2979.6,Furniture,Shelves,117.74,229.2,2022-11-30
SKU-012,2025-11-03,15.0,229.19999999999996,0,3438.0,Furniture,Shelves,117.74,229.2,2022-11-30
SKU-012,2025-11-10,15.0,229.19999999999996,0,3438.0,Furniture,Shelves,117.74,229.2,2022-11-30
SKU-012,2025-11-17,8.0,217.9975,1,1788.79,Furniture,Shelves,117.74,229.2,2022-11-30
SKU-012,2025-11-24,5.0,177.30666666666664,1,1768.3,Furniture,Shelves,117.74,229.2,2022-11-30
SKU-012,2025-12-01,5.0,229.2,0,1146.0,Furniture,Shelves,117.74,229.2,2022-11-30
SKU-012,2025-12-08,9.0,229.2,0,2062.8,Furniture,Shelves,117.74,229.2,2022-11-30
SKU-012,2025-12-15,14.0,190.43666666666664,1,2631.48,Furniture,Shelves,117.74,229.2,2022-11-30
SKU-012,2025-12-22,19.0,201.425,1,3841.04,Furniture,Shelves,117.74,229.2,2022-11-30
SKU-012,2025-12-29,25.0,213.535,1,5209.44,Furniture,Shelves,117.74,229.2,2022-11-30
SKU-012,2026-01-05,4.0,229.2,0,916.8,Furniture,Shelves,117.74,229.2,2022-11-30
SKU-012,2026-01-12,13.0,229.2,0,2979.6,Furniture,Shelves,117.74,229.2,2022-11-30
SKU-012,2026-01-19,12.0,229.2,0,2750.3999999999996,Furniture,Shelves,117.74,229.2,2022-11-30
SKU-012,2026-01-26,17.0,229.2,0,3896.4,Furniture,Shelves,117.74,229.2,2022-11-30
SKU-012,2026-02-02,8.0,229.19999999999996,0,1833.6,Furniture,Shelves,117.74,229.2,2022-11-30
SKU-012,2026-02-09,16.0,229.2,0,3667.2,Furniture,Shelves,117.74,229.2,2022-11-30
SKU-012,2026-02-16,12.0,219.17,1,2599.95,Furniture,Shelves,117.74,229.2,2022-11-30
SKU-012,2026-02-23,14.0,229.19999999999996,0,3208.8,Furniture,Shelves,117.74,229.2,2022-11-30
SKU-012,2026-03-02,19.0,229.2,0,4354.8,Furniture,Shelves,117.74,229.2,2022-11-30
SKU-012,2026-03-09,17.0,211.74333333333334,1,3582.1800000000003,Furniture,Shelves,117.74,229.2,2022-11-30
SKU-012,2026-03-16,26.0,206.086,1,5310.07,Furniture,Shelves,117.74,229.2,2022-11-30
SKU-012,2026-03-23,5.0,229.2,0,1146.0,Furniture,Shelves,117.74,229.2,2022-11-30
SKU-012,2026-03-30,11.0,229.2,0,2521.2,Furniture,Shelves,117.74,229.2,2022-11-30
SKU-012,2026-04-06,14.0,229.2,0,3208.7999999999997,Furniture,Shelves,117.74,229.2,2022-11-30
SKU-012,2026-04-13,25.0,229.2,0,5730.0,Furniture,Shelves,117.74,229.2,2022-11-30
SKU-012,2026-04-20,14.0,229.2,0,3208.8,Furniture,Shelves,117.74,229.2,2022-11-30
SKU-012,2026-04-27,18.0,229.2,0,4125.6,Furniture,Shelves,117.74,229.2,2022-11-30
SKU-012,2026-05-04,14.0,229.2,0,3208.8,Furniture,Shelves,117.74,229.2,2022-11-30
SKU-012,2026-05-11,8.0,229.2,0,1833.6,Furniture,Shelves,117.74,229.2,2022-11-30
SKU-012,2026-05-18,10.0,229.19999999999996,0,2292.0,Furniture,Shelves,117.74,229.2,2022-11-30
SKU-012,2026-05-25,15.0,219.63199999999998,1,3246.6400000000003,Furniture,Shelves,117.74,229.2,2022-11-30
SKU-012,2026-06-01,12.0,229.2,0,2750.3999999999996,Furniture,Shelves,117.74,229.2,2022-11-30
SKU-012,2026-06-08,11.0,229.2,0,2521.2,Furniture,Shelves,117.74,229.2,2022-11-30
SKU-012,2026-06-15,6.0,229.2,0,1375.1999999999998,Furniture,Shelves,117.74,229.2,2022-11-30
SKU-012,2026-06-22,9.0,229.2,0,2062.7999999999997,Furniture,Shelves,117.74,229.2,2022-11-30
SKU-012,2026-06-29,19.0,187.926,1,3605.1,Furniture,Shelves,117.74,229.2,2022-11-30
SKU-012,2026-07-06,21.0,217.94571428571427,1,4585.92,Furniture,Shelves,117.74,229.2,2022-11-30
SKU-012,2026-07-13,13.0,229.2,0,2979.6,Furniture,Shelves,117.74,229.2,2022-11-30
SKU-012,2026-07-20,15.0,229.2,0,3438.0,Furniture,Shelves,117.74,229.2,2022-11-30
SKU-012,2026-07-27,8.0,229.19999999999996,0,1833.6,Furniture,Shelves,117.74,229.2,2022-11-30
SKU-012,2026-08-03,11.0,229.2,0,2750.4,Furniture,Shelves,117.74,229.2,2022-11-30
SKU-012,2026-08-10,27.0,193.45999999999998,1,5207.2,Furniture,Shelves,117.74,229.2,2022-11-30
SKU-012,2026-08-17,23.0,217.66,1,4832.2,Furniture,Shelves,117.74,229.2,2022-11-30
SKU-012,2026-08-24,14.0,229.2,0,3208.8,Furniture,Shelves,117.74,229.2,2022-11-30
SKU-012,2026-08-31,2.0,229.2,0,458.4,Furniture,Shelves,117.74,229.2,2022-11-30
SKU-013,2024-01-01,64.0,76.69,1,4846.16,Decor,Pillows,33.76,79.79,2023-04-15
SKU-013,2024-01-08,35.0,79.79,0,2792.6499999999996,Decor,Pillows,33.76,79.79,2023-04-15
SKU-013,2024-01-15,87.0,79.79,0,6941.73,Decor,Pillows,33.76,79.79,2023-04-15
SKU-013,2024-01-22,84.0,79.79,0,6702.36,Decor,Pillows,33.76,79.79,2023-04-15
SKU-013,2024-01-29,74.0,79.79,0,5904.46,Decor,Pillows,33.76,79.79,2023-04-15
SKU-013,2024-02-05,56.0,79.79,0,4468.24,Decor,Pillows,33.76,79.79,2023-04-15
SKU-013,2024-02-12,87.0,75.468,1,6544.77,Decor,Pillows,33.76,79.79,2023-04-15
SKU-013,2024-02-19,129.0,78.13000000000001,1,10037.27,Decor,Pillows,33.76,79.79,2023-04-15
SKU-013,2024-02-26,40.0,79.79,0,3191.6,Decor,Pillows,33.76,79.79,2023-04-15
SKU-013,2024-03-04,62.0,79.79,0,4946.98,Decor,Pillows,33.76,79.79,2023-04-15
SKU-013,2024-03-11,96.0,75.375,1,7011.59,Decor,Pillows,33.76,79.79,2023-04-15
SKU-013,2024-03-18,83.0,72.45333333333333,1,7227.22,Decor,Pillows,33.76,79.79,2023-04-15
SKU-013,2024-03-25,35.0,79.79,0,2792.65,Decor,Pillows,33.76,79.79,2023-04-15
SKU-013,2024-04-01,39.0,79.79,0,3111.81,Decor,Pillows,33.76,79.79,2023-04-15
SKU-013,2024-04-08,62.0,79.79,0,4946.98,Decor,Pillows,33.76,79.79,2023-04-15
SKU-013,2024-04-15,62.0,79.79,0,4946.98,Decor,Pillows,33.76,79.79,2023-04-15
SKU-013,2024-04-22,94.0,79.79,0,7500.26,Decor,Pillows,33.76,79.79,2023-04-15
SKU-013,2024-04-29,54.0,79.79,0,4308.66,Decor,Pillows,33.76,79.79,2023-04-15
SKU-013,2024-05-06,75.0,79.79,0,5984.25,Decor,Pillows,33.76,79.79,2023-04-15
SKU-013,2024-05-13,68.0,79.79,0,5425.719999999999,Decor,Pillows,33.76,79.79,2023-04-15
SKU-013,2024-05-20,75.0,79.79,0,5984.25,Decor,Pillows,33.76,79.79,2023-04-15
SKU-013,2024-05-27,71.0,79.79,0,5665.09,Decor,Pillows,33.76,79.79,2023-04-15
SKU-013,2024-06-03,67.0,79.79,0,5345.93,Decor,Pillows,33.76,79.79,2023-04-15
SKU-013,2024-06-10,40.0,79.79,0,3191.6,Decor,Pillows,33.76,79.79,2023-04-15
SKU-013,2024-06-17,40.0,79.79,0,3191.6,Decor,Pillows,33.76,79.79,2023-04-15
SKU-013,2024-06-24,66.0,79.79,0,6064.04,Decor,Pillows,33.76,79.79,2023-04-15
SKU-013,2024-07-01,101.0,67.362,1,6745.92,Decor,Pillows,33.76,79.79,2023-04-15
SKU-013,2024-07-08,41.0,79.79,0,3271.3900000000003,Decor,Pillows,33.76,79.79,2023-04-15
SKU-013,2024-07-15,70.0,79.79,0,5585.299999999999,Decor,Pillows,33.76,79.79,2023-04-15
SKU-013,2024-07-22,43.0,79.79,0,3430.9700000000003,Decor,Pillows,33.76,79.79,2023-04-15
SKU-013,2024-07-29,49.0,79.79,0,3909.71,Decor,Pillows,33.76,79.79,2023-04-15
SKU-013,2024-08-05,94.0,75.40666666666668,1,6864.16,Decor,Pillows,33.76,79.79,2023-04-15
SKU-013,2024-08-12,101.0,65.78,1,6656.64,Decor,Pillows,33.76,79.79,2023-04-15
SKU-013,2024-08-19,85.0,76.4,1,6392.3,Decor,Pillows,33.76,79.79,2023-04-15
SKU-013,2024-08-26,41.0,79.79,0,3271.39,Decor,Pillows,33.76,79.79,2023-04-15
SKU-013,2024-09-02,74.0,71.11,1,5191.889999999999,Decor,Pillows,33.76,79.79,2023-04-15
SKU-013,2024-09-09,115.0,77.21333333333334,1,8789.35,Decor,Pillows,33.76,79.79,2023-04-15
SKU-013,2024-09-16,49.0,79.79,0,3909.71,Decor,Pillows,33.76,79.79,2023-04-15
SKU-013,2024-09-23,53.0,79.79,0,4228.87,Decor,Pillows,33.76,79.79,2023-04-15
SKU-013,2024-09-30,88.0,79.79,0,7021.52,Decor,Pillows,33.76,79.79,2023-04-15
SKU-013,2024-10-07,103.0,67.262,1,6940.42,Decor,Pillows,33.76,79.79,2023-04-15
SKU-013,2024-10-14,101.0,74.83000000000001,1,7372.59,Decor,Pillows,33.76,79.79,2023-04-15
SKU-013,2024-10-21,45.0,79.79,0,3590.55,Decor,Pillows,33.76,79.79,2023-04-15
SKU-013,2024-10-28,75.0,79.79,0,5984.25,Decor,Pillows,33.76,79.79,2023-04-15
SKU-013,2024-11-04,106.0,79.79,0,8457.74,Decor,Pillows,33.76,79.79,2023-04-15
SKU-013,2024-11-11,73.0,79.79,0,5824.67,Decor,Pillows,33.76,79.79,2023-04-15
SKU-013,2024-11-18,89.0,76.428,1,6630.63,Decor,Pillows,33.76,79.79,2023-04-15
SKU-013,2024-11-25,137.0,65.134,1,8759.85,Decor,Pillows,33.76,79.79,2023-04-15
SKU-013,2024-12-02,83.0,79.79,0,6622.57,Decor,Pillows,33.76,79.79,2023-04-15
SKU-013,2024-12-09,76.0,79.79,0,6064.04,Decor,Pillows,33.76,79.79,2023-04-15
SKU-013,2024-12-16,170.0,65.55499999999999,1,11131.28,Decor,Pillows,33.76,79.79,2023-04-15
SKU-013,2024-12-23,134.0,75.9157142857143,1,10086.31,Decor,Pillows,33.76,79.79,2023-04-15
SKU-013,2024-12-30,63.0,73.78666666666668,1,4414.43,Decor,Pillows,33.76,79.79,2023-04-15
SKU-013,2025-01-06,75.0,79.79,0,5984.25,Decor,Pillows,33.76,79.79,2023-04-15
SKU-013,2025-01-13,62.0,79.79,0,4946.9800000000005,Decor,Pillows,33.76,79.79,2023-04-15
SKU-013,2025-01-20,56.0,79.79,0,4468.24,Decor,Pillows,33.76,79.79,2023-04-15
SKU-013,2025-01-27,65.0,79.79,0,5186.35,Decor,Pillows,33.76,79.79,2023-04-15
SKU-013,2025-02-03,41.0,79.79,0,3271.39,Decor,Pillows,33.76,79.79,2023-04-15
SKU-013,2025-02-10,27.0,79.79,0,2154.33,Decor,Pillows,33.76,79.79,2023-04-15
SKU-013,2025-02-17,90.0,73.034,1,6421.1900000000005,Decor,Pillows,33.76,79.79,2023-04-15
SKU-013,2025-02-24,68.0,79.79,0,6383.2,Decor,Pillows,33.76,79.79,2023-04-15
SKU-013,2025-03-03,51.0,79.79,0,4069.29,Decor,Pillows,33.76,79.79,2023-04-15
SKU-013,2025-03-10,64.0,79.79,0,5106.5599999999995,Decor,Pillows,33.76,79.79,2023-04-15
SKU-013,2025-03-17,94.0,71.316,1,6699.110000000001,Decor,Pillows,33.76,79.79,2023-04-15
SKU-013,2025-03-24,32.0,79.79,0,2553.2799999999997,Decor,Pillows,33.76,79.79,2023-04-15
SKU-013,2025-03-31,69.0,79.79,0,5505.51,Decor,Pillows,33.76,79.79,2023-04-15
SKU-013,2025-04-07,75.0,79.79,0,5984.25,Decor,Pillows,33.76,79.79,2023-04-15
SKU-013,2025-04-14,76.0,79.79,0,6064.04,Decor,Pillows,33.76,79.79,2023-04-15
SKU-013,2025-04-21,36.0,79.79,0,2872.44,Decor,Pillows,33.76,79.79,2023-04-15
SKU-013,2025-04-28,57.0,79.79,0,4548.030000000001,Decor,Pillows,33.76,79.79,2023-04-15
SKU-013,2025-05-05,61.0,79.79,0,4867.1900000000005,Decor,Pillows,33.76,79.79,2023-04-15
SKU-013,2025-05-12,42.0,79.79,0,3351.1800000000003,Decor,Pillows,33.76,79.79,2023-04-15
SKU-013,2025-05-19,60.0,79.79,0,4787.4,Decor,Pillows,33.76,79.79,2023-04-15
SKU-013,2025-05-26,110.0,70.49000000000001,1,7606.2300000000005,Decor,Pillows,33.76,79.79,2023-04-15
SKU-013,2025-06-02,58.0,79.79,0,5744.88,Decor,Pillows,33.76,79.79,2023-04-15
SKU-013,2025-06-09,97.0,79.79,0,7739.63,Decor,Pillows,33.76,79.79,2023-04-15
SKU-013,2025-06-16,104.0,79.79,0,8298.16,Decor,Pillows,33.76,79.79,2023-04-15
SKU-013,2025-06-23,77.0,79.79,0,6143.83,Decor,Pillows,33.76,79.79,2023-04-15
SKU-013,2025-06-30,111.0,68.095,1,9038.71,Decor,Pillows,33.76,79.79,2023-04-15
SKU-013,2025-07-07,53.0,79.79,0,4228.87,Decor,Pillows,33.76,79.79,2023-04-15
SKU-013,2025-07-14,47.0,79.79,0,3750.13,Decor,Pillows,33.76,79.79,2023-04-15
SKU-013,2025-07-21,49.0,79.79,0,3909.7099999999996,Decor,Pillows,33.76,79.79,2023-04-15
SKU-013,2025-07-28,58.0,79.79,0,4627.82,Decor,Pillows,33.76,79.79,2023-04-15
SKU-013,2025-08-04,43.0,79.79,0,3430.9700000000003,Decor,Pillows,33.76,79.79,2023-04-15
SKU-013,2025-08-11,130.0,65.56666666666666,1,8529.62,Decor,Pillows,33.76,79.79,2023-04-15
SKU-013,2025-08-18,44.0,74.52333333333334,1,3242.16,Decor,Pillows,33.76,79.79,2023-04-15
SKU-013,2025-08-25,83.0,79.79,0,7340.68,Decor,Pillows,33.76,79.79,2023-04-15
SKU-013,2025-09-01,96.0,74.36833333333334,1,8434.5,Decor,Pillows,33.76,79.79,2023-04-15
SKU-013,2025-09-08,80.0,74.96000000000001,1,5794.96,Decor,Pillows,33.76,79.79,2023-04-15
SKU-013,2025-09-15,42.0,79.79,0,4548.03,Decor,Pillows,33.76,79.79,2023-04-15
SKU-013,2025-09-22,43.0,79.79,0,3430.9700000000003,Decor,Pillows,33.76,79.79,2023-04-15
SKU-013,2025-09-29,72.0,79.79,0,5744.88,Decor,Pillows,33.76,79.79,2023-04-15
SKU-013,2025-10-06,55.0,77.39500000000001,1,4244.75,Decor,Pillows,33.76,79.79,2023-04-15
SKU-013,2025-10-13,102.0,73.79166666666667,1,7401.99,Decor,Pillows,33.76,79.79,2023-04-15
SKU-013,2025-10-20,46.0,79.79,0,3670.34,Decor,Pillows,33.76,79.79,2023-04-15
SKU-013,2025-10-27,72.0,79.79,0,5744.88,Decor,Pillows,33.76,79.79,2023-04-15
SKU-013,2025-11-03,57.0,79.79,0,4548.030000000001,Decor,Pillows,33.76,79.79,2023-04-15
SKU-013,2025-11-10,89.0,79.79,0,7101.31,Decor,Pillows,33.76,79.79,2023-04-15
SKU-013,2025-11-17,92.0,77.26400000000001,1,6974.41,Decor,Pillows,33.76,79.79,2023-04-15
SKU-013,2025-11-24,157.0,65.958,1,10375.56,Decor,Pillows,33.76,79.79,2023-04-15
SKU-013,2025-12-01,77.0,79.79,0,7340.68,Decor,Pillows,33.76,79.79,2023-04-15
SKU-013,2025-12-08,39.0,79.79,0,3111.81,Decor,Pillows,33.76,79.79,2023-04-15
SKU-013,2025-12-15,99.0,62.53,1,6195.34,Decor,Pillows,33.76,79.79,2023-04-15
SKU-013,2025-12-22,71.0,73.14000000000001,1,6537.0599999999995,Decor,Pillows,33.76,79.79,2023-04-15
SKU-013,2025-12-29,95.0,73.076,1,6912.34,Decor,Pillows,33.76,79.79,2023-04-15
SKU-013,2026-01-05,90.0,79.79,0,7181.1,Decor,Pillows,33.76,79.79,2023-04-15
SKU-013,2026-01-12,95.0,79.79,0,7580.05,Decor,Pillows,33.76,79.79,2023-04-15
SKU-013,2026-01-19,35.0,79.79,0,3989.5,Decor,Pillows,33.76,79.79,2023-04-15
SKU-013,2026-01-26,67.0,79.79,0,5345.93,Decor,Pillows,33.76,79.79,2023-04-15
SKU-013,2026-02-02,96.0,79.79,0,7659.84,Decor,Pillows,33.76,79.79,2023-04-15
SKU-013,2026-02-09,56.0,79.79,0,4468.24,Decor,Pillows,33.76,79.79,2023-04-15
SKU-013,2026-02-16,54.0,76.02666666666667,1,4003.83,Decor,Pillows,33.76,79.79,2023-04-15
SKU-013,2026-02-23,23.0,79.79,0,2872.44,Decor,Pillows,33.76,79.79,2023-04-15
SKU-013,2026-03-02,88.0,79.79,0,7021.52,Decor,Pillows,33.76,79.79,2023-04-15
SKU-013,2026-03-09,85.0,77.51833333333333,1,6509.55,Decor,Pillows,33.76,79.79,2023-04-15
SKU-013,2026-03-16,102.0,69.605,1,7088.639999999999,Decor,Pillows,33.76,79.79,2023-04-15
SKU-013,2026-03-23,89.0,79.79,0,7101.3099999999995,Decor,Pillows,33.76,79.79,2023-04-15
SKU-013,2026-03-30,56.0,79.79,0,4468.24,Decor,Pillows,33.76,79.79,2023-04-15
SKU-013,2026-04-06,33.0,79.79,0,2633.0699999999997,Decor,Pillows,33.76,79.79,2023-04-15
SKU-013,2026-04-13,60.0,79.79,0,4787.400000000001,Decor,Pillows,33.76,79.79,2023-04-15
SKU-013,2026-04-20,27.0,79.79,0,2154.33,Decor,Pillows,33.76,79.79,2023-04-15
SKU-013,2026-04-27,56.0,79.79,0,4468.24,Decor,Pillows,33.76,79.79,2023-04-15
SKU-013,2026-05-04,47.0,79.79,0,3750.13,Decor,Pillows,33.76,79.79,2023-04-15
SKU-013,2026-05-11,65.0,79.79,0,5186.35,Decor,Pillows,33.76,79.79,2023-04-15
SKU-013,2026-05-18,43.0,79.79,0,3430.9700000000003,Decor,Pillows,33.76,79.79,2023-04-15
SKU-013,2026-05-25,92.0,72.08,1,6458.13,Decor,Pillows,33.76,79.79,2023-04-15
SKU-013,2026-06-01,77.0,79.79,0,6143.83,Decor,Pillows,33.76,79.79,2023-04-15
SKU-013,2026-06-08,11.0,79.79,0,877.69,Decor,Pillows,33.76,79.79,2023-04-15
SKU-013,2026-06-15,90.0,79.79,0,7181.1,Decor,Pillows,33.76,79.79,2023-04-15
SKU-013,2026-06-22,84.0,79.79,0,6702.36,Decor,Pillows,33.76,79.79,2023-04-15
SKU-013,2026-06-29,89.0,68.48,1,6109.32,Decor,Pillows,33.76,79.79,2023-04-15
SKU-013,2026-07-06,84.0,77.72200000000001,1,6433.52,Decor,Pillows,33.76,79.79,2023-04-15
SKU-013,2026-07-13,55.0,79.79,0,4388.45,Decor,Pillows,33.76,79.79,2023-04-15
SKU-013,2026-07-20,46.0,79.79,0,3670.34,Decor,Pillows,33.76,79.79,2023-04-15
SKU-013,2026-07-27,44.0,79.79,0,3510.76,Decor,Pillows,33.76,79.79,2023-04-15
SKU-013,2026-08-03,43.0,79.79,0,3430.9700000000003,Decor,Pillows,33.76,79.79,2023-04-15
SKU-013,2026-08-10,133.0,64.92666666666666,1,8605.68,Decor,Pillows,33.76,79.79,2023-04-15
SKU-013,2026-08-17,103.0,73.55166666666666,1,7379.24,Decor,Pillows,33.76,79.79,2023-04-15
SKU-013,2026-08-24,62.0,79.79,0,4946.98,Decor,Pillows,33.76,79.79,2023-04-15
SKU-013,2026-08-31,13.0,79.79,0,1037.27,Decor,Pillows,33.76,79.79,2023-04-15
SKU-014,2024-01-01,112.0,15.725999999999999,1,1730.26,Decor,Vases,7.32,17.85,2023-07-03
SKU-014,2024-01-08,32.0,17.85,0,571.2,Decor,Vases,7.32,17.85,2023-07-03
SKU-014,2024-01-15,22.0,17.85,0,392.70000000000005,Decor,Vases,7.32,17.85,2023-07-03
SKU-014,2024-01-22,91.0,17.85,0,1624.35,Decor,Vases,7.32,17.85,2023-07-03
SKU-014,2024-01-29,33.0,17.85,0,589.05,Decor,Vases,7.32,17.85,2023-07-03
SKU-014,2024-02-05,67.0,17.85,0,1195.95,Decor,Vases,7.32,17.85,2023-07-03
SKU-014,2024-02-12,107.0,15.736,1,1655.95,Decor,Vases,7.32,17.85,2023-07-03
SKU-014,2024-02-19,53.0,17.85,0,946.05,Decor,Vases,7.32,17.85,2023-07-03
SKU-014,2024-02-26,61.0,17.85,0,1088.85,Decor,Vases,7.32,17.85,2023-07-03
SKU-014,2024-03-04,18.0,17.85,0,321.3,Decor,Vases,7.32,17.85,2023-07-03
SKU-014,2024-03-11,108.0,15.732,1,1623.44,Decor,Vases,7.32,17.85,2023-07-03
SKU-014,2024-03-18,115.0,15.696000000000002,1,1730.46,Decor,Vases,7.32,17.85,2023-07-03
SKU-014,2024-03-25,77.0,17.85,0,1374.45,Decor,Vases,7.32,17.85,2023-07-03
SKU-014,2024-04-01,44.0,17.85,0,785.4000000000001,Decor,Vases,7.32,17.85,2023-07-03
SKU-014,2024-04-08,66.0,17.85,0,1463.7,Decor,Vases,7.32,17.85,2023-07-03
SKU-014,2024-04-15,84.0,17.85,0,1499.3999999999999,Decor,Vases,7.32,17.85,2023-07-03
SKU-014,2024-04-22,59.0,17.85,0,1053.15,Decor,Vases,7.32,17.85,2023-07-03
SKU-014,2024-04-29,82.0,17.85,0,1463.7,Decor,Vases,7.32,17.85,2023-07-03
SKU-014,2024-05-06,62.0,17.85,0,1106.7,Decor,Vases,7.32,17.85,2023-07-03
SKU-014,2024-05-13,88.0,17.85,0,1570.8,Decor,Vases,7.32,17.85,2023-07-03
SKU-014,2024-05-20,44.0,17.85,0,785.4,Decor,Vases,7.32,17.85,2023-07-03
SKU-014,2024-05-27,62.0,17.85,0,1106.7,Decor,Vases,7.32,17.85,2023-07-03
SKU-014,2024-06-03,96.0,17.85,0,1713.6000000000001,Decor,Vases,7.32,17.85,2023-07-03
SKU-014,2024-06-10,102.0,17.85,0,1820.6999999999998,Decor,Vases,7.32,17.85,2023-07-03
SKU-014,2024-06-17,70.0,17.85,0,1249.5,Decor,Vases,7.32,17.85,2023-07-03
SKU-014,2024-06-24,15.0,17.85,0,267.75,Decor,Vases,7.32,17.85,2023-07-03
SKU-014,2024-07-01,121.0,14.542000000000002,1,1771.4099999999999,Decor,Vases,7.32,17.85,2023-07-03
SKU-014,2024-07-08,91.0,17.85,0,1624.3500000000001,Decor,Vases,7.32,17.85,2023-07-03
SKU-014,2024-07-15,75.0,17.85,0,1338.75,Decor,Vases,7.32,17.85,2023-07-03
SKU-014,2024-07-22,57.0,17.85,0,1017.45,Decor,Vases,7.32,17.85,2023-07-03
SKU-014,2024-07-29,91.0,17.85,0,1624.35,Decor,Vases,7.32,17.85,2023-07-03
SKU-014,2024-08-05,40.0,16.55,1,638.6,Decor,Vases,7.32,17.85,2023-07-03
SKU-014,2024-08-12,53.0,14.936666666666667,1,797.58,Decor,Vases,7.32,17.85,2023-07-03
SKU-014,2024-08-19,58.0,17.85,0,1035.3,Decor,Vases,7.32,17.85,2023-07-03
SKU-014,2024-08-26,51.0,17.262,1,1402.38,Decor,Vases,7.32,17.85,2023-07-03
SKU-014,2024-09-02,78.0,16.585,1,1271.4,Decor,Vases,7.32,17.85,2023-07-03
SKU-014,2024-09-09,76.0,17.308333333333334,1,1780.0,Decor,Vases,7.32,17.85,2023-07-03
SKU-014,2024-09-16,38.0,17.85,0,678.3,Decor,Vases,7.32,17.85,2023-07-03
SKU-014,2024-09-23,57.0,17.85,0,1017.45,Decor,Vases,7.32,17.85,2023-07-03
SKU-014,2024-09-30,63.0,17.85,0,1124.55,Decor,Vases,7.32,17.85,2023-07-03
SKU-014,2024-10-07,85.0,16.55,1,1362.15,Decor,Vases,7.32,17.85,2023-07-03
SKU-014,2024-10-14,59.0,17.073333333333334,1,980.92,Decor,Vases,7.32,17.85,2023-07-03
SKU-014,2024-10-21,78.0,17.85,0,1392.3,Decor,Vases,7.32,17.85,2023-07-03
SKU-014,2024-10-28,73.0,17.85,0,1303.05,Decor,Vases,7.32,17.85,2023-07-03
SKU-014,2024-11-04,55.0,17.85,0,981.75,Decor,Vases,7.32,17.85,2023-07-03
SKU-014,2024-11-11,65.0,17.85,0,1160.25,Decor,Vases,7.32,17.85,2023-07-03
SKU-014,2024-11-18,68.0,17.85,0,1213.8,Decor,Vases,7.32,17.85,2023-07-03
SKU-014,2024-11-25,96.0,15.7475,1,1497.61,Decor,Vases,7.32,17.85,2023-07-03
SKU-014,2024-12-02,86.0,17.85,0,1535.1,Decor,Vases,7.32,17.85,2023-07-03
SKU-014,2024-12-09,132.0,17.305714285714288,1,2253.33,Decor,Vases,7.32,17.85,2023-07-03
SKU-014,2024-12-16,110.0,14.647499999999999,1,1614.6599999999999,Decor,Vases,7.32,17.85,2023-07-03
SKU-014,2024-12-23,81.0,15.76,1,1219.98,Decor,Vases,7.32,17.85,2023-07-03
SKU-014,2024-12-30,70.0,17.85,0,1249.5,Decor,Vases,7.32,17.85,2023-07-03
SKU-014,2025-01-06,77.0,17.85,0,1374.45,Decor,Vases,7.32,17.85,2023-07-03
SKU-014,2025-01-13,67.0,17.85,0,1195.95,Decor,Vases,7.32,17.85,2023-07-03
SKU-014,2025-01-20,73.0,17.85,0,1303.05,Decor,Vases,7.32,17.85,2023-07-03
SKU-014,2025-01-27,29.0,17.85,0,517.65,Decor,Vases,7.32,17.85,2023-07-03
SKU-014,2025-02-03,33.0,17.85,0,589.05,Decor,Vases,7.32,17.85,2023-07-03
SKU-014,2025-02-10,60.0,17.85,0,1071.0,Decor,Vases,7.32,17.85,2023-07-03
SKU-014,2025-02-17,82.0,16.8425,1,1326.68,Decor,Vases,7.32,17.85,2023-07-03
SKU-014,2025-02-24,29.0,17.85,0,838.95,Decor,Vases,7.32,17.85,2023-07-03
SKU-014,2025-03-03,63.0,17.85,0,1124.55,Decor,Vases,7.32,17.85,2023-07-03
SKU-014,2025-03-10,58.0,17.2375,1,993.65,Decor,Vases,7.32,17.85,2023-07-03
SKU-014,2025-03-17,93.0,15.4475,1,1413.25,Decor,Vases,7.32,17.85,2023-07-03
SKU-014,2025-03-24,91.0,17.85,0,1624.3500000000001,Decor,Vases,7.32,17.85,2023-07-03
SKU-014,2025-03-31,41.0,17.85,0,731.85,Decor,Vases,7.32,17.85,2023-07-03
SKU-014,2025-04-07,30.0,17.85,0,535.5,Decor,Vases,7.32,17.85,2023-07-03
SKU-014,2025-04-14,66.0,17.85,0,1178.1,Decor,Vases,7.32,17.85,2023-07-03
SKU-014,2025-04-21,77.0,17.85,0,1374.45,Decor,Vases,7.32,17.85,2023-07-03
SKU-014,2025-04-28,67.0,17.85,0,1195.95,Decor,Vases,7.32,17.85,2023-07-03
SKU-014,2025-05-05,64.0,17.85,0,1142.4,Decor,Vases,7.32,17.85,2023-07-03
SKU-014,2025-05-12,47.0,17.85,0,838.95,Decor,Vases,7.32,17.85,2023-07-03
SKU-014,2025-05-19,99.0,17.85,0,1767.15,Decor,Vases,7.32,17.85,2023-07-03
SKU-014,2025-05-26,68.0,16.753333333333334,1,1138.13,Decor,Vases,7.32,17.85,2023-07-03
SKU-014,2025-06-02,93.0,17.85,0,1660.0500000000002,Decor,Vases,7.32,17.85,2023-07-03
SKU-014,2025-06-09,90.0,17.85,0,1767.15,Decor,Vases,7.32,17.85,2023-07-03
SKU-014,2025-06-16,37.0,17.85,0,660.45,Decor,Vases,7.32,17.85,2023-07-03
SKU-014,2025-06-23,46.0,17.85,0,821.1,Decor,Vases,7.32,17.85,2023-07-03
SKU-014,2025-06-30,119.0,14.705,1,1746.45,Decor,Vases,7.32,17.85,2023-07-03
SKU-014,2025-07-07,51.0,16.743333333333336,1,827.35,Decor,Vases,7.32,17.85,2023-07-03
SKU-014,2025-07-14,82.0,17.85,0,1463.7,Decor,Vases,7.32,17.85,2023-07-03
SKU-014,2025-07-21,43.0,17.85,0,767.55,Decor,Vases,7.32,17.85,2023-07-03
SKU-014,2025-07-28,42.0,17.85,0,749.7,Decor,Vases,7.32,17.85,2023-07-03
SKU-014,2025-08-04,57.0,16.9525,1,1191.8600000000001,Decor,Vases,7.32,17.85,2023-07-03
SKU-014,2025-08-11,138.0,14.668333333333331,1,2048.0,Decor,Vases,7.32,17.85,2023-07-03
SKU-014,2025-08-18,94.0,16.875,1,1549.2,Decor,Vases,7.32,17.85,2023-07-03
SKU-014,2025-08-25,62.0,17.85,0,1106.7,Decor,Vases,7.32,17.85,2023-07-03
SKU-014,2025-09-01,96.0,16.39,1,1515.15,Decor,Vases,7.32,17.85,2023-07-03
SKU-014,2025-09-08,53.0,17.387500000000003,1,1362.05,Decor,Vases,7.32,17.85,2023-07-03
SKU-014,2025-09-15,31.0,17.85,0,553.3499999999999,Decor,Vases,7.32,17.85,2023-07-03
SKU-014,2025-09-22,63.0,17.85,0,1124.55,Decor,Vases,7.32,17.85,2023-07-03
SKU-014,2025-09-29,104.0,17.85,0,1856.4,Decor,Vases,7.32,17.85,2023-07-03
SKU-014,2025-10-06,118.0,16.96166666666667,1,1959.12,Decor,Vases,7.32,17.85,2023-07-03
SKU-014,2025-10-13,70.0,16.94,1,1159.4099999999999,Decor,Vases,7.32,17.85,2023-07-03
SKU-014,2025-10-20,35.0,17.85,0,624.75,Decor,Vases,7.32,17.85,2023-07-03
SKU-014,2025-10-27,64.0,17.85,0,1142.4,Decor,Vases,7.32,17.85,2023-07-03
SKU-014,2025-11-03,92.0,17.85,0,1642.2,Decor,Vases,7.32,17.85,2023-07-03
SKU-014,2025-11-10,68.0,17.85,0,1213.8,Decor,Vases,7.32,17.85,2023-07-03
SKU-014,2025-11-17,65.0,17.85,0,1160.25,Decor,Vases,7.32,17.85,2023-07-03
SKU-014,2025-11-24,136.0,14.895,1,2020.58,Decor,Vases,7.32,17.85,2023-07-03
SKU-014,2025-12-01,65.0,17.85,0,1160.25,Decor,Vases,7.32,17.85,2023-07-03
SKU-014,2025-12-08,14.0,17.85,0,249.9,Decor,Vases,7.32,17.85,2023-07-03
SKU-014,2025-12-15,96.0,14.955,1,1443.72,Decor,Vases,7.32,17.85,2023-07-03
SKU-014,2025-12-22,107.0,16.517500000000002,1,1760.3600000000001,Decor,Vases,7.32,17.85,2023-07-03
SKU-014,2025-12-29,17.0,17.85,0,303.45,Decor,Vases,7.32,17.85,2023-07-03
SKU-014,2026-01-05,48.0,17.85,0,856.8000000000001,Decor,Vases,7.32,17.85,2023-07-03
SKU-014,2026-01-12,67.0,17.85,0,1195.95,Decor,Vases,7.32,17.85,2023-07-03
SKU-014,2026-01-19,95.0,17.85,0,1695.75,Decor,Vases,7.32,17.85,2023-07-03
SKU-014,2026-01-26,41.0,17.85,0,731.85,Decor,Vases,7.32,17.85,2023-07-03
SKU-014,2026-02-02,49.0,17.85,0,874.65,Decor,Vases,7.32,17.85,2023-07-03
SKU-014,2026-02-09,98.0,17.85,0,1749.3,Decor,Vases,7.32,17.85,2023-07-03
SKU-014,2026-02-16,78.0,17.493333333333336,1,1672.94,Decor,Vases,7.32,17.85,2023-07-03
SKU-014,2026-02-23,53.0,17.85,0,946.05,Decor,Vases,7.32,17.85,2023-07-03
SKU-014,2026-03-02,61.0,17.85,0,1088.85,Decor,Vases,7.32,17.85,2023-07-03
SKU-014,2026-03-09,116.0,17.42571428571429,1,1999.32,Decor,Vases,7.32,17.85,2023-07-03
SKU-014,2026-03-16,128.0,14.831999999999999,1,1890.75,Decor,Vases,7.32,17.85,2023-07-03
SKU-014,2026-03-23,124.0,17.85,0,2213.4,Decor,Vases,7.32,17.85,2023-07-03
SKU-014,2026-03-30,53.0,17.85,0,1160.25,Decor,Vases,7.32,17.85,2023-07-03
SKU-014,2026-04-06,102.0,17.85,0,1820.7,Decor,Vases,7.32,17.85,2023-07-03
SKU-014,2026-04-13,66.0,17.85,0,1178.1,Decor,Vases,7.32,17.85,2023-07-03
SKU-014,2026-04-20,52.0,17.85,0,928.2,Decor,Vases,7.32,17.85,2023-07-03
SKU-014,2026-04-27,35.0,17.85,0,928.2,Decor,Vases,7.32,17.85,2023-07-03
SKU-014,2026-05-04,42.0,17.85,0,749.7,Decor,Vases,7.32,17.85,2023-07-03
SKU-014,2026-05-11,84.0,17.85,0,1499.3999999999999,Decor,Vases,7.32,17.85,2023-07-03
SKU-014,2026-05-18,58.0,17.85,0,1035.3,Decor,Vases,7.32,17.85,2023-07-03
SKU-014,2026-05-25,42.0,16.493333333333336,1,700.86,Decor,Vases,7.32,17.85,2023-07-03
SKU-014,2026-06-01,63.0,17.85,0,1124.55,Decor,Vases,7.32,17.85,2023-07-03
SKU-014,2026-06-08,53.0,17.85,0,946.05,Decor,Vases,7.32,17.85,2023-07-03
SKU-014,2026-06-15,96.0,17.85,0,1713.6,Decor,Vases,7.32,17.85,2023-07-03
SKU-014,2026-06-22,33.0,17.85,0,589.05,Decor,Vases,7.32,17.85,2023-07-03
SKU-014,2026-06-29,76.0,14.993333333333334,1,1124.88,Decor,Vases,7.32,17.85,2023-07-03
SKU-014,2026-07-06,43.0,16.653333333333332,1,702.9300000000001,Decor,Vases,7.32,17.85,2023-07-03
SKU-014,2026-07-13,61.0,17.85,0,1088.85,Decor,Vases,7.32,17.85,2023-07-03
SKU-014,2026-07-20,85.0,17.85,0,1517.25,Decor,Vases,7.32,17.85,2023-07-03
SKU-014,2026-07-27,55.0,17.85,0,981.75,Decor,Vases,7.32,17.85,2023-07-03
SKU-014,2026-08-03,37.0,17.85,0,660.45,Decor,Vases,7.32,17.85,2023-07-03
SKU-014,2026-08-10,85.0,14.057500000000001,1,1201.62,Decor,Vases,7.32,17.85,2023-07-03
SKU-014,2026-08-17,51.0,17.153333333333332,1,862.28,Decor,Vases,7.32,17.85,2023-07-03
SKU-014,2026-08-24,101.0,17.85,0,1802.8500000000001,Decor,Vases,7.32,17.85,2023-07-03
SKU-014,2026-08-31,17.0,17.85,0,303.45,Decor,Vases,7.32,17.85,2023-07-03
SKU-015,2024-01-01,33.0,54.99666666666667,1,1805.79,Decor,Wall Art,27.94,58.03,2023-03-12
SKU-015,2024-01-08,36.0,58.03,0,2089.08,Decor,Wall Art,27.94,58.03,2023-03-12
SKU-015,2024-01-15,33.0,58.029999999999994,0,1914.9899999999998,Decor,Wall Art,27.94,58.03,2023-03-12
SKU-015,2024-01-22,36.0,58.03,0,2089.08,Decor,Wall Art,27.94,58.03,2023-03-12
SKU-015,2024-01-29,29.0,58.029999999999994,0,1682.87,Decor,Wall Art,27.94,58.03,2023-03-12
SKU-015,2024-02-05,31.0,58.03000000000001,0,1798.93,Decor,Wall Art,27.94,58.03,2023-03-12
SKU-015,2024-02-12,27.0,52.35999999999999,1,1375.01,Decor,Wall Art,27.94,58.03,2023-03-12
SKU-015,2024-02-19,25.0,55.378,1,1803.92,Decor,Wall Art,27.94,58.03,2023-03-12
SKU-015,2024-02-26,21.0,58.03,0,1218.6299999999999,Decor,Wall Art,27.94,58.03,2023-03-12
SKU-015,2024-03-04,18.0,58.029999999999994,0,1044.54,Decor,Wall Art,27.94,58.03,2023-03-12
SKU-015,2024-03-11,40.0,50.178,1,2000.72,Decor,Wall Art,27.94,58.03,2023-03-12
SKU-015,2024-03-18,33.0,49.2725,1,1593.45,Decor,Wall Art,27.94,58.03,2023-03-12
SKU-015,2024-03-25,28.0,58.03,0,1624.84,Decor,Wall Art,27.94,58.03,2023-03-12
SKU-015,2024-04-01,17.0,58.03,0,986.51,Decor,Wall Art,27.94,58.03,2023-03-12
SKU-015,2024-04-08,43.0,58.03,0,2495.29,Decor,Wall Art,27.94,58.03,2023-03-12
SKU-015,2024-04-15,30.0,58.029999999999994,0,2089.08,Decor,Wall Art,27.94,58.03,2023-03-12
SKU-015,2024-04-22,24.0,58.03,0,1392.72,Decor,Wall Art,27.94,58.03,2023-03-12
SKU-015,2024-04-29,12.0,58.03,0,696.36,Decor,Wall Art,27.94,58.03,2023-03-12
SKU-015,2024-05-06,37.0,58.029999999999994,0,2147.11,Decor,Wall Art,27.94,58.03,2023-03-12
SKU-015,2024-05-13,44.0,58.03,0,2553.32,Decor,Wall Art,27.94,58.03,2023-03-12
SKU-015,2024-05-20,33.0,55.528,1,1777.38,Decor,Wall Art,27.94,58.03,2023-03-12
SKU-015,2024-05-27,25.0,55.977999999999994,1,1399.45,Decor,Wall Art,27.94,58.03,2023-03-12
SKU-015,2024-06-03,38.0,58.029999999999994,0,2205.14,Decor,Wall Art,27.94,58.03,2023-03-12
SKU-015,2024-06-10,26.0,58.029999999999994,0,1508.78,Decor,Wall Art,27.94,58.03,2023-03-12
SKU-015,2024-06-17,18.0,58.03,0,1044.54,Decor,Wall Art,27.94,58.03,2023-03-12
SKU-015,2024-06-24,28.0,58.029999999999994,0,1740.9,Decor,Wall Art,27.94,58.03,2023-03-12
SKU-015,2024-07-01,62.0,47.308,1,2945.3,Decor,Wall Art,27.94,58.03,2023-03-12
SKU-015,2024-07-08,22.0,58.03,0,1740.9,Decor,Wall Art,27.94,58.03,2023-03-12
SKU-015,2024-07-15,37.0,58.03000000000001,0,2669.38,Decor,Wall Art,27.94,58.03,2023-03-12
SKU-015,2024-07-22,48.0,58.029999999999994,0,2785.44,Decor,Wall Art,27.94,58.03,2023-03-12
SKU-015,2024-07-29,36.0,58.03,0,2089.08,Decor,Wall Art,27.94,58.03,2023-03-12
SKU-015,2024-08-05,37.0,54.725,1,1999.3,Decor,Wall Art,27.94,58.03,2023-03-12
SKU-015,2024-08-12,51.0,47.239999999999995,1,2439.31,Decor,Wall Art,27.94,58.03,2023-03-12
SKU-015,2024-08-19,42.0,55.574,1,2265.34,Decor,Wall Art,27.94,58.03,2023-03-12
SKU-015,2024-08-26,48.0,56.785714285714285,1,2672.21,Decor,Wall Art,27.94,58.03,2023-03-12
SKU-015,2024-09-02,51.0,53.421666666666674,1,2618.79,Decor,Wall Art,27.94,58.03,2023-03-12
SKU-015,2024-09-09,28.0,56.58200000000001,1,1530.72,Decor,Wall Art,27.94,58.03,2023-03-12
SKU-015,2024-09-16,36.0,58.03,0,2089.08,Decor,Wall Art,27.94,58.03,2023-03-12
SKU-015,2024-09-23,35.0,58.03,0,2031.05,Decor,Wall Art,27.94,58.03,2023-03-12
SKU-015,2024-09-30,28.0,58.029999999999994,0,1624.84,Decor,Wall Art,27.94,58.03,2023-03-12
SKU-015,2024-10-07,28.0,54.6875,1,1477.77,Decor,Wall Art,27.94,58.03,2023-03-12
SKU-015,2024-10-14,39.0,50.86,1,1916.92,Decor,Wall Art,27.94,58.03,2023-03-12
SKU-015,2024-10-21,14.0,58.03,0,812.4200000000001,Decor,Wall Art,27.94,58.03,2023-03-12
SKU-015,2024-10-28,41.0,58.03,0,2379.23,Decor,Wall Art,27.94,58.03,2023-03-12
SKU-015,2024-11-04,41.0,58.03,0,2379.23,Decor,Wall Art,27.94,58.03,2023-03-12
SKU-015,2024-11-11,64.0,58.03000000000001,0,3713.92,Decor,Wall Art,27.94,58.03,2023-03-12
SKU-015,2024-11-18,37.0,55.85,1,2196.11,Decor,Wall Art,27.94,58.03,2023-03-12
SKU-015,2024-11-25,43.0,51.2725,1,2197.83,Decor,Wall Art,27.94,58.03,2023-03-12
SKU-015,2024-12-02,38.0,58.029999999999994,0,2205.1400000000003,Decor,Wall Art,27.94,58.03,2023-03-12
SKU-015,2024-12-09,56.0,56.08,1,3017.63,Decor,Wall Art,27.94,58.03,2023-03-12
SKU-015,2024-12-16,59.0,49.65,1,2927.32,Decor,Wall Art,27.94,58.03,2023-03-12
SKU-015,2024-12-23,24.0,53.2625,1,1659.88,Decor,Wall Art,27.94,58.03,2023-03-12
SKU-015,2024-12-30,36.0,53.29200000000001,1,1875.6799999999998,Decor,Wall Art,27.94,58.03,2023-03-12
SKU-015,2025-01-06,32.0,58.029999999999994,0,1856.96,Decor,Wall Art,27.94,58.03,2023-03-12
SKU-015,2025-01-13,10.0,58.03,0,928.48,Decor,Wall Art,27.94,58.03,2023-03-12
SKU-015,2025-01-20,48.0,58.03000000000001,0,2785.44,Decor,Wall Art,27.94,58.03,2023-03-12
SKU-015,2025-01-27,37.0,58.03,0,2147.1099999999997,Decor,Wall Art,27.94,58.03,2023-03-12
SKU-015,2025-02-03,37.0,58.03000000000001,0,2147.11,Decor,Wall Art,27.94,58.03,2023-03-12
SKU-015,2025-02-10,24.0,58.029999999999994,0,1392.72,Decor,Wall Art,27.94,58.03,2023-03-12
SKU-015,2025-02-17,10.0,58.03,0,580.3,Decor,Wall Art,27.94,58.03,2023-03-12
SKU-015,2025-02-24,35.0,58.029999999999994,0,2031.05,Decor,Wall Art,27.94,58.03,2023-03-12
SKU-015,2025-03-03,32.0,58.03,0,1856.96,Decor,Wall Art,27.94,58.03,2023-03-12
SKU-015,2025-03-10,32.0,54.595,1,1747.04,Decor,Wall Art,27.94,58.03,2023-03-12
SKU-015,2025-03-17,67.0,49.392857142857146,1,3252.62,Decor,Wall Art,27.94,58.03,2023-03-12
SKU-015,2025-03-24,24.0,58.029999999999994,0,1392.72,Decor,Wall Art,27.94,58.03,2023-03-12
SKU-015,2025-03-31,28.0,58.03,0,1624.84,Decor,Wall Art,27.94,58.03,2023-03-12
SKU-015,2025-04-07,13.0,58.03,0,1044.54,Decor,Wall Art,27.94,58.03,2023-03-12
SKU-015,2025-04-14,21.0,58.03,0,1218.6299999999999,Decor,Wall Art,27.94,58.03,2023-03-12
SKU-015,2025-04-21,22.0,58.03,0,1276.6599999999999,Decor,Wall Art,27.94,58.03,2023-03-12
SKU-015,2025-04-28,47.0,58.03,0,2727.41,Decor,Wall Art,27.94,58.03,2023-03-12
SKU-015,2025-05-05,36.0,58.03,0,2089.08,Decor,Wall Art,27.94,58.03,2023-03-12
SKU-015,2025-05-12,28.0,58.029999999999994,0,1624.84,Decor,Wall Art,27.94,58.03,2023-03-12
SKU-015,2025-05-19,36.0,55.260000000000005,1,1967.2,Decor,Wall Art,27.94,58.03,2023-03-12
SKU-015,2025-05-26,55.0,49.395,1,2745.23,Decor,Wall Art,27.94,58.03,2023-03-12
SKU-015,2025-06-02,32.0,58.029999999999994,0,1856.96,Decor,Wall Art,27.94,58.03,2023-03-12
SKU-015,2025-06-09,34.0,58.03,0,1973.02,Decor,Wall Art,27.94,58.03,2023-03-12
SKU-015,2025-06-16,26.0,58.029999999999994,0,1508.78,Decor,Wall Art,27.94,58.03,2023-03-12
SKU-015,2025-06-23,21.0,58.03,0,1218.63,Decor,Wall Art,27.94,58.03,2023-03-12
SKU-015,2025-06-30,57.0,47.09166666666667,1,2671.87,Decor,Wall Art,27.94,58.03,2023-03-12
SKU-015,2025-07-07,52.0,56.14333333333334,1,2825.12,Decor,Wall Art,27.94,58.03,2023-03-12
SKU-015,2025-07-14,33.0,58.03,0,1914.9899999999998,Decor,Wall Art,27.94,58.03,2023-03-12
SKU-015,2025-07-21,28.0,58.029999999999994,0,1624.84,Decor,Wall Art,27.94,58.03,2023-03-12
SKU-015,2025-07-28,26.0,58.03,0,1508.78,Decor,Wall Art,27.94,58.03,2023-03-12
SKU-015,2025-08-04,49.0,56.28000000000001,1,2733.22,Decor,Wall Art,27.94,58.03,2023-03-12
SKU-015,2025-08-11,70.0,48.525,1,3410.83,Decor,Wall Art,27.94,58.03,2023-03-12
SKU-015,2025-08-18,51.0,53.39333333333334,1,2662.42,Decor,Wall Art,27.94,58.03,2023-03-12
SKU-015,2025-08-25,43.0,58.03000000000001,0,2495.29,Decor,Wall Art,27.94,58.03,2023-03-12
SKU-015,2025-09-01,45.0,56.4,1,2489.1,Decor,Wall Art,27.94,58.03,2023-03-12
SKU-015,2025-09-08,56.0,54.98428571428571,1,3015.16,Decor,Wall Art,27.94,58.03,2023-03-12
SKU-015,2025-09-15,26.0,58.029999999999994,0,1508.78,Decor,Wall Art,27.94,58.03,2023-03-12
SKU-015,2025-09-22,25.0,58.029999999999994,0,1566.81,Decor,Wall Art,27.94,58.03,2023-03-12
SKU-015,2025-09-29,25.0,58.03,0,1450.75,Decor,Wall Art,27.94,58.03,2023-03-12
SKU-015,2025-10-06,33.0,53.694,1,1746.1499999999999,Decor,Wall Art,27.94,58.03,2023-03-12
SKU-015,2025-10-13,39.0,53.525,1,2038.36,Decor,Wall Art,27.94,58.03,2023-03-12
SKU-015,2025-10-20,34.0,58.03,0,2263.17,Decor,Wall Art,27.94,58.03,2023-03-12
SKU-015,2025-10-27,40.0,58.03,0,2321.2,Decor,Wall Art,27.94,58.03,2023-03-12
SKU-015,2025-11-03,27.0,58.029999999999994,0,1566.81,Decor,Wall Art,27.94,58.03,2023-03-12
SKU-015,2025-11-10,31.0,58.029999999999994,0,1798.9299999999998,Decor,Wall Art,27.94,58.03,2023-03-12
SKU-015,2025-11-17,42.0,56.44200000000001,1,2365.8,Decor,Wall Art,27.94,58.03,2023-03-12
SKU-015,2025-11-24,44.0,46.3225,1,2032.92,Decor,Wall Art,27.94,58.03,2023-03-12
SKU-015,2025-12-01,24.0,58.029999999999994,0,1392.72,Decor,Wall Art,27.94,58.03,2023-03-12
SKU-015,2025-12-08,29.0,58.03,0,1682.87,Decor,Wall Art,27.94,58.03,2023-03-12
SKU-015,2025-12-15,72.0,49.580000000000005,1,3581.11,Decor,Wall Art,27.94,58.03,2023-03-12
SKU-015,2025-12-22,43.0,53.555,1,2248.86,Decor,Wall Art,27.94,58.03,2023-03-12
SKU-015,2025-12-29,43.0,53.32333333333333,1,2267.87,Decor,Wall Art,27.94,58.03,2023-03-12
SKU-015,2026-01-05,38.0,58.029999999999994,0,2205.14,Decor,Wall Art,27.94,58.03,2023-03-12
SKU-015,2026-01-12,28.0,58.029999999999994,0,1624.84,Decor,Wall Art,27.94,58.03,2023-03-12
SKU-015,2026-01-19,39.0,58.03,0,2263.17,Decor,Wall Art,27.94,58.03,2023-03-12
SKU-015,2026-01-26,23.0,58.03,0,1334.69,Decor,Wall Art,27.94,58.03,2023-03-12
SKU-015,2026-02-02,51.0,58.03000000000001,0,2959.5299999999997,Decor,Wall Art,27.94,58.03,2023-03-12
SKU-015,2026-02-09,12.0,58.03,0,696.3599999999999,Decor,Wall Art,27.94,58.03,2023-03-12
SKU-015,2026-02-16,39.0,54.734,1,2122.23,Decor,Wall Art,27.94,58.03,2023-03-12
SKU-015,2026-02-23,49.0,58.03,0,2843.47,Decor,Wall Art,27.94,58.03,2023-03-12
SKU-015,2026-03-02,42.0,58.03000000000001,0,2437.2599999999998,Decor,Wall Art,27.94,58.03,2023-03-12
SKU-015,2026-03-09,21.0,56.3325,1,1143.94,Decor,Wall Art,27.94,58.03,2023-03-12
SKU-015,2026-03-16,40.0,49.11,1,2614.62,Decor,Wall Art,27.94,58.03,2023-03-12
SKU-015,2026-03-23,36.0,58.03,0,2089.08,Decor,Wall Art,27.94,58.03,2023-03-12
SKU-015,2026-03-30,15.0,58.03,0,870.45,Decor,Wall Art,27.94,58.03,2023-03-12
SKU-015,2026-04-06,15.0,58.03,0,870.45,Decor,Wall Art,27.94,58.03,2023-03-12
SKU-015,2026-04-13,38.0,58.03,0,2205.14,Decor,Wall Art,27.94,58.03,2023-03-12
SKU-015,2026-04-20,29.0,58.03,0,1682.8700000000001,Decor,Wall Art,27.94,58.03,2023-03-12
SKU-015,2026-04-27,38.0,58.03,0,2205.14,Decor,Wall Art,27.94,58.03,2023-03-12
SKU-015,2026-05-04,23.0,58.03,0,1334.69,Decor,Wall Art,27.94,58.03,2023-03-12
SKU-015,2026-05-11,35.0,58.03000000000001,0,2031.05,Decor,Wall Art,27.94,58.03,2023-03-12
SKU-015,2026-05-18,20.0,56.866,1,1642.13,Decor,Wall Art,27.94,58.03,2023-03-12
SKU-015,2026-05-25,47.0,53.52285714285714,1,2437.24,Decor,Wall Art,27.94,58.03,2023-03-12
SKU-015,2026-06-01,26.0,58.03,0,1508.78,Decor,Wall Art,27.94,58.03,2023-03-12
SKU-015,2026-06-08,27.0,58.03,0,1566.81,Decor,Wall Art,27.94,58.03,2023-03-12
SKU-015,2026-06-15,17.0,58.03,0,986.51,Decor,Wall Art,27.94,58.03,2023-03-12
SKU-015,2026-06-22,46.0,58.03,0,2669.38,Decor,Wall Art,27.94,58.03,2023-03-12
SKU-015,2026-06-29,72.0,49.955000000000005,1,3599.4700000000003,Decor,Wall Art,27.94,58.03,2023-03-12
SKU-015,2026-07-06,39.0,56.30166666666667,1,2159.4700000000003,Decor,Wall Art,27.94,58.03,2023-03-12
SKU-015,2026-07-13,33.0,58.03,0,1914.9899999999998,Decor,Wall Art,27.94,58.03,2023-03-12
SKU-015,2026-07-20,36.0,58.03,0,2089.08,Decor,Wall Art,27.94,58.03,2023-03-12
SKU-015,2026-07-27,44.0,58.03,0,2553.32,Decor,Wall Art,27.94,58.03,2023-03-12
SKU-015,2026-08-03,53.0,58.03000000000001,0,3075.59,Decor,Wall Art,27.94,58.03,2023-03-12
SKU-015,2026-08-10,59.0,49.330000000000005,1,2906.44,Decor,Wall Art,27.94,58.03,2023-03-12
SKU-015,2026-08-17,33.0,53.992,1,1790.85,Decor,Wall Art,27.94,58.03,2023-03-12
SKU-015,2026-08-24,26.0,58.029999999999994,0,1508.78,Decor,Wall Art,27.94,58.03,2023-03-12
SKU-015,2026-08-31,4.0,58.03,0,232.12,Decor,Wall Art,27.94,58.03,2023-03-12
SKU-016,2024-01-01,131.0,25.604285714285712,1,3314.61,Decor,Vases,14.27,28.15,2022-10-20
SKU-016,2024-01-08,83.0,28.15,0,2336.4500000000003,Decor,Vases,14.27,28.15,2022-10-20
SKU-016,2024-01-15,64.0,28.15,0,1801.6,Decor,Vases,14.27,28.15,2022-10-20
SKU-016,2024-01-22,79.0,28.149999999999995,0,2223.85,Decor,Vases,14.27,28.15,2022-10-20
SKU-016,2024-01-29,95.0,28.15,0,2674.25,Decor,Vases,14.27,28.15,2022-10-20
SKU-016,2024-02-05,88.0,28.149999999999995,0,2477.2,Decor,Vases,14.27,28.15,2022-10-20
SKU-016,2024-02-12,78.0,25.86,1,2001.84,Decor,Vases,14.27,28.15,2022-10-20
SKU-016,2024-02-19,92.0,26.77,1,2389.7,Decor,Vases,14.27,28.15,2022-10-20
SKU-016,2024-02-26,34.0,28.149999999999995,0,957.0999999999999,Decor,Vases,14.27,28.15,2022-10-20
SKU-016,2024-03-04,20.0,28.15,0,563.0,Decor,Vases,14.27,28.15,2022-10-20
SKU-016,2024-03-11,81.0,24.2275,1,1907.97,Decor,Vases,14.27,28.15,2022-10-20
SKU-016,2024-03-18,77.0,24.886666666666667,1,1879.21,Decor,Vases,14.27,28.15,2022-10-20
SKU-016,2024-03-25,62.0,28.15,0,1745.3,Decor,Vases,14.27,28.15,2022-10-20
SKU-016,2024-04-01,86.0,28.15,0,2420.9,Decor,Vases,14.27,28.15,2022-10-20
SKU-016,2024-04-08,79.0,28.15,0,2223.85,Decor,Vases,14.27,28.15,2022-10-20
SKU-016,2024-04-15,40.0,28.149999999999995,0,1126.0,Decor,Vases,14.27,28.15,2022-10-20
SKU-016,2024-04-22,63.0,28.15,0,1773.4499999999998,Decor,Vases,14.27,28.15,2022-10-20
SKU-016,2024-04-29,86.0,28.149999999999995,0,2420.9,Decor,Vases,14.27,28.15,2022-10-20
SKU-016,2024-05-06,48.0,28.149999999999995,0,1351.2,Decor,Vases,14.27,28.15,2022-10-20
SKU-016,2024-05-13,54.0,28.149999999999995,0,1520.1,Decor,Vases,14.27,28.15,2022-10-20
SKU-016,2024-05-20,58.0,26.98,1,2414.16,Decor,Vases,14.27,28.15,2022-10-20
SKU-016,2024-05-27,56.0,28.15,0,1576.4,Decor,Vases,14.27,28.15,2022-10-20
SKU-016,2024-06-03,27.0,28.15,0,760.05,Decor,Vases,14.27,28.15,2022-10-20
SKU-016,2024-06-10,24.0,28.15,0,675.6,Decor,Vases,14.27,28.15,2022-10-20
SKU-016,2024-06-17,60.0,28.15,0,2026.8,Decor,Vases,14.27,28.15,2022-10-20
SKU-016,2024-06-24,57.0,28.15,0,1604.55,Decor,Vases,14.27,28.15,2022-10-20
SKU-016,2024-07-01,147.0,24.095,1,4277.18,Decor,Vases,14.27,28.15,2022-10-20
SKU-016,2024-07-08,61.0,28.15,0,1717.15,Decor,Vases,14.27,28.15,2022-10-20
SKU-016,2024-07-15,93.0,28.149999999999995,0,2617.95,Decor,Vases,14.27,28.15,2022-10-20
SKU-016,2024-07-22,43.0,28.149999999999995,0,1210.45,Decor,Vases,14.27,28.15,2022-10-20
SKU-016,2024-07-29,49.0,28.149999999999995,0,1379.35,Decor,Vases,14.27,28.15,2022-10-20
SKU-016,2024-08-05,85.0,26.403333333333332,1,2535.88,Decor,Vases,14.27,28.15,2022-10-20
SKU-016,2024-08-12,47.0,22.85,1,1079.15,Decor,Vases,14.27,28.15,2022-10-20
SKU-016,2024-08-19,62.0,27.2825,1,1665.49,Decor,Vases,14.27,28.15,2022-10-20
SKU-016,2024-08-26,76.0,26.932499999999997,1,1998.17,Decor,Vases,14.27,28.15,2022-10-20
SKU-016,2024-09-02,49.0,26.56,1,1269.64,Decor,Vases,14.27,28.15,2022-10-20
SKU-016,2024-09-09,37.0,26.68,1,962.17,Decor,Vases,14.27,28.15,2022-10-20
SKU-016,2024-09-16,54.0,28.15,0,1520.1,Decor,Vases,14.27,28.15,2022-10-20
SKU-016,2024-09-23,45.0,28.149999999999995,0,1266.75,Decor,Vases,14.27,28.15,2022-10-20
SKU-016,2024-09-30,56.0,28.15,0,1576.4,Decor,Vases,14.27,28.15,2022-10-20
SKU-016,2024-10-07,89.0,25.435,1,2220.79,Decor,Vases,14.27,28.15,2022-10-20
SKU-016,2024-10-14,40.0,25.92,1,1036.8,Decor,Vases,14.27,28.15,2022-10-20
SKU-016,2024-10-21,85.0,28.15,0,2392.75,Decor,Vases,14.27,28.15,2022-10-20
SKU-016,2024-10-28,84.0,28.149999999999995,0,2674.25,Decor,Vases,14.27,28.15,2022-10-20
SKU-016,2024-11-04,76.0,28.15,0,2139.4,Decor,Vases,14.27,28.15,2022-10-20
SKU-016,2024-11-11,44.0,28.15,0,1238.6,Decor,Vases,14.27,28.15,2022-10-20
SKU-016,2024-11-18,36.0,28.15,0,1013.4,Decor,Vases,14.27,28.15,2022-10-20
SKU-016,2024-11-25,119.0,24.512,1,2886.47,Decor,Vases,14.27,28.15,2022-10-20
SKU-016,2024-12-02,101.0,28.15,0,2843.15,Decor,Vases,14.27,28.15,2022-10-20
SKU-016,2024-12-09,94.0,28.15,0,2646.1,Decor,Vases,14.27,28.15,2022-10-20
SKU-016,2024-12-16,70.0,23.19666666666667,1,1621.0,Decor,Vases,14.27,28.15,2022-10-20
SKU-016,2024-12-23,39.0,28.149999999999995,0,1097.85,Decor,Vases,14.27,28.15,2022-10-20
SKU-016,2024-12-30,68.0,25.986,1,2304.24,Decor,Vases,14.27,28.15,2022-10-20
SKU-016,2025-01-06,67.0,28.15,0,1886.05,Decor,Vases,14.27,28.15,2022-10-20
SKU-016,2025-01-13,47.0,28.15,0,1323.05,Decor,Vases,14.27,28.15,2022-10-20
SKU-016,2025-01-20,82.0,28.15,0,2308.3,Decor,Vases,14.27,28.15,2022-10-20
SKU-016,2025-01-27,80.0,28.15,0,2252.0,Decor,Vases,14.27,28.15,2022-10-20
SKU-016,2025-02-03,105.0,28.15,0,2955.75,Decor,Vases,14.27,28.15,2022-10-20
SKU-016,2025-02-10,55.0,28.149999999999995,0,1548.25,Decor,Vases,14.27,28.15,2022-10-20
SKU-016,2025-02-17,76.0,25.575,1,1859.74,Decor,Vases,14.27,28.15,2022-10-20
SKU-016,2025-02-24,58.0,28.149999999999995,0,1632.6999999999998,Decor,Vases,14.27,28.15,2022-10-20
SKU-016,2025-03-03,71.0,28.15,0,1998.65,Decor,Vases,14.27,28.15,2022-10-20
SKU-016,2025-03-10,73.0,26.46,1,1852.15,Decor,Vases,14.27,28.15,2022-10-20
SKU-016,2025-03-17,75.0,25.1325,1,1833.64,Decor,Vases,14.27,28.15,2022-10-20
SKU-016,2025-03-24,60.0,28.15,0,1689.0,Decor,Vases,14.27,28.15,2022-10-20
SKU-016,2025-03-31,47.0,28.149999999999995,0,1323.05,Decor,Vases,14.27,28.15,2022-10-20
SKU-016,2025-04-07,34.0,28.15,0,957.0999999999999,Decor,Vases,14.27,28.15,2022-10-20
SKU-016,2025-04-14,89.0,28.15,0,2505.3500000000004,Decor,Vases,14.27,28.15,2022-10-20
SKU-016,2025-04-21,70.0,28.15,0,1970.5,Decor,Vases,14.27,28.15,2022-10-20
SKU-016,2025-04-28,59.0,28.15,0,1660.85,Decor,Vases,14.27,28.15,2022-10-20
SKU-016,2025-05-05,87.0,28.15,0,2449.05,Decor,Vases,14.27,28.15,2022-10-20
SKU-016,2025-05-12,75.0,28.149999999999995,0,2111.25,Decor,Vases,14.27,28.15,2022-10-20
SKU-016,2025-05-19,82.0,27.038,1,2191.54,Decor,Vases,14.27,28.15,2022-10-20
SKU-016,2025-05-26,35.0,26.229999999999997,1,881.5699999999999,Decor,Vases,14.27,28.15,2022-10-20
SKU-016,2025-06-02,109.0,28.149999999999995,0,3068.35,Decor,Vases,14.27,28.15,2022-10-20
SKU-016,2025-06-09,74.0,28.149999999999995,0,2477.2,Decor,Vases,14.27,28.15,2022-10-20
SKU-016,2025-06-16,69.0,28.15,0,1942.35,Decor,Vases,14.27,28.15,2022-10-20
SKU-016,2025-06-23,39.0,28.149999999999995,0,1097.85,Decor,Vases,14.27,28.15,2022-10-20
SKU-016,2025-06-30,83.0,24.516,1,2784.6800000000003,Decor,Vases,14.27,28.15,2022-10-20
SKU-016,2025-07-07,85.0,27.52,1,2310.85,Decor,Vases,14.27,28.15,2022-10-20
SKU-016,2025-07-14,65.0,28.15,0,1829.75,Decor,Vases,14.27,28.15,2022-10-20
SKU-016,2025-07-21,110.0,28.149999999999995,0,3096.5,Decor,Vases,14.27,28.15,2022-10-20
SKU-016,2025-07-28,76.0,28.149999999999995,0,2139.4,Decor,Vases,14.27,28.15,2022-10-20
SKU-016,2025-08-04,63.0,28.15,0,1773.4499999999998,Decor,Vases,14.27,28.15,2022-10-20
SKU-016,2025-08-11,157.0,23.735,1,3743.9,Decor,Vases,14.27,28.15,2022-10-20
SKU-016,2025-08-18,112.0,26.2,1,2850.55,Decor,Vases,14.27,28.15,2022-10-20
SKU-016,2025-08-25,45.0,28.149999999999995,0,1266.75,Decor,Vases,14.27,28.15,2022-10-20
SKU-016,2025-09-01,71.0,26.84,1,1836.21,Decor,Vases,14.27,28.15,2022-10-20
SKU-016,2025-09-08,68.0,27.119999999999997,1,1848.2800000000002,Decor,Vases,14.27,28.15,2022-10-20
SKU-016,2025-09-15,62.0,28.15,0,1745.3,Decor,Vases,14.27,28.15,2022-10-20
SKU-016,2025-09-22,68.0,28.15,0,1914.2,Decor,Vases,14.27,28.15,2022-10-20
SKU-016,2025-09-29,124.0,28.15,0,3490.6,Decor,Vases,14.27,28.15,2022-10-20
SKU-016,2025-10-06,46.0,28.15,0,1294.9,Decor,Vases,14.27,28.15,2022-10-20
SKU-016,2025-10-13,28.0,28.15,0,788.2,Decor,Vases,14.27,28.15,2022-10-20
SKU-016,2025-10-20,61.0,28.15,0,1717.15,Decor,Vases,14.27,28.15,2022-10-20
SKU-016,2025-10-27,113.0,28.149999999999995,0,3180.95,Decor,Vases,14.27,28.15,2022-10-20
SKU-016,2025-11-03,79.0,28.15,0,2223.85,Decor,Vases,14.27,28.15,2022-10-20
SKU-016,2025-11-10,94.0,28.15,0,2646.1,Decor,Vases,14.27,28.15,2022-10-20
SKU-016,2025-11-17,34.0,28.15,0,957.0999999999999,Decor,Vases,14.27,28.15,2022-10-20
SKU-016,2025-11-24,134.0,22.87,1,3042.4,Decor,Vases,14.27,28.15,2022-10-20
SKU-016,2025-12-01,98.0,28.15,0,2758.7,Decor,Vases,14.27,28.15,2022-10-20
SKU-016,2025-12-08,137.0,28.149999999999995,0,3856.55,Decor,Vases,14.27,28.15,2022-10-20
SKU-016,2025-12-15,196.0,23.558333333333334,1,4654.68,Decor,Vases,14.27,28.15,2022-10-20
SKU-016,2025-12-22,57.0,26.48333333333333,1,1469.55,Decor,Vases,14.27,28.15,2022-10-20
SKU-016,2025-12-29,62.0,24.49,1,1509.8899999999999,Decor,Vases,14.27,28.15,2022-10-20
SKU-016,2026-01-05,50.0,28.15,0,1407.5,Decor,Vases,14.27,28.15,2022-10-20
SKU-016,2026-01-12,81.0,28.149999999999995,0,2280.15,Decor,Vases,14.27,28.15,2022-10-20
SKU-016,2026-01-19,37.0,28.149999999999995,0,1041.55,Decor,Vases,14.27,28.15,2022-10-20
SKU-016,2026-01-26,58.0,28.15,0,1632.7,Decor,Vases,14.27,28.15,2022-10-20
SKU-016,2026-02-02,53.0,28.15,0,1491.9499999999998,Decor,Vases,14.27,28.15,2022-10-20
SKU-016,2026-02-09,24.0,28.15,0,675.5999999999999,Decor,Vases,14.27,28.15,2022-10-20
SKU-016,2026-02-16,74.0,26.006,1,1854.76,Decor,Vases,14.27,28.15,2022-10-20
SKU-016,2026-02-23,80.0,28.149999999999995,0,2252.0,Decor,Vases,14.27,28.15,2022-10-20
SKU-016,2026-03-02,79.0,28.15,0,2223.85,Decor,Vases,14.27,28.15,2022-10-20
SKU-016,2026-03-09,53.0,28.149999999999995,0,1491.95,Decor,Vases,14.27,28.15,2022-10-20
SKU-016,2026-03-16,68.0,23.80666666666667,1,1604.04,Decor,Vases,14.27,28.15,2022-10-20
SKU-016,2026-03-23,37.0,28.149999999999995,0,1041.55,Decor,Vases,14.27,28.15,2022-10-20
SKU-016,2026-03-30,70.0,28.15,0,1970.5,Decor,Vases,14.27,28.15,2022-10-20
SKU-016,2026-04-06,36.0,28.15,0,1013.4,Decor,Vases,14.27,28.15,2022-10-20
SKU-016,2026-04-13,118.0,28.15,0,3321.7000000000003,Decor,Vases,14.27,28.15,2022-10-20
SKU-016,2026-04-20,97.0,28.149999999999995,0,2730.55,Decor,Vases,14.27,28.15,2022-10-20
SKU-016,2026-04-27,77.0,28.15,0,2167.55,Decor,Vases,14.27,28.15,2022-10-20
SKU-016,2026-05-04,29.0,28.15,0,816.35,Decor,Vases,14.27,28.15,2022-10-20
SKU-016,2026-05-11,60.0,28.15,0,1689.0,Decor,Vases,14.27,28.15,2022-10-20
SKU-016,2026-05-18,74.0,27.18,1,1993.8600000000001,Decor,Vases,14.27,28.15,2022-10-20
SKU-016,2026-05-25,46.0,28.149999999999995,0,1294.9,Decor,Vases,14.27,28.15,2022-10-20
SKU-016,2026-06-01,67.0,28.15,0,1886.05,Decor,Vases,14.27,28.15,2022-10-20
SKU-016,2026-06-08,27.0,28.149999999999995,0,1182.3,Decor,Vases,14.27,28.15,2022-10-20
SKU-016,2026-06-15,46.0,28.15,0,1294.9,Decor,Vases,14.27,28.15,2022-10-20
SKU-016,2026-06-22,58.0,28.15,0,1632.7,Decor,Vases,14.27,28.15,2022-10-20
SKU-016,2026-06-29,69.0,25.45,1,1731.3899999999999,Decor,Vases,14.27,28.15,2022-10-20
SKU-016,2026-07-06,46.0,26.973333333333333,1,1224.3,Decor,Vases,14.27,28.15,2022-10-20
SKU-016,2026-07-13,37.0,28.149999999999995,0,1041.55,Decor,Vases,14.27,28.15,2022-10-20
SKU-016,2026-07-20,54.0,28.15,0,1970.5,Decor,Vases,14.27,28.15,2022-10-20
SKU-016,2026-07-27,73.0,28.15,0,2054.95,Decor,Vases,14.27,28.15,2022-10-20
SKU-016,2026-08-03,78.0,28.15,0,2195.7,Decor,Vases,14.27,28.15,2022-10-20
SKU-016,2026-08-10,135.0,23.643333333333334,1,3178.68,Decor,Vases,14.27,28.15,2022-10-20
SKU-016,2026-08-17,110.0,25.344,1,2767.55,Decor,Vases,14.27,28.15,2022-10-20
SKU-016,2026-08-24,77.0,28.15,0,2167.55,Decor,Vases,14.27,28.15,2022-10-20
SKU-017,2025-04-07,2.0,44.17,0,88.34,Decor,Wall Art,20.0,44.17,2025-04-12
SKU-017,2025-04-21,4.0,44.169999999999995,0,176.68,Decor,Wall Art,20.0,44.17,2025-04-12
SKU-017,2025-04-28,1.0,44.17,0,44.17,Decor,Wall Art,20.0,44.17,2025-04-12
SKU-017,2025-05-05,4.0,44.17,0,176.68,Decor,Wall Art,20.0,44.17,2025-04-12
SKU-017,2025-05-12,2.0,44.169999999999995,0,88.34,Decor,Wall Art,20.0,44.17,2025-04-12
SKU-017,2025-05-26,4.0,40.373333333333335,1,158.41,Decor,Wall Art,20.0,44.17,2025-04-12
SKU-017,2025-06-02,3.0,44.17,0,132.51,Decor,Wall Art,20.0,44.17,2025-04-12
SKU-017,2025-06-09,3.0,44.169999999999995,0,132.51,Decor,Wall Art,20.0,44.17,2025-04-12
SKU-017,2025-06-16,2.0,44.17,0,88.34,Decor,Wall Art,20.0,44.17,2025-04-12
SKU-017,2025-06-23,2.0,44.17,0,88.34,Decor,Wall Art,20.0,44.17,2025-04-12
SKU-017,2025-06-30,8.0,35.97,1,278.89,Decor,Wall Art,20.0,44.17,2025-04-12
SKU-017,2025-07-14,2.0,44.17,0,88.34,Decor,Wall Art,20.0,44.17,2025-04-12
SKU-017,2025-07-21,1.0,44.17,0,44.17,Decor,Wall Art,20.0,44.17,2025-04-12
SKU-017,2025-07-28,4.0,44.169999999999995,0,176.68,Decor,Wall Art,20.0,44.17,2025-04-12
SKU-017,2025-08-04,1.0,44.17,0,44.17,Decor,Wall Art,20.0,44.17,2025-04-12
SKU-017,2025-08-11,2.0,36.879999999999995,1,73.75999999999999,Decor,Wall Art,20.0,44.17,2025-04-12
SKU-017,2025-08-18,6.0,41.6375,1,244.76,Decor,Wall Art,20.0,44.17,2025-04-12
SKU-017,2025-08-25,2.0,44.17,0,88.34,Decor,Wall Art,20.0,44.17,2025-04-12
SKU-017,2025-09-01,1.0,44.17,0,44.17,Decor,Wall Art,20.0,44.17,2025-04-12
SKU-017,2025-09-08,2.0,44.17,0,88.34,Decor,Wall Art,20.0,44.17,2025-04-12
SKU-017,2025-09-15,1.0,44.17,0,44.17,Decor,Wall Art,20.0,44.17,2025-04-12
SKU-017,2025-09-22,7.0,44.17,0,309.19,Decor,Wall Art,20.0,44.17,2025-04-12
SKU-017,2025-09-29,3.0,44.17,0,132.51,Decor,Wall Art,20.0,44.17,2025-04-12
SKU-017,2025-10-06,3.0,41.7,1,127.57,Decor,Wall Art,20.0,44.17,2025-04-12
SKU-017,2025-10-13,4.0,35.11666666666667,1,140.74,Decor,Wall Art,20.0,44.17,2025-04-12
SKU-017,2025-10-27,1.0,44.169999999999995,0,88.34,Decor,Wall Art,20.0,44.17,2025-04-12
SKU-017,2025-11-03,1.0,44.17,0,44.17,Decor,Wall Art,20.0,44.17,2025-04-12
SKU-017,2025-11-10,7.0,44.169999999999995,0,309.19,Decor,Wall Art,20.0,44.17,2025-04-12
SKU-017,2025-11-17,5.0,44.169999999999995,0,220.85000000000002,Decor,Wall Art,20.0,44.17,2025-04-12
SKU-017,2025-11-24,2.0,34.644999999999996,1,69.28999999999999,Decor,Wall Art,20.0,44.17,2025-04-12
SKU-017,2025-12-01,3.0,44.169999999999995,0,132.51,Decor,Wall Art,20.0,44.17,2025-04-12
SKU-017,2025-12-08,4.0,44.17,0,176.68,Decor,Wall Art,20.0,44.17,2025-04-12
SKU-017,2025-12-15,2.0,37.72,1,75.44,Decor,Wall Art,20.0,44.17,2025-04-12
SKU-017,2025-12-22,0.0,38.28,1,0.0,Decor,Wall Art,20.0,44.17,2025-04-12
SKU-017,2025-12-29,2.0,41.305,1,82.61,Decor,Wall Art,20.0,44.17,2025-04-12
SKU-017,2026-01-05,2.0,44.169999999999995,0,88.34,Decor,Wall Art,20.0,44.17,2025-04-12
SKU-017,2026-01-12,5.0,44.17,0,220.85000000000002,Decor,Wall Art,20.0,44.17,2025-04-12
SKU-017,2026-01-19,3.0,44.17,0,132.51,Decor,Wall Art,20.0,44.17,2025-04-12
SKU-017,2026-01-26,4.0,44.169999999999995,0,176.68,Decor,Wall Art,20.0,44.17,2025-04-12
SKU-017,2026-02-02,3.0,44.17,0,132.51,Decor,Wall Art,20.0,44.17,2025-04-12
SKU-017,2026-02-09,2.0,44.17,0,88.34,Decor,Wall Art,20.0,44.17,2025-04-12
SKU-017,2026-02-16,5.0,39.163333333333334,1,271.52,Decor,Wall Art,20.0,44.17,2025-04-12
SKU-017,2026-03-02,1.0,44.17,0,44.17,Decor,Wall Art,20.0,44.17,2025-04-12
SKU-017,2026-03-16,2.0,36.25,1,72.31,Decor,Wall Art,20.0,44.17,2025-04-12
SKU-017,2026-03-23,2.0,44.169999999999995,0,88.34,Decor,Wall Art,20.0,44.17,2025-04-12
SKU-017,2026-03-30,2.0,44.17,0,88.34,Decor,Wall Art,20.0,44.17,2025-04-12
SKU-017,2026-04-06,2.0,44.17,0,88.34,Decor,Wall Art,20.0,44.17,2025-04-12
SKU-017,2026-04-13,4.0,44.169999999999995,0,176.68,Decor,Wall Art,20.0,44.17,2025-04-12
SKU-017,2026-04-20,1.0,44.17,0,44.17,Decor,Wall Art,20.0,44.17,2025-04-12
SKU-017,2026-04-27,1.0,44.17,0,44.17,Decor,Wall Art,20.0,44.17,2025-04-12
SKU-017,2026-05-04,7.0,44.17,0,309.19,Decor,Wall Art,20.0,44.17,2025-04-12
SKU-017,2026-05-11,1.0,44.17,0,44.17,Decor,Wall Art,20.0,44.17,2025-04-12
SKU-017,2026-05-18,3.0,44.169999999999995,0,132.51,Decor,Wall Art,20.0,44.17,2025-04-12
SKU-017,2026-05-25,7.0,40.239999999999995,1,276.32,Decor,Wall Art,20.0,44.17,2025-04-12
SKU-017,2026-06-08,3.0,44.169999999999995,0,132.51,Decor,Wall Art,20.0,44.17,2025-04-12
SKU-017,2026-06-15,2.0,44.17,0,88.34,Decor,Wall Art,20.0,44.17,2025-04-12
SKU-017,2026-06-22,2.0,44.17,0,88.34,Decor,Wall Art,20.0,44.17,2025-04-12
SKU-017,2026-06-29,6.0,41.185,1,247.42000000000002,Decor,Wall Art,20.0,44.17,2025-04-12
SKU-017,2026-07-06,1.0,34.885000000000005,1,33.39,Decor,Wall Art,20.0,44.17,2025-04-12
SKU-017,2026-07-13,1.0,44.17,0,44.17,Decor,Wall Art,20.0,44.17,2025-04-12
SKU-017,2026-07-20,1.0,44.17,0,44.17,Decor,Wall Art,20.0,44.17,2025-04-12
SKU-017,2026-07-27,5.0,44.169999999999995,0,220.85000000000002,Decor,Wall Art,20.0,44.17,2025-04-12
SKU-017,2026-08-03,3.0,44.17,0,132.51,Decor,Wall Art,20.0,44.17,2025-04-12
SKU-017,2026-08-10,13.0,35.3975,1,458.69,Decor,Wall Art,20.0,44.17,2025-04-12
SKU-017,2026-08-17,4.0,39.335,1,147.67000000000002,Decor,Wall Art,20.0,44.17,2025-04-12
SKU-017,2026-08-24,1.0,44.17,0,44.17,Decor,Wall Art,20.0,44.17,2025-04-12
SKU-018,2024-01-01,60.0,66.416,1,3791.87,Decor,Wall Art,39.91,75.7,2023-03-26
SKU-018,2024-01-08,39.0,75.7,0,3785.0,Decor,Wall Art,39.91,75.7,2023-03-26
SKU-018,2024-01-15,37.0,75.7,0,2800.9,Decor,Wall Art,39.91,75.7,2023-03-26
SKU-018,2024-01-22,48.0,75.7,0,3633.6,Decor,Wall Art,39.91,75.7,2023-03-26
SKU-018,2024-01-29,43.0,75.7,0,3255.1,Decor,Wall Art,39.91,75.7,2023-03-26
SKU-018,2024-02-05,49.0,75.7,0,4844.8,Decor,Wall Art,39.91,75.7,2023-03-26
SKU-018,2024-02-12,58.0,66.736,1,3795.66,Decor,Wall Art,39.91,75.7,2023-03-26
SKU-018,2024-02-19,30.0,73.50800000000001,1,2517.98,Decor,Wall Art,39.91,75.7,2023-03-26
SKU-018,2024-02-26,40.0,75.7,0,3028.0,Decor,Wall Art,39.91,75.7,2023-03-26
SKU-018,2024-03-04,60.0,75.7,0,4542.0,Decor,Wall Art,39.91,75.7,2023-03-26
SKU-018,2024-03-11,53.0,66.546,1,3418.97,Decor,Wall Art,39.91,75.7,2023-03-26
SKU-018,2024-03-18,62.0,67.03833333333334,1,4076.1400000000003,Decor,Wall Art,39.91,75.7,2023-03-26
SKU-018,2024-03-25,48.0,75.7,0,3633.6,Decor,Wall Art,39.91,75.7,2023-03-26
SKU-018,2024-04-01,38.0,75.7,0,2876.6,Decor,Wall Art,39.91,75.7,2023-03-26
SKU-018,2024-04-08,50.0,75.7,0,3785.0,Decor,Wall Art,39.91,75.7,2023-03-26
SKU-018,2024-04-15,39.0,75.7,0,2952.3,Decor,Wall Art,39.91,75.7,2023-03-26
SKU-018,2024-04-22,38.0,75.7,0,2876.6,Decor,Wall Art,39.91,75.7,2023-03-26
SKU-018,2024-04-29,40.0,75.7,0,3028.0,Decor,Wall Art,39.91,75.7,2023-03-26
SKU-018,2024-05-06,29.0,75.7,0,2195.3,Decor,Wall Art,39.91,75.7,2023-03-26
SKU-018,2024-05-13,37.0,75.7,0,2800.9,Decor,Wall Art,39.91,75.7,2023-03-26
SKU-018,2024-05-20,30.0,75.7,0,2271.0,Decor,Wall Art,39.91,75.7,2023-03-26
SKU-018,2024-05-27,38.0,72.035,1,2656.7,Decor,Wall Art,39.91,75.7,2023-03-26
SKU-018,2024-06-03,41.0,75.7,0,3103.7,Decor,Wall Art,39.91,75.7,2023-03-26
SKU-018,2024-06-10,56.0,75.7,0,4239.2,Decor,Wall Art,39.91,75.7,2023-03-26
SKU-018,2024-06-17,36.0,75.7,0,2725.2,Decor,Wall Art,39.91,75.7,2023-03-26
SKU-018,2024-06-24,49.0,75.7,0,3709.3,Decor,Wall Art,39.91,75.7,2023-03-26
SKU-018,2024-07-01,83.0,65.005,1,5414.62,Decor,Wall Art,39.91,75.7,2023-03-26
SKU-018,2024-07-08,45.0,75.7,0,3406.5,Decor,Wall Art,39.91,75.7,2023-03-26
SKU-018,2024-07-15,59.0,75.7,0,4466.3,Decor,Wall Art,39.91,75.7,2023-03-26
SKU-018,2024-07-22,60.0,75.7,0,4542.0,Decor,Wall Art,39.91,75.7,2023-03-26
SKU-018,2024-07-29,57.0,75.7,0,4314.9,Decor,Wall Art,39.91,75.7,2023-03-26
SKU-018,2024-08-05,62.0,70.75166666666667,1,4244.17,Decor,Wall Art,39.91,75.7,2023-03-26
SKU-018,2024-08-12,57.0,61.3,1,3458.41,Decor,Wall Art,39.91,75.7,2023-03-26
SKU-018,2024-08-19,54.0,69.964,1,3665.14,Decor,Wall Art,39.91,75.7,2023-03-26
SKU-018,2024-08-26,52.0,75.7,0,3936.4,Decor,Wall Art,39.91,75.7,2023-03-26
SKU-018,2024-09-02,37.0,70.765,1,2600.2599999999998,Decor,Wall Art,39.91,75.7,2023-03-26
SKU-018,2024-09-09,42.0,75.7,0,3179.4,Decor,Wall Art,39.91,75.7,2023-03-26
SKU-018,2024-09-16,42.0,75.7,0,3179.4000000000005,Decor,Wall Art,39.91,75.7,2023-03-26
SKU-018,2024-09-23,31.0,75.7,0,2346.7,Decor,Wall Art,39.91,75.7,2023-03-26
SKU-018,2024-09-30,36.0,75.7,0,2725.2000000000003,Decor,Wall Art,39.91,75.7,2023-03-26
SKU-018,2024-10-07,78.0,68.86,1,5225.64,Decor,Wall Art,39.91,75.7,2023-03-26
SKU-018,2024-10-14,29.0,67.72333333333334,1,1921.48,Decor,Wall Art,39.91,75.7,2023-03-26
SKU-018,2024-10-21,53.0,75.7,0,4012.1,Decor,Wall Art,39.91,75.7,2023-03-26
SKU-018,2024-10-28,37.0,75.7,0,3255.1,Decor,Wall Art,39.91,75.7,2023-03-26
SKU-018,2024-11-04,69.0,75.7,0,5223.3,Decor,Wall Art,39.91,75.7,2023-03-26
SKU-018,2024-11-11,49.0,75.7,0,3709.3,Decor,Wall Art,39.91,75.7,2023-03-26
SKU-018,2024-11-18,62.0,70.412,1,4311.8,Decor,Wall Art,39.91,75.7,2023-03-26
SKU-018,2024-11-25,61.0,66.76,1,4087.9900000000002,Decor,Wall Art,39.91,75.7,2023-03-26
SKU-018,2024-12-02,78.0,75.7,0,5904.599999999999,Decor,Wall Art,39.91,75.7,2023-03-26
SKU-018,2024-12-09,79.0,73.125,1,5733.1,Decor,Wall Art,39.91,75.7,2023-03-26
SKU-018,2024-12-16,109.0,62.26,1,6755.66,Decor,Wall Art,39.91,75.7,2023-03-26
SKU-018,2024-12-23,77.0,68.26333333333334,1,5089.67,Decor,Wall Art,39.91,75.7,2023-03-26
SKU-018,2024-12-30,49.0,71.022,1,3434.5099999999998,Decor,Wall Art,39.91,75.7,2023-03-26
SKU-018,2025-01-06,57.0,75.7,0,4314.9,Decor,Wall Art,39.91,75.7,2023-03-26
SKU-018,2025-01-13,29.0,75.7,0,2195.3,Decor,Wall Art,39.91,75.7,2023-03-26
SKU-018,2025-01-20,29.0,75.7,0,2195.3,Decor,Wall Art,39.91,75.7,2023-03-26
SKU-018,2025-01-27,47.0,75.7,0,3557.9,Decor,Wall Art,39.91,75.7,2023-03-26
SKU-018,2025-02-03,39.0,75.7,0,2952.3,Decor,Wall Art,39.91,75.7,2023-03-26
SKU-018,2025-02-10,48.0,75.7,0,3633.6,Decor,Wall Art,39.91,75.7,2023-03-26
SKU-018,2025-02-17,11.0,75.7,0,832.6999999999999,Decor,Wall Art,39.91,75.7,2023-03-26
SKU-018,2025-02-24,32.0,75.7,0,2422.4,Decor,Wall Art,39.91,75.7,2023-03-26
SKU-018,2025-03-03,44.0,75.7,0,3330.7999999999997,Decor,Wall Art,39.91,75.7,2023-03-26
SKU-018,2025-03-10,27.0,70.47,1,1871.31,Decor,Wall Art,39.91,75.7,2023-03-26
SKU-018,2025-03-17,54.0,69.55600000000001,1,3703.92,Decor,Wall Art,39.91,75.7,2023-03-26
SKU-018,2025-03-24,36.0,75.7,0,2725.2,Decor,Wall Art,39.91,75.7,2023-03-26
SKU-018,2025-03-31,57.0,75.7,0,4314.9,Decor,Wall Art,39.91,75.7,2023-03-26
SKU-018,2025-04-07,49.0,75.7,0,3709.3,Decor,Wall Art,39.91,75.7,2023-03-26
SKU-018,2025-04-14,27.0,75.7,0,2043.9,Decor,Wall Art,39.91,75.7,2023-03-26
SKU-018,2025-04-21,43.0,75.7,0,3255.1,Decor,Wall Art,39.91,75.7,2023-03-26
SKU-018,2025-04-28,31.0,75.7,0,2346.7,Decor,Wall Art,39.91,75.7,2023-03-26
SKU-018,2025-05-05,54.0,75.7,0,4617.7,Decor,Wall Art,39.91,75.7,2023-03-26
SKU-018,2025-05-12,51.0,75.7,0,3860.7,Decor,Wall Art,39.91,75.7,2023-03-26
SKU-018,2025-05-19,56.0,73.45666666666666,1,4037.2999999999997,Decor,Wall Art,39.91,75.7,2023-03-26
SKU-018,2025-05-26,79.0,65.58857142857143,1,5113.6900000000005,Decor,Wall Art,39.91,75.7,2023-03-26
SKU-018,2025-06-02,51.0,75.7,0,3860.7,Decor,Wall Art,39.91,75.7,2023-03-26
SKU-018,2025-06-09,64.0,75.7,0,4844.8,Decor,Wall Art,39.91,75.7,2023-03-26
SKU-018,2025-06-16,47.0,75.7,0,3557.9,Decor,Wall Art,39.91,75.7,2023-03-26
SKU-018,2025-06-23,43.0,75.7,0,3936.4,Decor,Wall Art,39.91,75.7,2023-03-26
SKU-018,2025-06-30,72.0,62.528,1,4413.860000000001,Decor,Wall Art,39.91,75.7,2023-03-26
SKU-018,2025-07-07,33.0,73.6375,1,2415.6,Decor,Wall Art,39.91,75.7,2023-03-26
SKU-018,2025-07-14,28.0,75.7,0,2119.6,Decor,Wall Art,39.91,75.7,2023-03-26
SKU-018,2025-07-21,38.0,75.7,0,2876.6,Decor,Wall Art,39.91,75.7,2023-03-26
SKU-018,2025-07-28,43.0,75.7,0,3255.1,Decor,Wall Art,39.91,75.7,2023-03-26
SKU-018,2025-08-04,59.0,72.69333333333334,1,4213.74,Decor,Wall Art,39.91,75.7,2023-03-26
SKU-018,2025-08-11,78.0,63.53,1,4983.98,Decor,Wall Art,39.91,75.7,2023-03-26
SKU-018,2025-08-18,45.0,69.80600000000001,1,3111.8,Decor,Wall Art,39.91,75.7,2023-03-26
SKU-018,2025-08-25,59.0,75.7,0,4466.3,Decor,Wall Art,39.91,75.7,2023-03-26
SKU-018,2025-09-01,78.0,70.92571428571429,1,5412.18,Decor,Wall Art,39.91,75.7,2023-03-26
SKU-018,2025-09-08,56.0,72.11285714285715,1,3933.5299999999997,Decor,Wall Art,39.91,75.7,2023-03-26
SKU-018,2025-09-15,41.0,75.7,0,3103.7,Decor,Wall Art,39.91,75.7,2023-03-26
SKU-018,2025-09-22,30.0,75.7,0,2271.0,Decor,Wall Art,39.91,75.7,2023-03-26
SKU-018,2025-09-29,48.0,75.7,0,3633.6,Decor,Wall Art,39.91,75.7,2023-03-26
SKU-018,2025-10-06,47.0,71.654,1,3289.9,Decor,Wall Art,39.91,75.7,2023-03-26
SKU-018,2025-10-13,85.0,66.84857142857143,1,5551.98,Decor,Wall Art,39.91,75.7,2023-03-26
SKU-018,2025-10-20,51.0,75.7,0,3860.7,Decor,Wall Art,39.91,75.7,2023-03-26
SKU-018,2025-10-27,36.0,75.7,0,2725.2,Decor,Wall Art,39.91,75.7,2023-03-26
SKU-018,2025-11-03,46.0,75.7,0,3482.2,Decor,Wall Art,39.91,75.7,2023-03-26
SKU-018,2025-11-10,73.0,75.7,0,5526.1,Decor,Wall Art,39.91,75.7,2023-03-26
SKU-018,2025-11-17,86.0,74.00714285714285,1,6249.5,Decor,Wall Art,39.91,75.7,2023-03-26
SKU-018,2025-11-24,74.0,59.792500000000004,1,4429.76,Decor,Wall Art,39.91,75.7,2023-03-26
SKU-018,2025-12-01,77.0,75.7,0,5828.900000000001,Decor,Wall Art,39.91,75.7,2023-03-26
SKU-018,2025-12-08,24.0,75.7,0,1816.8,Decor,Wall Art,39.91,75.7,2023-03-26
SKU-018,2025-12-15,91.0,60.89666666666667,1,5537.51,Decor,Wall Art,39.91,75.7,2023-03-26
SKU-018,2025-12-22,69.0,69.432,1,4711.23,Decor,Wall Art,39.91,75.7,2023-03-26
SKU-018,2025-12-29,58.0,71.79,1,4085.7,Decor,Wall Art,39.91,75.7,2023-03-26
SKU-018,2026-01-05,18.0,75.7,0,2195.3,Decor,Wall Art,39.91,75.7,2023-03-26
SKU-018,2026-01-12,44.0,75.7,0,3330.8,Decor,Wall Art,39.91,75.7,2023-03-26
SKU-018,2026-01-19,69.0,75.7,0,5223.3,Decor,Wall Art,39.91,75.7,2023-03-26
SKU-018,2026-01-26,53.0,75.7,0,4012.1000000000004,Decor,Wall Art,39.91,75.7,2023-03-26
SKU-018,2026-02-02,35.0,75.7,0,2649.5,Decor,Wall Art,39.91,75.7,2023-03-26
SKU-018,2026-02-09,20.0,75.7,0,1514.0,Decor,Wall Art,39.91,75.7,2023-03-26
SKU-018,2026-02-16,56.0,72.12,1,4003.3,Decor,Wall Art,39.91,75.7,2023-03-26
SKU-018,2026-02-23,46.0,75.7,0,3482.2,Decor,Wall Art,39.91,75.7,2023-03-26
SKU-018,2026-03-02,47.0,75.7,0,3557.9,Decor,Wall Art,39.91,75.7,2023-03-26
SKU-018,2026-03-09,27.0,75.7,0,2043.8999999999999,Decor,Wall Art,39.91,75.7,2023-03-26
SKU-018,2026-03-16,77.0,66.04666666666667,1,6031.58,Decor,Wall Art,39.91,75.7,2023-03-26
SKU-018,2026-03-23,56.0,75.7,0,4239.200000000001,Decor,Wall Art,39.91,75.7,2023-03-26
SKU-018,2026-03-30,42.0,75.7,0,4466.3,Decor,Wall Art,39.91,75.7,2023-03-26
SKU-018,2026-04-06,39.0,75.7,0,2952.3,Decor,Wall Art,39.91,75.7,2023-03-26
SKU-018,2026-04-13,34.0,75.7,0,2573.8,Decor,Wall Art,39.91,75.7,2023-03-26
SKU-018,2026-04-20,26.0,75.7,0,1968.2,Decor,Wall Art,39.91,75.7,2023-03-26
SKU-018,2026-04-27,44.0,75.7,0,3330.8,Decor,Wall Art,39.91,75.7,2023-03-26
SKU-018,2026-05-04,46.0,75.7,0,3482.2,Decor,Wall Art,39.91,75.7,2023-03-26
SKU-018,2026-05-11,46.0,75.7,0,3482.2,Decor,Wall Art,39.91,75.7,2023-03-26
SKU-018,2026-05-18,48.0,73.124,1,4260.22,Decor,Wall Art,39.91,75.7,2023-03-26
SKU-018,2026-05-25,45.0,71.194,1,3144.13,Decor,Wall Art,39.91,75.7,2023-03-26
SKU-018,2026-06-01,55.0,75.7,0,4163.5,Decor,Wall Art,39.91,75.7,2023-03-26
SKU-018,2026-06-08,57.0,75.7,0,4314.9,Decor,Wall Art,39.91,75.7,2023-03-26
SKU-018,2026-06-15,77.0,75.7,0,5828.9,Decor,Wall Art,39.91,75.7,2023-03-26
SKU-018,2026-06-22,43.0,75.7,0,3255.1,Decor,Wall Art,39.91,75.7,2023-03-26
SKU-018,2026-06-29,44.0,63.78,1,2722.88,Decor,Wall Art,39.91,75.7,2023-03-26
SKU-018,2026-07-06,69.0,72.16571428571429,1,4985.29,Decor,Wall Art,39.91,75.7,2023-03-26
SKU-018,2026-07-13,52.0,75.7,0,3936.4,Decor,Wall Art,39.91,75.7,2023-03-26
SKU-018,2026-07-20,29.0,75.7,0,2195.3,Decor,Wall Art,39.91,75.7,2023-03-26
SKU-018,2026-07-27,43.0,75.7,0,3255.1,Decor,Wall Art,39.91,75.7,2023-03-26
SKU-018,2026-08-03,56.0,75.7,0,4239.2,Decor,Wall Art,39.91,75.7,2023-03-26
SKU-018,2026-08-10,86.0,63.13333333333333,1,5449.5,Decor,Wall Art,39.91,75.7,2023-03-26
SKU-018,2026-08-17,52.0,68.98166666666667,1,3448.07,Decor,Wall Art,39.91,75.7,2023-03-26
SKU-018,2026-08-24,55.0,75.7,0,4163.5,Decor,Wall Art,39.91,75.7,2023-03-26
SKU-018,2026-08-31,16.0,75.7,0,1211.2,Decor,Wall Art,39.91,75.7,2023-03-26
SKU-019,2024-01-01,14.0,71.60666666666667,1,1018.27,Decor,Vases,31.45,75.57,2022-07-06
SKU-019,2024-01-08,17.0,75.57,0,1284.69,Decor,Vases,31.45,75.57,2022-07-06
SKU-019,2024-01-15,8.0,75.57,0,604.56,Decor,Vases,31.45,75.57,2022-07-06
SKU-019,2024-01-22,17.0,75.57,0,1284.69,Decor,Vases,31.45,75.57,2022-07-06
SKU-019,2024-01-29,16.0,75.57,0,1209.12,Decor,Vases,31.45,75.57,2022-07-06
SKU-019,2024-02-05,12.0,75.57,0,906.8399999999999,Decor,Vases,31.45,75.57,2022-07-06
SKU-019,2024-02-12,25.0,64.68199999999999,1,1631.4,Decor,Vases,31.45,75.57,2022-07-06
SKU-019,2024-02-19,18.0,75.57,0,1360.26,Decor,Vases,31.45,75.57,2022-07-06
SKU-019,2024-02-26,22.0,75.57,0,1662.54,Decor,Vases,31.45,75.57,2022-07-06
SKU-019,2024-03-04,17.0,75.57,0,1284.69,Decor,Vases,31.45,75.57,2022-07-06
SKU-019,2024-03-11,23.0,70.58399999999999,1,1575.69,Decor,Vases,31.45,75.57,2022-07-06
SKU-019,2024-03-18,24.0,68.024,1,1558.01,Decor,Vases,31.45,75.57,2022-07-06
SKU-019,2024-03-25,18.0,75.57000000000001,0,1360.26,Decor,Vases,31.45,75.57,2022-07-06
SKU-019,2024-04-01,24.0,75.57000000000001,0,1813.6799999999998,Decor,Vases,31.45,75.57,2022-07-06
SKU-019,2024-04-08,6.0,75.57,0,453.41999999999996,Decor,Vases,31.45,75.57,2022-07-06
SKU-019,2024-04-15,17.0,75.57,0,1284.69,Decor,Vases,31.45,75.57,2022-07-06
SKU-019,2024-04-22,11.0,75.57,0,831.27,Decor,Vases,31.45,75.57,2022-07-06
SKU-019,2024-04-29,19.0,75.57,0,1435.83,Decor,Vases,31.45,75.57,2022-07-06
SKU-019,2024-05-06,11.0,75.57,0,831.27,Decor,Vases,31.45,75.57,2022-07-06
SKU-019,2024-05-13,3.0,75.57,0,226.70999999999998,Decor,Vases,31.45,75.57,2022-07-06
SKU-019,2024-05-20,13.0,75.57,0,982.41,Decor,Vases,31.45,75.57,2022-07-06
SKU-019,2024-05-27,11.0,75.57,0,831.27,Decor,Vases,31.45,75.57,2022-07-06
SKU-019,2024-06-03,10.0,75.57,0,755.6999999999999,Decor,Vases,31.45,75.57,2022-07-06
SKU-019,2024-06-10,13.0,75.57,0,982.41,Decor,Vases,31.45,75.57,2022-07-06
SKU-019,2024-06-17,30.0,75.57000000000001,0,2267.1,Decor,Vases,31.45,75.57,2022-07-06
SKU-019,2024-06-24,19.0,75.57,0,1435.83,Decor,Vases,31.45,75.57,2022-07-06
SKU-019,2024-07-01,30.0,65.38,1,1938.8600000000001,Decor,Vases,31.45,75.57,2022-07-06
SKU-019,2024-07-08,22.0,75.57,0,1662.54,Decor,Vases,31.45,75.57,2022-07-06
SKU-019,2024-07-15,10.0,75.57,0,755.7,Decor,Vases,31.45,75.57,2022-07-06
SKU-019,2024-07-22,14.0,75.57,0,1057.98,Decor,Vases,31.45,75.57,2022-07-06
SKU-019,2024-07-29,9.0,75.57,0,680.1299999999999,Decor,Vases,31.45,75.57,2022-07-06
SKU-019,2024-08-05,25.0,70.544,1,1727.56,Decor,Vases,31.45,75.57,2022-07-06
SKU-019,2024-08-12,20.0,62.9025,1,1262.18,Decor,Vases,31.45,75.57,2022-07-06
SKU-019,2024-08-19,15.0,73.526,1,1113.11,Decor,Vases,31.45,75.57,2022-07-06
SKU-019,2024-08-26,9.0,75.57,0,680.1299999999999,Decor,Vases,31.45,75.57,2022-07-06
SKU-019,2024-09-02,28.0,68.50857142857143,1,1901.92,Decor,Vases,31.45,75.57,2022-07-06
SKU-019,2024-09-09,11.0,75.57,0,831.27,Decor,Vases,31.45,75.57,2022-07-06
SKU-019,2024-09-16,17.0,75.57,0,1284.69,Decor,Vases,31.45,75.57,2022-07-06
SKU-019,2024-09-23,13.0,75.57,0,982.41,Decor,Vases,31.45,75.57,2022-07-06
SKU-019,2024-09-30,10.0,75.57,0,755.7,Decor,Vases,31.45,75.57,2022-07-06
SKU-019,2024-10-07,24.0,68.30666666666666,1,1555.59,Decor,Vases,31.45,75.57,2022-07-06
SKU-019,2024-10-14,23.0,68.05999999999999,1,1579.5,Decor,Vases,31.45,75.57,2022-07-06
SKU-019,2024-10-21,16.0,75.57,0,1209.12,Decor,Vases,31.45,75.57,2022-07-06
SKU-019,2024-10-28,28.0,75.57,0,2115.96,Decor,Vases,31.45,75.57,2022-07-06
SKU-019,2024-11-04,18.0,75.57,0,1360.26,Decor,Vases,31.45,75.57,2022-07-06
SKU-019,2024-11-11,19.0,75.57000000000001,0,1435.83,Decor,Vases,31.45,75.57,2022-07-06
SKU-019,2024-11-18,27.0,72.72666666666666,1,2257.37,Decor,Vases,31.45,75.57,2022-07-06
SKU-019,2024-11-25,27.0,63.10999999999999,1,1654.62,Decor,Vases,31.45,75.57,2022-07-06
SKU-019,2024-12-02,17.0,75.57,0,1284.69,Decor,Vases,31.45,75.57,2022-07-06
SKU-019,2024-12-09,22.0,72.366,1,1550.4,Decor,Vases,31.45,75.57,2022-07-06
SKU-019,2024-12-16,40.0,61.49857142857143,1,2464.5,Decor,Vases,31.45,75.57,2022-07-06
SKU-019,2024-12-23,27.0,68.76599999999999,1,1765.47,Decor,Vases,31.45,75.57,2022-07-06
SKU-019,2024-12-30,17.0,67.22,1,1111.81,Decor,Vases,31.45,75.57,2022-07-06
SKU-019,2025-01-06,21.0,75.57000000000001,0,1586.97,Decor,Vases,31.45,75.57,2022-07-06
SKU-019,2025-01-13,15.0,75.57,0,1133.55,Decor,Vases,31.45,75.57,2022-07-06
SKU-019,2025-01-20,17.0,75.57,0,1284.69,Decor,Vases,31.45,75.57,2022-07-06
SKU-019,2025-01-27,14.0,75.57,0,1057.98,Decor,Vases,31.45,75.57,2022-07-06
SKU-019,2025-02-03,7.0,75.57,0,528.99,Decor,Vases,31.45,75.57,2022-07-06
SKU-019,2025-02-10,6.0,75.57,0,453.41999999999996,Decor,Vases,31.45,75.57,2022-07-06
SKU-019,2025-02-17,17.0,73.29499999999999,1,1230.09,Decor,Vases,31.45,75.57,2022-07-06
SKU-019,2025-02-24,25.0,75.57000000000001,0,2191.5299999999997,Decor,Vases,31.45,75.57,2022-07-06
SKU-019,2025-03-03,15.0,75.57,0,1133.55,Decor,Vases,31.45,75.57,2022-07-06
SKU-019,2025-03-10,27.0,70.40333333333332,1,1895.8400000000001,Decor,Vases,31.45,75.57,2022-07-06
SKU-019,2025-03-17,10.0,66.93333333333332,1,664.45,Decor,Vases,31.45,75.57,2022-07-06
SKU-019,2025-03-24,17.0,75.57,0,1284.69,Decor,Vases,31.45,75.57,2022-07-06
SKU-019,2025-03-31,19.0,75.57000000000001,0,1435.83,Decor,Vases,31.45,75.57,2022-07-06
SKU-019,2025-04-07,14.0,75.57,0,1057.98,Decor,Vases,31.45,75.57,2022-07-06
SKU-019,2025-04-14,14.0,75.57,0,1057.98,Decor,Vases,31.45,75.57,2022-07-06
SKU-019,2025-04-21,17.0,75.57,0,1284.69,Decor,Vases,31.45,75.57,2022-07-06
SKU-019,2025-04-28,12.0,75.57,0,1209.12,Decor,Vases,31.45,75.57,2022-07-06
SKU-019,2025-05-05,13.0,75.57,0,982.41,Decor,Vases,31.45,75.57,2022-07-06
SKU-019,2025-05-12,12.0,75.57,0,906.84,Decor,Vases,31.45,75.57,2022-07-06
SKU-019,2025-05-19,21.0,73.378,1,1499.29,Decor,Vases,31.45,75.57,2022-07-06
SKU-019,2025-05-26,34.0,67.12714285714286,1,2266.55,Decor,Vases,31.45,75.57,2022-07-06
SKU-019,2025-06-02,19.0,75.57,0,1435.83,Decor,Vases,31.45,75.57,2022-07-06
SKU-019,2025-06-09,9.0,75.57,0,680.13,Decor,Vases,31.45,75.57,2022-07-06
SKU-019,2025-06-16,4.0,75.57,0,302.28,Decor,Vases,31.45,75.57,2022-07-06
SKU-019,2025-06-23,20.0,75.57,0,1511.4,Decor,Vases,31.45,75.57,2022-07-06
SKU-019,2025-06-30,24.0,64.824,1,1536.54,Decor,Vases,31.45,75.57,2022-07-06
SKU-019,2025-07-07,11.0,75.57,0,1057.98,Decor,Vases,31.45,75.57,2022-07-06
SKU-019,2025-07-14,18.0,75.57,0,1360.26,Decor,Vases,31.45,75.57,2022-07-06
SKU-019,2025-07-21,19.0,75.57,0,1435.83,Decor,Vases,31.45,75.57,2022-07-06
SKU-019,2025-07-28,13.0,75.57,0,982.41,Decor,Vases,31.45,75.57,2022-07-06
SKU-019,2025-08-04,19.0,73.33,1,1379.83,Decor,Vases,31.45,75.57,2022-07-06
SKU-019,2025-08-11,30.0,63.328333333333326,1,1915.5900000000001,Decor,Vases,31.45,75.57,2022-07-06
SKU-019,2025-08-18,18.0,63.7175,1,1115.51,Decor,Vases,31.45,75.57,2022-07-06
SKU-019,2025-08-25,5.0,75.57,0,377.84999999999997,Decor,Vases,31.45,75.57,2022-07-06
SKU-019,2025-09-01,21.0,71.005,1,1445.87,Decor,Vases,31.45,75.57,2022-07-06
SKU-019,2025-09-08,21.0,71.05833333333332,1,1450.0,Decor,Vases,31.45,75.57,2022-07-06
SKU-019,2025-09-15,10.0,75.57,0,755.7,Decor,Vases,31.45,75.57,2022-07-06
SKU-019,2025-09-22,11.0,75.57,0,831.27,Decor,Vases,31.45,75.57,2022-07-06
SKU-019,2025-09-29,11.0,75.57,0,831.27,Decor,Vases,31.45,75.57,2022-07-06
SKU-019,2025-10-06,18.0,72.58833333333332,1,1791.24,Decor,Vases,31.45,75.57,2022-07-06
SKU-019,2025-10-13,24.0,65.474,1,1545.9099999999999,Decor,Vases,31.45,75.57,2022-07-06
SKU-019,2025-10-20,11.0,75.57,0,906.8399999999999,Decor,Vases,31.45,75.57,2022-07-06
SKU-019,2025-10-27,21.0,75.57,0,1586.97,Decor,Vases,31.45,75.57,2022-07-06
SKU-019,2025-11-03,18.0,75.57,0,1360.26,Decor,Vases,31.45,75.57,2022-07-06
SKU-019,2025-11-10,7.0,75.57,0,528.99,Decor,Vases,31.45,75.57,2022-07-06
SKU-019,2025-11-17,4.0,75.57,0,302.28,Decor,Vases,31.45,75.57,2022-07-06
SKU-019,2025-11-24,50.0,62.78285714285715,1,3137.29,Decor,Vases,31.45,75.57,2022-07-06
SKU-019,2025-12-01,15.0,75.57,0,1133.55,Decor,Vases,31.45,75.57,2022-07-06
SKU-019,2025-12-08,21.0,75.57,0,1586.97,Decor,Vases,31.45,75.57,2022-07-06
SKU-019,2025-12-15,23.0,64.204,1,1482.53,Decor,Vases,31.45,75.57,2022-07-06
SKU-019,2025-12-22,35.0,66.88571428571429,1,2255.27,Decor,Vases,31.45,75.57,2022-07-06
SKU-019,2025-12-29,23.0,69.9975,1,1559.79,Decor,Vases,31.45,75.57,2022-07-06
SKU-019,2026-01-05,13.0,75.57,0,982.4100000000001,Decor,Vases,31.45,75.57,2022-07-06
SKU-019,2026-01-12,22.0,75.57,0,1662.54,Decor,Vases,31.45,75.57,2022-07-06
SKU-019,2026-01-19,16.0,75.57,0,1209.12,Decor,Vases,31.45,75.57,2022-07-06
SKU-019,2026-01-26,11.0,75.57,0,831.27,Decor,Vases,31.45,75.57,2022-07-06
SKU-019,2026-02-02,8.0,75.57,0,604.56,Decor,Vases,31.45,75.57,2022-07-06
SKU-019,2026-02-09,15.0,75.57,0,1133.55,Decor,Vases,31.45,75.57,2022-07-06
SKU-019,2026-02-16,20.0,70.35799999999999,1,1344.6,Decor,Vases,31.45,75.57,2022-07-06
SKU-019,2026-02-23,21.0,75.57,0,1586.9699999999998,Decor,Vases,31.45,75.57,2022-07-06
SKU-019,2026-03-02,25.0,75.57,0,1889.25,Decor,Vases,31.45,75.57,2022-07-06
SKU-019,2026-03-09,13.0,69.83666666666666,1,948.01,Decor,Vases,31.45,75.57,2022-07-06
SKU-019,2026-03-16,11.0,57.67666666666667,1,637.74,Decor,Vases,31.45,75.57,2022-07-06
SKU-019,2026-03-23,17.0,75.57,0,1284.69,Decor,Vases,31.45,75.57,2022-07-06
SKU-019,2026-03-30,15.0,75.57,0,1435.83,Decor,Vases,31.45,75.57,2022-07-06
SKU-019,2026-04-06,24.0,75.57,0,1813.68,Decor,Vases,31.45,75.57,2022-07-06
SKU-019,2026-04-13,18.0,75.57,0,1435.83,Decor,Vases,31.45,75.57,2022-07-06
SKU-019,2026-04-20,18.0,75.57,0,1360.26,Decor,Vases,31.45,75.57,2022-07-06
SKU-019,2026-04-27,6.0,75.57,0,453.41999999999996,Decor,Vases,31.45,75.57,2022-07-06
SKU-019,2026-05-04,8.0,75.57,0,604.56,Decor,Vases,31.45,75.57,2022-07-06
SKU-019,2026-05-11,15.0,75.57,0,1133.55,Decor,Vases,31.45,75.57,2022-07-06
SKU-019,2026-05-18,17.0,73.542,1,1254.27,Decor,Vases,31.45,75.57,2022-07-06
SKU-019,2026-05-25,25.0,69.16,1,1717.08,Decor,Vases,31.45,75.57,2022-07-06
SKU-019,2026-06-01,9.0,75.57,0,680.13,Decor,Vases,31.45,75.57,2022-07-06
SKU-019,2026-06-08,17.0,75.57000000000001,0,1284.69,Decor,Vases,31.45,75.57,2022-07-06
SKU-019,2026-06-15,14.0,75.57,0,1511.4,Decor,Vases,31.45,75.57,2022-07-06
SKU-019,2026-06-22,8.0,75.57,0,604.56,Decor,Vases,31.45,75.57,2022-07-06
SKU-019,2026-06-29,33.0,64.93714285714285,1,2234.63,Decor,Vases,31.45,75.57,2022-07-06
SKU-019,2026-07-06,11.0,72.57,1,795.27,Decor,Vases,31.45,75.57,2022-07-06
SKU-019,2026-07-13,20.0,75.57000000000001,0,1511.4,Decor,Vases,31.45,75.57,2022-07-06
SKU-019,2026-07-20,8.0,75.57,0,604.56,Decor,Vases,31.45,75.57,2022-07-06
SKU-019,2026-07-27,6.0,75.57,0,453.42,Decor,Vases,31.45,75.57,2022-07-06
SKU-019,2026-08-03,17.0,75.57,0,1284.69,Decor,Vases,31.45,75.57,2022-07-06
SKU-019,2026-08-10,32.0,60.69,1,1914.32,Decor,Vases,31.45,75.57,2022-07-06
SKU-019,2026-08-17,18.0,67.9675,1,1187.04,Decor,Vases,31.45,75.57,2022-07-06
SKU-019,2026-08-24,13.0,75.57,0,982.4099999999999,Decor,Vases,31.45,75.57,2022-07-06
SKU-019,2026-08-31,3.0,75.57,0,226.71,Decor,Vases,31.45,75.57,2022-07-06
SKU-020,2024-01-01,40.0,61.54999999999999,1,3504.8900000000003,Decor,Lighting,32.72,68.57,2022-11-24
SKU-020,2024-01-08,36.0,68.57,0,2468.52,Decor,Lighting,32.72,68.57,2022-11-24
SKU-020,2024-01-15,30.0,68.57,0,2057.1,Decor,Lighting,32.72,68.57,2022-11-24
SKU-020,2024-01-22,39.0,68.57,0,2674.23,Decor,Lighting,32.72,68.57,2022-11-24
SKU-020,2024-01-29,21.0,68.57,0,1439.97,Decor,Lighting,32.72,68.57,2022-11-24
SKU-020,2024-02-05,39.0,68.57,0,2674.23,Decor,Lighting,32.72,68.57,2022-11-24
SKU-020,2024-02-12,72.0,62.43166666666667,1,4422.81,Decor,Lighting,32.72,68.57,2022-11-24
SKU-020,2024-02-19,54.0,66.33428571428571,1,3561.9300000000003,Decor,Lighting,32.72,68.57,2022-11-24
SKU-020,2024-02-26,42.0,68.57,0,2879.94,Decor,Lighting,32.72,68.57,2022-11-24
SKU-020,2024-03-04,45.0,68.57,0,3085.65,Decor,Lighting,32.72,68.57,2022-11-24
SKU-020,2024-03-11,56.0,63.16428571428571,1,3458.6,Decor,Lighting,32.72,68.57,2022-11-24
SKU-020,2024-03-18,65.0,62.645,1,3996.03,Decor,Lighting,32.72,68.57,2022-11-24
SKU-020,2024-03-25,29.0,68.57,0,1988.53,Decor,Lighting,32.72,68.57,2022-11-24
SKU-020,2024-04-01,36.0,68.57,0,2468.52,Decor,Lighting,32.72,68.57,2022-11-24
SKU-020,2024-04-08,49.0,68.57,0,3359.9300000000003,Decor,Lighting,32.72,68.57,2022-11-24
SKU-020,2024-04-15,47.0,68.57,0,3222.79,Decor,Lighting,32.72,68.57,2022-11-24
SKU-020,2024-04-22,25.0,68.57,0,1714.25,Decor,Lighting,32.72,68.57,2022-11-24
SKU-020,2024-04-29,47.0,68.57,0,3222.79,Decor,Lighting,32.72,68.57,2022-11-24
SKU-020,2024-05-06,42.0,68.57,0,2879.94,Decor,Lighting,32.72,68.57,2022-11-24
SKU-020,2024-05-13,36.0,68.57,0,2468.52,Decor,Lighting,32.72,68.57,2022-11-24
SKU-020,2024-05-20,46.0,66.30666666666666,1,3059.16,Decor,Lighting,32.72,68.57,2022-11-24
SKU-020,2024-05-27,30.0,66.2575,1,1955.35,Decor,Lighting,32.72,68.57,2022-11-24
SKU-020,2024-06-03,35.0,68.57,0,2399.95,Decor,Lighting,32.72,68.57,2022-11-24
SKU-020,2024-06-10,48.0,68.57,0,3291.36,Decor,Lighting,32.72,68.57,2022-11-24
SKU-020,2024-06-17,47.0,68.57,0,3222.79,Decor,Lighting,32.72,68.57,2022-11-24
SKU-020,2024-06-24,52.0,68.57,0,3565.64,Decor,Lighting,32.72,68.57,2022-11-24
SKU-020,2024-07-01,79.0,56.22833333333333,1,4462.91,Decor,Lighting,32.72,68.57,2022-11-24
SKU-020,2024-07-08,41.0,68.57,0,2811.37,Decor,Lighting,32.72,68.57,2022-11-24
SKU-020,2024-07-15,50.0,68.57,0,3428.5,Decor,Lighting,32.72,68.57,2022-11-24
SKU-020,2024-07-22,58.0,68.57,0,3977.0600000000004,Decor,Lighting,32.72,68.57,2022-11-24
SKU-020,2024-07-29,38.0,68.57,0,2605.66,Decor,Lighting,32.72,68.57,2022-11-24
SKU-020,2024-08-05,52.0,65.60857142857142,1,3395.89,Decor,Lighting,32.72,68.57,2022-11-24
SKU-020,2024-08-12,62.0,56.684000000000005,1,3515.17,Decor,Lighting,32.72,68.57,2022-11-24
SKU-020,2024-08-19,24.0,68.57,0,1645.68,Decor,Lighting,32.72,68.57,2022-11-24
SKU-020,2024-08-26,37.0,66.69,1,2413.01,Decor,Lighting,32.72,68.57,2022-11-24
SKU-020,2024-09-02,45.0,58.4825,1,2541.54,Decor,Lighting,32.72,68.57,2022-11-24
SKU-020,2024-09-09,57.0,66.32285714285715,1,3751.1899999999996,Decor,Lighting,32.72,68.57,2022-11-24
SKU-020,2024-09-16,48.0,68.57,0,3291.36,Decor,Lighting,32.72,68.57,2022-11-24
SKU-020,2024-09-23,35.0,68.57,0,2399.95,Decor,Lighting,32.72,68.57,2022-11-24
SKU-020,2024-09-30,30.0,68.57,0,2331.38,Decor,Lighting,32.72,68.57,2022-11-24
SKU-020,2024-10-07,35.0,61.959999999999994,1,2112.59,Decor,Lighting,32.72,68.57,2022-11-24
SKU-020,2024-10-14,30.0,64.3,1,1869.2199999999998,Decor,Lighting,32.72,68.57,2022-11-24
SKU-020,2024-10-21,24.0,68.57,0,1645.68,Decor,Lighting,32.72,68.57,2022-11-24
SKU-020,2024-10-28,46.0,68.57,0,3154.2200000000003,Decor,Lighting,32.72,68.57,2022-11-24
SKU-020,2024-11-04,61.0,68.57,0,4182.77,Decor,Lighting,32.72,68.57,2022-11-24
SKU-020,2024-11-11,49.0,68.57,0,3359.93,Decor,Lighting,32.72,68.57,2022-11-24
SKU-020,2024-11-18,68.0,65.55333333333333,1,4331.9400000000005,Decor,Lighting,32.72,68.57,2022-11-24
SKU-020,2024-11-25,81.0,58.94199999999999,1,4671.47,Decor,Lighting,32.72,68.57,2022-11-24
SKU-020,2024-12-02,65.0,68.57,0,4457.05,Decor,Lighting,32.72,68.57,2022-11-24
SKU-020,2024-12-09,44.0,66.4725,1,2924.79,Decor,Lighting,32.72,68.57,2022-11-24
SKU-020,2024-12-16,87.0,57.401666666666664,1,5025.3,Decor,Lighting,32.72,68.57,2022-11-24
SKU-020,2024-12-23,68.0,64.88142857142857,1,4381.01,Decor,Lighting,32.72,68.57,2022-11-24
SKU-020,2024-12-30,23.0,66.685,1,1501.71,Decor,Lighting,32.72,68.57,2022-11-24
SKU-020,2025-01-06,37.0,68.57,0,2537.09,Decor,Lighting,32.72,68.57,2022-11-24
SKU-020,2025-01-13,34.0,68.57,0,2331.38,Decor,Lighting,32.72,68.57,2022-11-24
SKU-020,2025-01-20,30.0,68.57,0,2057.1,Decor,Lighting,32.72,68.57,2022-11-24
SKU-020,2025-01-27,23.0,68.57,0,1577.1100000000001,Decor,Lighting,32.72,68.57,2022-11-24
SKU-020,2025-02-03,28.0,68.57,0,2331.38,Decor,Lighting,32.72,68.57,2022-11-24
SKU-020,2025-02-10,18.0,68.57,0,1234.26,Decor,Lighting,32.72,68.57,2022-11-24
SKU-020,2025-02-17,52.0,64.16333333333333,1,3308.65,Decor,Lighting,32.72,68.57,2022-11-24
SKU-020,2025-02-24,36.0,68.57,0,2468.52,Decor,Lighting,32.72,68.57,2022-11-24
SKU-020,2025-03-03,40.0,68.57,0,2742.8,Decor,Lighting,32.72,68.57,2022-11-24
SKU-020,2025-03-10,56.0,65.35,1,3563.2799999999997,Decor,Lighting,32.72,68.57,2022-11-24
SKU-020,2025-03-17,28.0,59.923333333333325,1,1687.88,Decor,Lighting,32.72,68.57,2022-11-24
SKU-020,2025-03-24,39.0,68.57,0,2674.23,Decor,Lighting,32.72,68.57,2022-11-24
SKU-020,2025-03-31,41.0,68.57,0,2811.37,Decor,Lighting,32.72,68.57,2022-11-24
SKU-020,2025-04-07,33.0,68.57,0,2262.81,Decor,Lighting,32.72,68.57,2022-11-24
SKU-020,2025-04-14,20.0,68.57,0,1371.4,Decor,Lighting,32.72,68.57,2022-11-24
SKU-020,2025-04-21,34.0,68.57,0,2331.38,Decor,Lighting,32.72,68.57,2022-11-24
SKU-020,2025-04-28,52.0,68.57,0,3565.64,Decor,Lighting,32.72,68.57,2022-11-24
SKU-020,2025-05-05,33.0,68.57,0,2262.81,Decor,Lighting,32.72,68.57,2022-11-24
SKU-020,2025-05-12,40.0,68.57,0,2742.8,Decor,Lighting,32.72,68.57,2022-11-24
SKU-020,2025-05-19,48.0,66.05333333333333,1,3110.16,Decor,Lighting,32.72,68.57,2022-11-24
SKU-020,2025-05-26,29.0,62.00333333333333,1,1748.9099999999999,Decor,Lighting,32.72,68.57,2022-11-24
SKU-020,2025-06-02,41.0,68.57,0,2811.37,Decor,Lighting,32.72,68.57,2022-11-24
SKU-020,2025-06-09,48.0,68.57,0,3291.36,Decor,Lighting,32.72,68.57,2022-11-24
SKU-020,2025-06-16,22.0,68.57,0,1508.54,Decor,Lighting,32.72,68.57,2022-11-24
SKU-020,2025-06-23,51.0,68.57,0,3497.0699999999997,Decor,Lighting,32.72,68.57,2022-11-24
SKU-020,2025-06-30,64.0,58.0,1,3678.2999999999997,Decor,Lighting,32.72,68.57,2022-11-24
SKU-020,2025-07-07,53.0,68.57,0,3634.21,Decor,Lighting,32.72,68.57,2022-11-24
SKU-020,2025-07-14,25.0,68.57,0,1714.25,Decor,Lighting,32.72,68.57,2022-11-24
SKU-020,2025-07-21,40.0,68.57,0,2742.7999999999997,Decor,Lighting,32.72,68.57,2022-11-24
SKU-020,2025-07-28,35.0,68.57,0,2399.95,Decor,Lighting,32.72,68.57,2022-11-24
SKU-020,2025-08-04,29.0,68.57,0,1988.53,Decor,Lighting,32.72,68.57,2022-11-24
SKU-020,2025-08-11,61.0,55.945,1,3431.79,Decor,Lighting,32.72,68.57,2022-11-24
SKU-020,2025-08-18,28.0,68.57,0,1919.96,Decor,Lighting,32.72,68.57,2022-11-24
SKU-020,2025-08-25,54.0,68.57,0,3702.78,Decor,Lighting,32.72,68.57,2022-11-24
SKU-020,2025-09-01,57.0,63.88833333333333,1,3914.99,Decor,Lighting,32.72,68.57,2022-11-24
SKU-020,2025-09-08,29.0,62.995,1,1735.41,Decor,Lighting,32.72,68.57,2022-11-24
SKU-020,2025-09-15,48.0,68.57,0,3291.3599999999997,Decor,Lighting,32.72,68.57,2022-11-24
SKU-020,2025-09-22,49.0,68.57,0,3359.9300000000003,Decor,Lighting,32.72,68.57,2022-11-24
SKU-020,2025-09-29,36.0,68.57,0,2468.52,Decor,Lighting,32.72,68.57,2022-11-24
SKU-020,2025-10-06,70.0,64.90857142857142,1,4435.17,Decor,Lighting,32.72,68.57,2022-11-24
SKU-020,2025-10-13,38.0,66.11,1,2477.74,Decor,Lighting,32.72,68.57,2022-11-24
SKU-020,2025-10-20,48.0,68.57,0,3291.36,Decor,Lighting,32.72,68.57,2022-11-24
SKU-020,2025-10-27,44.0,68.57,0,3017.08,Decor,Lighting,32.72,68.57,2022-11-24
SKU-020,2025-11-03,40.0,68.57,0,2742.8,Decor,Lighting,32.72,68.57,2022-11-24
SKU-020,2025-11-10,59.0,68.57,0,4045.63,Decor,Lighting,32.72,68.57,2022-11-24
SKU-020,2025-11-17,36.0,68.57,0,3291.36,Decor,Lighting,32.72,68.57,2022-11-24
SKU-020,2025-11-24,108.0,55.40833333333333,1,5973.9400000000005,Decor,Lighting,32.72,68.57,2022-11-24
SKU-020,2025-12-01,60.0,68.57,0,4114.2,Decor,Lighting,32.72,68.57,2022-11-24
SKU-020,2025-12-08,38.0,68.57,0,2605.66,Decor,Lighting,32.72,68.57,2022-11-24
SKU-020,2025-12-15,70.0,56.910000000000004,1,3987.38,Decor,Lighting,32.72,68.57,2022-11-24
SKU-020,2025-12-22,36.0,65.155,1,2331.92,Decor,Lighting,32.72,68.57,2022-11-24
SKU-020,2025-12-29,50.0,63.422000000000004,1,3056.35,Decor,Lighting,32.72,68.57,2022-11-24
SKU-020,2026-01-05,42.0,68.57,0,2879.94,Decor,Lighting,32.72,68.57,2022-11-24
SKU-020,2026-01-12,37.0,68.57,0,2537.09,Decor,Lighting,32.72,68.57,2022-11-24
SKU-020,2026-01-19,35.0,68.57,0,2948.5099999999998,Decor,Lighting,32.72,68.57,2022-11-24
SKU-020,2026-01-26,22.0,68.57,0,1508.54,Decor,Lighting,32.72,68.57,2022-11-24
SKU-020,2026-02-02,35.0,68.57,0,2399.9500000000003,Decor,Lighting,32.72,68.57,2022-11-24
SKU-020,2026-02-09,30.0,68.57,0,2057.1,Decor,Lighting,32.72,68.57,2022-11-24
SKU-020,2026-02-16,41.0,65.68166666666666,1,2683.0299999999997,Decor,Lighting,32.72,68.57,2022-11-24
SKU-020,2026-02-23,27.0,68.57,0,2399.95,Decor,Lighting,32.72,68.57,2022-11-24
SKU-020,2026-03-02,31.0,68.57,0,2125.67,Decor,Lighting,32.72,68.57,2022-11-24
SKU-020,2026-03-09,52.0,66.35333333333334,1,3392.74,Decor,Lighting,32.72,68.57,2022-11-24
SKU-020,2026-03-16,48.0,58.786,1,2747.9700000000003,Decor,Lighting,32.72,68.57,2022-11-24
SKU-020,2026-03-23,36.0,68.57,0,2468.52,Decor,Lighting,32.72,68.57,2022-11-24
SKU-020,2026-03-30,39.0,68.57,0,2674.23,Decor,Lighting,32.72,68.57,2022-11-24
SKU-020,2026-04-06,50.0,68.57,0,3428.5,Decor,Lighting,32.72,68.57,2022-11-24
SKU-020,2026-04-13,44.0,68.57,0,3017.08,Decor,Lighting,32.72,68.57,2022-11-24
SKU-020,2026-04-20,41.0,68.57,0,3291.36,Decor,Lighting,32.72,68.57,2022-11-24
SKU-020,2026-04-27,34.0,68.57,0,2331.38,Decor,Lighting,32.72,68.57,2022-11-24
SKU-020,2026-05-04,36.0,68.57,0,2879.94,Decor,Lighting,32.72,68.57,2022-11-24
SKU-020,2026-05-11,16.0,68.57,0,1097.12,Decor,Lighting,32.72,68.57,2022-11-24
SKU-020,2026-05-18,53.0,66.136,1,3390.81,Decor,Lighting,32.72,68.57,2022-11-24
SKU-020,2026-05-25,55.0,62.419999999999995,1,3354.83,Decor,Lighting,32.72,68.57,2022-11-24
SKU-020,2026-06-01,40.0,68.57,0,2742.8,Decor,Lighting,32.72,68.57,2022-11-24
SKU-020,2026-06-08,36.0,68.57,0,2468.52,Decor,Lighting,32.72,68.57,2022-11-24
SKU-020,2026-06-15,45.0,68.57,0,3085.65,Decor,Lighting,32.72,68.57,2022-11-24
SKU-020,2026-06-22,27.0,68.57,0,2262.81,Decor,Lighting,32.72,68.57,2022-11-24
SKU-020,2026-06-29,66.0,61.47285714285714,1,4047.22,Decor,Lighting,32.72,68.57,2022-11-24
SKU-020,2026-07-06,49.0,63.44499999999999,1,3003.4,Decor,Lighting,32.72,68.57,2022-11-24
SKU-020,2026-07-13,27.0,68.57,0,1851.39,Decor,Lighting,32.72,68.57,2022-11-24
SKU-020,2026-07-20,55.0,68.57,0,3771.35,Decor,Lighting,32.72,68.57,2022-11-24
SKU-020,2026-07-27,17.0,68.57,0,1919.96,Decor,Lighting,32.72,68.57,2022-11-24
SKU-020,2026-08-03,32.0,68.57,0,2194.24,Decor,Lighting,32.72,68.57,2022-11-24
SKU-020,2026-08-10,30.0,58.35999999999999,1,1789.34,Decor,Lighting,32.72,68.57,2022-11-24
SKU-020,2026-08-17,53.0,61.36714285714286,1,3164.55,Decor,Lighting,32.72,68.57,2022-11-24
SKU-020,2026-08-24,34.0,68.57,0,2331.38,Decor,Lighting,32.72,68.57,2022-11-24
SKU-021,2024-02-26,3.0,45.85,0,183.4,Decor,Pillows,18.36,45.85,2024-02-28
SKU-021,2024-03-04,9.0,45.85,0,412.65000000000003,Decor,Pillows,18.36,45.85,2024-02-28
SKU-021,2024-03-11,12.0,40.378,1,466.6,Decor,Pillows,18.36,45.85,2024-02-28
SKU-021,2024-03-18,9.0,40.354,1,374.44,Decor,Pillows,18.36,45.85,2024-02-28
SKU-021,2024-03-25,11.0,45.85,0,504.35,Decor,Pillows,18.36,45.85,2024-02-28
SKU-021,2024-04-01,13.0,45.85,0,596.0500000000001,Decor,Pillows,18.36,45.85,2024-02-28
SKU-021,2024-04-08,8.0,45.85,0,366.8,Decor,Pillows,18.36,45.85,2024-02-28
SKU-021,2024-04-15,6.0,45.85,0,275.1,Decor,Pillows,18.36,45.85,2024-02-28
SKU-021,2024-04-22,9.0,45.85,0,458.5,Decor,Pillows,18.36,45.85,2024-02-28
SKU-021,2024-04-29,6.0,45.85,0,275.1,Decor,Pillows,18.36,45.85,2024-02-28
SKU-021,2024-05-06,11.0,45.85,0,504.35,Decor,Pillows,18.36,45.85,2024-02-28
SKU-021,2024-05-13,8.0,45.85,0,366.8,Decor,Pillows,18.36,45.85,2024-02-28
SKU-021,2024-05-20,16.0,45.85,0,733.6,Decor,Pillows,18.36,45.85,2024-02-28
SKU-021,2024-05-27,8.0,44.28666666666667,1,343.35,Decor,Pillows,18.36,45.85,2024-02-28
SKU-021,2024-06-03,7.0,45.85,0,320.95,Decor,Pillows,18.36,45.85,2024-02-28
SKU-021,2024-06-10,12.0,45.85,0,550.2,Decor,Pillows,18.36,45.85,2024-02-28
SKU-021,2024-06-17,19.0,45.85,0,871.1500000000001,Decor,Pillows,18.36,45.85,2024-02-28
SKU-021,2024-06-24,12.0,45.85,0,550.2,Decor,Pillows,18.36,45.85,2024-02-28
SKU-021,2024-07-01,10.0,36.56333333333333,1,366.47,Decor,Pillows,18.36,45.85,2024-02-28
SKU-021,2024-07-08,8.0,45.85,0,366.8,Decor,Pillows,18.36,45.85,2024-02-28
SKU-021,2024-07-15,7.0,45.85,0,504.35,Decor,Pillows,18.36,45.85,2024-02-28
SKU-021,2024-07-22,9.0,45.85,0,412.65000000000003,Decor,Pillows,18.36,45.85,2024-02-28
SKU-021,2024-07-29,10.0,45.85,0,458.5,Decor,Pillows,18.36,45.85,2024-02-28
SKU-021,2024-08-05,11.0,42.769999999999996,1,473.55000000000007,Decor,Pillows,18.36,45.85,2024-02-28
SKU-021,2024-08-12,17.0,39.3825,1,671.4300000000001,Decor,Pillows,18.36,45.85,2024-02-28
SKU-021,2024-08-19,10.0,44.24,1,432.74,Decor,Pillows,18.36,45.85,2024-02-28
SKU-021,2024-08-26,4.0,42.47666666666667,1,163.16,Decor,Pillows,18.36,45.85,2024-02-28
SKU-021,2024-09-02,11.0,41.8725,1,479.51,Decor,Pillows,18.36,45.85,2024-02-28
SKU-021,2024-09-09,5.0,44.706,1,223.53,Decor,Pillows,18.36,45.85,2024-02-28
SKU-021,2024-09-16,8.0,45.85,0,366.8,Decor,Pillows,18.36,45.85,2024-02-28
SKU-021,2024-09-23,11.0,45.85,0,504.35,Decor,Pillows,18.36,45.85,2024-02-28
SKU-021,2024-09-30,13.0,45.85,0,596.0500000000001,Decor,Pillows,18.36,45.85,2024-02-28
SKU-021,2024-10-07,10.0,38.556,1,377.74,Decor,Pillows,18.36,45.85,2024-02-28
SKU-021,2024-10-14,24.0,41.718333333333334,1,967.78,Decor,Pillows,18.36,45.85,2024-02-28
SKU-021,2024-10-21,13.0,45.85,0,596.0500000000001,Decor,Pillows,18.36,45.85,2024-02-28
SKU-021,2024-10-28,12.0,45.85,0,550.2,Decor,Pillows,18.36,45.85,2024-02-28
SKU-021,2024-11-04,8.0,45.85,0,366.8,Decor,Pillows,18.36,45.85,2024-02-28
SKU-021,2024-11-11,12.0,45.85,0,550.2,Decor,Pillows,18.36,45.85,2024-02-28
SKU-021,2024-11-18,22.0,43.074999999999996,1,925.45,Decor,Pillows,18.36,45.85,2024-02-28
SKU-021,2024-11-25,15.0,39.156666666666666,1,619.33,Decor,Pillows,18.36,45.85,2024-02-28
SKU-021,2024-12-02,13.0,45.85,0,596.05,Decor,Pillows,18.36,45.85,2024-02-28
SKU-021,2024-12-09,10.0,44.14,1,441.40000000000003,Decor,Pillows,18.36,45.85,2024-02-28
SKU-021,2024-12-16,15.0,38.515,1,574.08,Decor,Pillows,18.36,45.85,2024-02-28
SKU-021,2024-12-23,23.0,42.660000000000004,1,938.03,Decor,Pillows,18.36,45.85,2024-02-28
SKU-021,2024-12-30,11.0,44.598,1,479.31,Decor,Pillows,18.36,45.85,2024-02-28
SKU-021,2025-01-06,11.0,45.85,0,504.35,Decor,Pillows,18.36,45.85,2024-02-28
SKU-021,2025-01-13,3.0,45.85,0,137.55,Decor,Pillows,18.36,45.85,2024-02-28
SKU-021,2025-01-20,5.0,45.85,0,229.25,Decor,Pillows,18.36,45.85,2024-02-28
SKU-021,2025-01-27,9.0,45.85,0,412.65000000000003,Decor,Pillows,18.36,45.85,2024-02-28
SKU-021,2025-02-03,4.0,45.85,0,183.4,Decor,Pillows,18.36,45.85,2024-02-28
SKU-021,2025-02-10,12.0,45.85,0,550.2,Decor,Pillows,18.36,45.85,2024-02-28
SKU-021,2025-02-17,10.0,43.692,1,436.92,Decor,Pillows,18.36,45.85,2024-02-28
SKU-021,2025-02-24,11.0,45.85,0,504.35,Decor,Pillows,18.36,45.85,2024-02-28
SKU-021,2025-03-03,8.0,45.85,0,366.8,Decor,Pillows,18.36,45.85,2024-02-28
SKU-021,2025-03-10,11.0,44.608000000000004,1,491.93,Decor,Pillows,18.36,45.85,2024-02-28
SKU-021,2025-03-17,5.0,40.193333333333335,1,195.31,Decor,Pillows,18.36,45.85,2024-02-28
SKU-021,2025-03-24,4.0,45.85,0,183.4,Decor,Pillows,18.36,45.85,2024-02-28
SKU-021,2025-03-31,9.0,45.85,0,412.65000000000003,Decor,Pillows,18.36,45.85,2024-02-28
SKU-021,2025-04-07,8.0,45.85,0,412.65000000000003,Decor,Pillows,18.36,45.85,2024-02-28
SKU-021,2025-04-14,8.0,45.85,0,366.8,Decor,Pillows,18.36,45.85,2024-02-28
SKU-021,2025-04-21,14.0,45.85,0,641.9000000000001,Decor,Pillows,18.36,45.85,2024-02-28
SKU-021,2025-04-28,7.0,45.85,0,320.95,Decor,Pillows,18.36,45.85,2024-02-28
SKU-021,2025-05-05,7.0,45.85,0,320.95,Decor,Pillows,18.36,45.85,2024-02-28
SKU-021,2025-05-12,9.0,45.85,0,412.65000000000003,Decor,Pillows,18.36,45.85,2024-02-28
SKU-021,2025-05-19,7.0,42.335,1,278.77,Decor,Pillows,18.36,45.85,2024-02-28
SKU-021,2025-05-26,10.0,40.066,1,391.48,Decor,Pillows,18.36,45.85,2024-02-28
SKU-021,2025-06-02,20.0,45.85,0,917.0,Decor,Pillows,18.36,45.85,2024-02-28
SKU-021,2025-06-09,7.0,45.85,0,320.95,Decor,Pillows,18.36,45.85,2024-02-28
SKU-021,2025-06-16,11.0,45.85,0,504.35,Decor,Pillows,18.36,45.85,2024-02-28
SKU-021,2025-06-23,8.0,45.85,0,366.8,Decor,Pillows,18.36,45.85,2024-02-28
SKU-021,2025-06-30,21.0,38.4,1,824.5500000000001,Decor,Pillows,18.36,45.85,2024-02-28
SKU-021,2025-07-07,15.0,44.56857142857143,1,660.84,Decor,Pillows,18.36,45.85,2024-02-28
SKU-021,2025-07-14,3.0,45.85,0,137.55,Decor,Pillows,18.36,45.85,2024-02-28
SKU-021,2025-07-21,11.0,45.85,0,504.35,Decor,Pillows,18.36,45.85,2024-02-28
SKU-021,2025-07-28,8.0,45.85,0,366.8,Decor,Pillows,18.36,45.85,2024-02-28
SKU-021,2025-08-04,7.0,44.448,1,313.94,Decor,Pillows,18.36,45.85,2024-02-28
SKU-021,2025-08-11,22.0,37.68571428571429,1,836.87,Decor,Pillows,18.36,45.85,2024-02-28
SKU-021,2025-08-18,10.0,43.2025,1,437.32000000000005,Decor,Pillows,18.36,45.85,2024-02-28
SKU-021,2025-08-25,13.0,45.85,0,596.05,Decor,Pillows,18.36,45.85,2024-02-28
SKU-021,2025-09-01,13.0,44.56,1,576.7,Decor,Pillows,18.36,45.85,2024-02-28
SKU-021,2025-09-08,14.0,39.593333333333334,1,554.03,Decor,Pillows,18.36,45.85,2024-02-28
SKU-021,2025-09-15,16.0,45.85,0,733.6,Decor,Pillows,18.36,45.85,2024-02-28
SKU-021,2025-09-22,2.0,45.85,0,229.25,Decor,Pillows,18.36,45.85,2024-02-28
SKU-021,2025-09-29,7.0,45.85,0,320.95,Decor,Pillows,18.36,45.85,2024-02-28
SKU-021,2025-10-06,7.0,40.4625,1,272.05,Decor,Pillows,18.36,45.85,2024-02-28
SKU-021,2025-10-13,16.0,41.468333333333334,1,616.22,Decor,Pillows,18.36,45.85,2024-02-28
SKU-021,2025-10-20,14.0,45.85,0,641.9,Decor,Pillows,18.36,45.85,2024-02-28
SKU-021,2025-10-27,16.0,45.85,0,733.6,Decor,Pillows,18.36,45.85,2024-02-28
SKU-021,2025-11-03,13.0,45.85,0,596.05,Decor,Pillows,18.36,45.85,2024-02-28
SKU-021,2025-11-10,13.0,45.85,0,596.05,Decor,Pillows,18.36,45.85,2024-02-28
SKU-021,2025-11-17,10.0,45.85,0,458.5,Decor,Pillows,18.36,45.85,2024-02-28
SKU-021,2025-11-24,18.0,38.489999999999995,1,693.1700000000001,Decor,Pillows,18.36,45.85,2024-02-28
SKU-021,2025-12-01,7.0,45.85,0,320.95,Decor,Pillows,18.36,45.85,2024-02-28
SKU-021,2025-12-08,13.0,45.85,0,596.05,Decor,Pillows,18.36,45.85,2024-02-28
SKU-021,2025-12-15,32.0,36.901428571428575,1,1185.19,Decor,Pillows,18.36,45.85,2024-02-28
SKU-021,2025-12-22,17.0,39.452,1,658.2900000000001,Decor,Pillows,18.36,45.85,2024-02-28
SKU-021,2025-12-29,22.0,41.652,1,905.36,Decor,Pillows,18.36,45.85,2024-02-28
SKU-021,2026-01-05,17.0,45.85,0,779.45,Decor,Pillows,18.36,45.85,2024-02-28
SKU-021,2026-01-12,10.0,45.85,0,458.5,Decor,Pillows,18.36,45.85,2024-02-28
SKU-021,2026-01-19,12.0,45.85,0,550.2,Decor,Pillows,18.36,45.85,2024-02-28
SKU-021,2026-01-26,8.0,45.85,0,366.8,Decor,Pillows,18.36,45.85,2024-02-28
SKU-021,2026-02-02,20.0,45.85,0,917.0,Decor,Pillows,18.36,45.85,2024-02-28
SKU-021,2026-02-09,10.0,45.85,0,458.5,Decor,Pillows,18.36,45.85,2024-02-28
SKU-021,2026-02-16,10.0,43.605000000000004,1,440.54,Decor,Pillows,18.36,45.85,2024-02-28
SKU-021,2026-02-23,8.0,45.85,0,366.8,Decor,Pillows,18.36,45.85,2024-02-28
SKU-021,2026-03-02,10.0,45.85,0,458.50000000000006,Decor,Pillows,18.36,45.85,2024-02-28
SKU-021,2026-03-09,5.0,44.72,1,268.32,Decor,Pillows,18.36,45.85,2024-02-28
SKU-021,2026-03-16,9.0,40.2625,1,355.7,Decor,Pillows,18.36,45.85,2024-02-28
SKU-021,2026-03-23,10.0,45.85,0,458.5,Decor,Pillows,18.36,45.85,2024-02-28
SKU-021,2026-03-30,3.0,45.85,0,137.55,Decor,Pillows,18.36,45.85,2024-02-28
SKU-021,2026-04-06,6.0,45.85,0,275.1,Decor,Pillows,18.36,45.85,2024-02-28
SKU-021,2026-04-13,11.0,45.85,0,504.35,Decor,Pillows,18.36,45.85,2024-02-28
SKU-021,2026-04-20,7.0,45.85,0,320.95,Decor,Pillows,18.36,45.85,2024-02-28
SKU-021,2026-04-27,11.0,45.85,0,504.35,Decor,Pillows,18.36,45.85,2024-02-28
SKU-021,2026-05-04,10.0,45.85,0,458.5,Decor,Pillows,18.36,45.85,2024-02-28
SKU-021,2026-05-11,6.0,45.85,0,275.1,Decor,Pillows,18.36,45.85,2024-02-28
SKU-021,2026-05-18,7.0,43.595,1,293.89,Decor,Pillows,18.36,45.85,2024-02-28
SKU-021,2026-05-25,13.0,41.9125,1,548.86,Decor,Pillows,18.36,45.85,2024-02-28
SKU-021,2026-06-01,2.0,45.85,0,91.7,Decor,Pillows,18.36,45.85,2024-02-28
SKU-021,2026-06-08,7.0,45.85,0,320.95000000000005,Decor,Pillows,18.36,45.85,2024-02-28
SKU-021,2026-06-15,4.0,45.85,0,183.4,Decor,Pillows,18.36,45.85,2024-02-28
SKU-021,2026-06-22,9.0,45.85,0,412.65000000000003,Decor,Pillows,18.36,45.85,2024-02-28
SKU-021,2026-06-29,12.0,40.35,1,478.22,Decor,Pillows,18.36,45.85,2024-02-28
SKU-021,2026-07-06,17.0,43.0925,1,713.27,Decor,Pillows,18.36,45.85,2024-02-28
SKU-021,2026-07-13,17.0,45.85,0,779.45,Decor,Pillows,18.36,45.85,2024-02-28
SKU-021,2026-07-20,13.0,45.85,0,596.05,Decor,Pillows,18.36,45.85,2024-02-28
SKU-021,2026-07-27,2.0,45.85,0,91.7,Decor,Pillows,18.36,45.85,2024-02-28
SKU-021,2026-08-03,12.0,45.85,0,550.2,Decor,Pillows,18.36,45.85,2024-02-28
SKU-021,2026-08-10,13.0,38.88,1,502.36,Decor,Pillows,18.36,45.85,2024-02-28
SKU-021,2026-08-17,15.0,41.75,1,607.3100000000001,Decor,Pillows,18.36,45.85,2024-02-28
SKU-021,2026-08-24,12.0,45.85,0,550.2,Decor,Pillows,18.36,45.85,2024-02-28
SKU-021,2026-08-31,1.0,45.85,0,45.85,Decor,Pillows,18.36,45.85,2024-02-28
SKU-022,2025-02-03,17.0,63.52,0,1079.84,Decor,Wall Art,35.13,63.52,2025-02-07
SKU-022,2025-02-10,58.0,63.52,0,3684.16,Decor,Wall Art,35.13,63.52,2025-02-07
SKU-022,2025-02-17,65.0,54.98666666666667,1,3459.08,Decor,Wall Art,35.13,63.52,2025-02-07
SKU-022,2025-02-24,91.0,63.52,0,5780.32,Decor,Wall Art,35.13,63.52,2025-02-07
SKU-022,2025-03-03,101.0,63.52,0,6415.52,Decor,Wall Art,35.13,63.52,2025-02-07
SKU-022,2025-03-10,80.0,59.010000000000005,1,4696.84,Decor,Wall Art,35.13,63.52,2025-02-07
SKU-022,2025-03-17,134.0,54.16428571428571,1,6958.3,Decor,Wall Art,35.13,63.52,2025-02-07
SKU-022,2025-03-24,61.0,63.52,0,3874.7200000000003,Decor,Wall Art,35.13,63.52,2025-02-07
SKU-022,2025-03-31,41.0,63.52,0,2604.3199999999997,Decor,Wall Art,35.13,63.52,2025-02-07
SKU-022,2025-04-07,51.0,63.52,0,3239.52,Decor,Wall Art,35.13,63.52,2025-02-07
SKU-022,2025-04-14,60.0,63.52,0,3811.2000000000003,Decor,Wall Art,35.13,63.52,2025-02-07
SKU-022,2025-04-21,67.0,63.52,0,4255.84,Decor,Wall Art,35.13,63.52,2025-02-07
SKU-022,2025-04-28,45.0,63.52,0,2858.4,Decor,Wall Art,35.13,63.52,2025-02-07
SKU-022,2025-05-05,87.0,63.52,0,5526.24,Decor,Wall Art,35.13,63.52,2025-02-07
SKU-022,2025-05-12,78.0,63.52,0,4954.5599999999995,Decor,Wall Art,35.13,63.52,2025-02-07
SKU-022,2025-05-19,73.0,61.162,1,4412.95,Decor,Wall Art,35.13,63.52,2025-02-07
SKU-022,2025-05-26,83.0,52.225,1,4326.43,Decor,Wall Art,35.13,63.52,2025-02-07
SKU-022,2025-06-02,40.0,63.52,0,2540.8,Decor,Wall Art,35.13,63.52,2025-02-07
SKU-022,2025-06-09,79.0,63.52,0,5018.08,Decor,Wall Art,35.13,63.52,2025-02-07
SKU-022,2025-06-16,63.0,63.52,0,4001.76,Decor,Wall Art,35.13,63.52,2025-02-07
SKU-022,2025-06-23,34.0,63.52,0,2159.6800000000003,Decor,Wall Art,35.13,63.52,2025-02-07
SKU-022,2025-06-30,94.0,54.542500000000004,1,4882.9,Decor,Wall Art,35.13,63.52,2025-02-07
SKU-022,2025-07-07,93.0,62.15571428571429,1,5687.71,Decor,Wall Art,35.13,63.52,2025-02-07
SKU-022,2025-07-14,50.0,63.52,0,3176.0,Decor,Wall Art,35.13,63.52,2025-02-07
SKU-022,2025-07-21,50.0,63.52,0,3176.0,Decor,Wall Art,35.13,63.52,2025-02-07
SKU-022,2025-07-28,45.0,63.52,0,2858.4,Decor,Wall Art,35.13,63.52,2025-02-07
SKU-022,2025-08-04,43.0,63.52,0,2731.36,Decor,Wall Art,35.13,63.52,2025-02-07
SKU-022,2025-08-11,133.0,53.56666666666666,1,7135.349999999999,Decor,Wall Art,35.13,63.52,2025-02-07
SKU-022,2025-08-18,112.0,59.81,1,6577.03,Decor,Wall Art,35.13,63.52,2025-02-07
SKU-022,2025-08-25,67.0,63.52,0,4255.84,Decor,Wall Art,35.13,63.52,2025-02-07
SKU-022,2025-09-01,71.0,61.5775,1,4315.67,Decor,Wall Art,35.13,63.52,2025-02-07
SKU-022,2025-09-08,126.0,60.55857142857143,1,7514.05,Decor,Wall Art,35.13,63.52,2025-02-07
SKU-022,2025-09-15,44.0,63.52,0,2794.88,Decor,Wall Art,35.13,63.52,2025-02-07
SKU-022,2025-09-22,75.0,63.52,0,4764.0,Decor,Wall Art,35.13,63.52,2025-02-07
SKU-022,2025-09-29,83.0,63.52,0,5272.16,Decor,Wall Art,35.13,63.52,2025-02-07
SKU-022,2025-10-06,92.0,57.11166666666667,1,5101.74,Decor,Wall Art,35.13,63.52,2025-02-07
SKU-022,2025-10-13,112.0,59.29,1,6471.2,Decor,Wall Art,35.13,63.52,2025-02-07
SKU-022,2025-10-20,50.0,63.52,0,3176.0,Decor,Wall Art,35.13,63.52,2025-02-07
SKU-022,2025-10-27,101.0,63.52,0,6415.52,Decor,Wall Art,35.13,63.52,2025-02-07
SKU-022,2025-11-03,60.0,63.52,0,4954.56,Decor,Wall Art,35.13,63.52,2025-02-07
SKU-022,2025-11-10,123.0,63.52,0,7812.96,Decor,Wall Art,35.13,63.52,2025-02-07
SKU-022,2025-11-17,96.0,62.25,1,5953.139999999999,Decor,Wall Art,35.13,63.52,2025-02-07
SKU-022,2025-11-24,146.0,52.13333333333333,1,7640.35,Decor,Wall Art,35.13,63.52,2025-02-07
SKU-022,2025-12-01,79.0,63.52,0,5018.08,Decor,Wall Art,35.13,63.52,2025-02-07
SKU-022,2025-12-08,70.0,63.52,0,4446.4,Decor,Wall Art,35.13,63.52,2025-02-07
SKU-022,2025-12-15,174.0,52.75599999999999,1,9107.34,Decor,Wall Art,35.13,63.52,2025-02-07
SKU-022,2025-12-22,115.0,58.428,1,6536.6,Decor,Wall Art,35.13,63.52,2025-02-07
SKU-022,2025-12-29,121.0,60.413333333333334,1,7193.389999999999,Decor,Wall Art,35.13,63.52,2025-02-07
SKU-022,2026-01-05,112.0,63.52,0,7114.24,Decor,Wall Art,35.13,63.52,2025-02-07
SKU-022,2026-01-12,29.0,63.52,0,1842.08,Decor,Wall Art,35.13,63.52,2025-02-07
SKU-022,2026-01-19,55.0,63.52,0,3493.6,Decor,Wall Art,35.13,63.52,2025-02-07
SKU-022,2026-01-26,43.0,63.52,0,2731.3599999999997,Decor,Wall Art,35.13,63.52,2025-02-07
SKU-022,2026-02-02,57.0,63.52,0,3620.6400000000003,Decor,Wall Art,35.13,63.52,2025-02-07
SKU-022,2026-02-09,52.0,63.52,0,3303.04,Decor,Wall Art,35.13,63.52,2025-02-07
SKU-022,2026-02-16,123.0,61.02857142857143,1,7448.5599999999995,Decor,Wall Art,35.13,63.52,2025-02-07
SKU-022,2026-02-23,73.0,63.52,0,4636.96,Decor,Wall Art,35.13,63.52,2025-02-07
SKU-022,2026-03-02,62.0,63.52,0,4827.5199999999995,Decor,Wall Art,35.13,63.52,2025-02-07
SKU-022,2026-03-09,26.0,63.52,0,2921.92,Decor,Wall Art,35.13,63.52,2025-02-07
SKU-022,2026-03-16,147.0,55.065714285714286,1,8005.389999999999,Decor,Wall Art,35.13,63.52,2025-02-07
SKU-022,2026-03-23,72.0,63.52,0,4573.4400000000005,Decor,Wall Art,35.13,63.52,2025-02-07
SKU-022,2026-03-30,41.0,63.52,0,2604.3199999999997,Decor,Wall Art,35.13,63.52,2025-02-07
SKU-022,2026-04-06,62.0,63.52,0,3938.24,Decor,Wall Art,35.13,63.52,2025-02-07
SKU-022,2026-04-13,104.0,63.52,0,6606.08,Decor,Wall Art,35.13,63.52,2025-02-07
SKU-022,2026-04-20,76.0,63.52,0,4827.52,Decor,Wall Art,35.13,63.52,2025-02-07
SKU-022,2026-04-27,75.0,63.52,0,4764.0,Decor,Wall Art,35.13,63.52,2025-02-07
SKU-022,2026-05-04,93.0,63.52,0,5907.36,Decor,Wall Art,35.13,63.52,2025-02-07
SKU-022,2026-05-11,45.0,63.52,0,2858.4,Decor,Wall Art,35.13,63.52,2025-02-07
SKU-022,2026-05-18,31.0,63.52,0,1969.12,Decor,Wall Art,35.13,63.52,2025-02-07
SKU-022,2026-05-25,94.0,57.05500000000001,1,5309.42,Decor,Wall Art,35.13,63.52,2025-02-07
SKU-022,2026-06-01,93.0,63.52,0,5907.360000000001,Decor,Wall Art,35.13,63.52,2025-02-07
SKU-022,2026-06-08,55.0,63.52,0,3493.6,Decor,Wall Art,35.13,63.52,2025-02-07
SKU-022,2026-06-15,60.0,63.52,0,3811.2,Decor,Wall Art,35.13,63.52,2025-02-07
SKU-022,2026-06-22,80.0,63.52,0,5081.6,Decor,Wall Art,35.13,63.52,2025-02-07
SKU-022,2026-06-29,83.0,54.379999999999995,1,4430.17,Decor,Wall Art,35.13,63.52,2025-02-07
SKU-022,2026-07-06,75.0,62.11333333333334,1,4586.76,Decor,Wall Art,35.13,63.52,2025-02-07
SKU-022,2026-07-13,76.0,63.52,0,4827.5199999999995,Decor,Wall Art,35.13,63.52,2025-02-07
SKU-022,2026-07-20,92.0,63.52,0,5843.84,Decor,Wall Art,35.13,63.52,2025-02-07
SKU-022,2026-07-27,90.0,63.52,0,5716.799999999999,Decor,Wall Art,35.13,63.52,2025-02-07
SKU-022,2026-08-03,96.0,63.52,0,6097.92,Decor,Wall Art,35.13,63.52,2025-02-07
SKU-022,2026-08-10,87.0,53.832499999999996,1,4648.7300000000005,Decor,Wall Art,35.13,63.52,2025-02-07
SKU-022,2026-08-17,103.0,57.701666666666675,1,5890.780000000001,Decor,Wall Art,35.13,63.52,2025-02-07
SKU-022,2026-08-24,86.0,63.52,0,5462.72,Decor,Wall Art,35.13,63.52,2025-02-07
SKU-022,2026-08-31,10.0,63.52,0,635.2,Decor,Wall Art,35.13,63.52,2025-02-07
SKU-023,2025-01-06,9.0,73.13,0,658.17,Decor,Pillows,31.28,73.13,2025-01-04
SKU-023,2025-01-13,3.0,73.13,0,219.39,Decor,Pillows,31.28,73.13,2025-01-04
SKU-023,2025-01-20,4.0,73.13,0,292.52,Decor,Pillows,31.28,73.13,2025-01-04
SKU-023,2025-01-27,6.0,73.13,0,511.90999999999997,Decor,Pillows,31.28,73.13,2025-01-04
SKU-023,2025-02-10,4.0,73.13,0,292.52,Decor,Pillows,31.28,73.13,2025-01-04
SKU-023,2025-02-17,11.0,68.55333333333333,1,696.97,Decor,Pillows,31.28,73.13,2025-01-04
SKU-023,2025-02-24,6.0,73.13,0,438.78,Decor,Pillows,31.28,73.13,2025-01-04
SKU-023,2025-03-03,10.0,73.13,0,731.3,Decor,Pillows,31.28,73.13,2025-01-04
SKU-023,2025-03-10,2.0,69.265,1,138.53,Decor,Pillows,31.28,73.13,2025-01-04
SKU-023,2025-03-17,9.0,59.855000000000004,1,541.89,Decor,Pillows,31.28,73.13,2025-01-04
SKU-023,2025-03-24,5.0,73.13,0,365.65,Decor,Pillows,31.28,73.13,2025-01-04
SKU-023,2025-03-31,2.0,73.13,0,146.26,Decor,Pillows,31.28,73.13,2025-01-04
SKU-023,2025-04-07,1.0,73.13,0,73.13,Decor,Pillows,31.28,73.13,2025-01-04
SKU-023,2025-04-14,7.0,73.13,0,511.90999999999997,Decor,Pillows,31.28,73.13,2025-01-04
SKU-023,2025-04-21,1.0,73.13,0,146.26,Decor,Pillows,31.28,73.13,2025-01-04
SKU-023,2025-04-28,5.0,73.13,0,365.65,Decor,Pillows,31.28,73.13,2025-01-04
SKU-023,2025-05-05,6.0,73.13,0,438.78,Decor,Pillows,31.28,73.13,2025-01-04
SKU-023,2025-05-12,4.0,73.13,0,292.52,Decor,Pillows,31.28,73.13,2025-01-04
SKU-023,2025-05-19,3.0,73.13,0,219.39,Decor,Pillows,31.28,73.13,2025-01-04
SKU-023,2025-05-26,8.0,64.15166666666666,1,503.73,Decor,Pillows,31.28,73.13,2025-01-04
SKU-023,2025-06-02,8.0,73.13,0,585.04,Decor,Pillows,31.28,73.13,2025-01-04
SKU-023,2025-06-09,3.0,73.13,0,219.39,Decor,Pillows,31.28,73.13,2025-01-04
SKU-023,2025-06-16,5.0,73.13,0,365.65,Decor,Pillows,31.28,73.13,2025-01-04
SKU-023,2025-06-23,5.0,73.13,0,365.65,Decor,Pillows,31.28,73.13,2025-01-04
SKU-023,2025-06-30,8.0,61.417500000000004,1,484.40999999999997,Decor,Pillows,31.28,73.13,2025-01-04
SKU-023,2025-07-07,7.0,71.00999999999999,1,503.42999999999995,Decor,Pillows,31.28,73.13,2025-01-04
SKU-023,2025-07-14,5.0,73.13,0,365.65,Decor,Pillows,31.28,73.13,2025-01-04
SKU-023,2025-07-21,11.0,73.13,0,804.43,Decor,Pillows,31.28,73.13,2025-01-04
SKU-023,2025-07-28,5.0,73.13,0,365.65,Decor,Pillows,31.28,73.13,2025-01-04
SKU-023,2025-08-04,5.0,67.42666666666666,1,348.53999999999996,Decor,Pillows,31.28,73.13,2025-01-04
SKU-023,2025-08-11,9.0,59.44333333333333,1,528.91,Decor,Pillows,31.28,73.13,2025-01-04
SKU-023,2025-08-18,2.0,67.96333333333332,1,130.76,Decor,Pillows,31.28,73.13,2025-01-04
SKU-023,2025-08-25,3.0,73.13,0,219.39,Decor,Pillows,31.28,73.13,2025-01-04
SKU-023,2025-09-01,8.0,70.06,1,572.76,Decor,Pillows,31.28,73.13,2025-01-04
SKU-023,2025-09-08,2.0,64.02,1,128.04,Decor,Pillows,31.28,73.13,2025-01-04
SKU-023,2025-09-15,6.0,73.13,0,438.78,Decor,Pillows,31.28,73.13,2025-01-04
SKU-023,2025-09-22,5.0,73.13,0,365.65,Decor,Pillows,31.28,73.13,2025-01-04
SKU-023,2025-09-29,4.0,73.13,0,292.52,Decor,Pillows,31.28,73.13,2025-01-04
SKU-023,2025-10-06,4.0,67.97,1,277.03999999999996,Decor,Pillows,31.28,73.13,2025-01-04
SKU-023,2025-10-13,5.0,61.765,1,310.02,Decor,Pillows,31.28,73.13,2025-01-04
SKU-023,2025-10-20,2.0,73.13,0,146.26,Decor,Pillows,31.28,73.13,2025-01-04
SKU-023,2025-10-27,10.0,73.13,0,731.3,Decor,Pillows,31.28,73.13,2025-01-04
SKU-023,2025-11-03,5.0,73.13,0,365.65,Decor,Pillows,31.28,73.13,2025-01-04
SKU-023,2025-11-10,10.0,73.13,0,731.3,Decor,Pillows,31.28,73.13,2025-01-04
SKU-023,2025-11-17,9.0,70.51199999999999,1,631.99,Decor,Pillows,31.28,73.13,2025-01-04
SKU-023,2025-11-24,12.0,58.628,1,702.32,Decor,Pillows,31.28,73.13,2025-01-04
SKU-023,2025-12-01,4.0,73.13,0,292.52,Decor,Pillows,31.28,73.13,2025-01-04
SKU-023,2025-12-08,1.0,73.13,0,73.13,Decor,Pillows,31.28,73.13,2025-01-04
SKU-023,2025-12-15,13.0,61.60166666666667,1,807.6800000000001,Decor,Pillows,31.28,73.13,2025-01-04
SKU-023,2025-12-22,9.0,64.99499999999999,1,777.95,Decor,Pillows,31.28,73.13,2025-01-04
SKU-023,2025-12-29,4.0,69.08,1,276.32,Decor,Pillows,31.28,73.13,2025-01-04
SKU-023,2026-01-05,3.0,73.13,0,219.39,Decor,Pillows,31.28,73.13,2025-01-04
SKU-023,2026-01-12,7.0,73.13,0,511.90999999999997,Decor,Pillows,31.28,73.13,2025-01-04
SKU-023,2026-01-19,8.0,73.13,0,585.04,Decor,Pillows,31.28,73.13,2025-01-04
SKU-023,2026-01-26,7.0,73.13,0,511.90999999999997,Decor,Pillows,31.28,73.13,2025-01-04
SKU-023,2026-02-02,7.0,73.13,0,511.90999999999997,Decor,Pillows,31.28,73.13,2025-01-04
SKU-023,2026-02-09,3.0,73.13,0,219.39,Decor,Pillows,31.28,73.13,2025-01-04
SKU-023,2026-02-16,8.0,69.16,1,537.9399999999999,Decor,Pillows,31.28,73.13,2025-01-04
SKU-023,2026-02-23,3.0,73.13,0,219.39,Decor,Pillows,31.28,73.13,2025-01-04
SKU-023,2026-03-02,6.0,73.13,0,438.78,Decor,Pillows,31.28,73.13,2025-01-04
SKU-023,2026-03-09,2.0,73.13,0,146.26,Decor,Pillows,31.28,73.13,2025-01-04
SKU-023,2026-03-16,5.0,64.28,1,374.05,Decor,Pillows,31.28,73.13,2025-01-04
SKU-023,2026-03-23,3.0,73.13,0,219.39,Decor,Pillows,31.28,73.13,2025-01-04
SKU-023,2026-03-30,6.0,73.13,0,585.04,Decor,Pillows,31.28,73.13,2025-01-04
SKU-023,2026-04-06,3.0,73.13,0,219.39,Decor,Pillows,31.28,73.13,2025-01-04
SKU-023,2026-04-13,9.0,73.13,0,658.17,Decor,Pillows,31.28,73.13,2025-01-04
SKU-023,2026-04-20,11.0,73.13,0,804.43,Decor,Pillows,31.28,73.13,2025-01-04
SKU-023,2026-04-27,5.0,73.13,0,365.65,Decor,Pillows,31.28,73.13,2025-01-04
SKU-023,2026-05-04,1.0,73.13,0,73.13,Decor,Pillows,31.28,73.13,2025-01-04
SKU-023,2026-05-11,2.0,73.13,0,146.26,Decor,Pillows,31.28,73.13,2025-01-04
SKU-023,2026-05-18,0.0,73.13,0,0.0,Decor,Pillows,31.28,73.13,2025-01-04
SKU-023,2026-05-25,3.0,73.13,0,219.39,Decor,Pillows,31.28,73.13,2025-01-04
SKU-023,2026-06-01,3.0,73.13,0,219.39,Decor,Pillows,31.28,73.13,2025-01-04
SKU-023,2026-06-08,6.0,73.13,0,438.78,Decor,Pillows,31.28,73.13,2025-01-04
SKU-023,2026-06-15,9.0,73.13,0,658.17,Decor,Pillows,31.28,73.13,2025-01-04
SKU-023,2026-06-22,5.0,73.13,0,365.65,Decor,Pillows,31.28,73.13,2025-01-04
SKU-023,2026-06-29,5.0,64.17,1,320.85,Decor,Pillows,31.28,73.13,2025-01-04
SKU-023,2026-07-06,11.0,69.792,1,787.74,Decor,Pillows,31.28,73.13,2025-01-04
SKU-023,2026-07-13,7.0,73.13,0,658.17,Decor,Pillows,31.28,73.13,2025-01-04
SKU-023,2026-07-20,5.0,73.13,0,365.65,Decor,Pillows,31.28,73.13,2025-01-04
SKU-023,2026-07-27,5.0,73.13,0,365.65,Decor,Pillows,31.28,73.13,2025-01-04
SKU-023,2026-08-03,1.0,73.13,0,73.13,Decor,Pillows,31.28,73.13,2025-01-04
SKU-023,2026-08-10,7.0,57.84666666666667,1,409.06,Decor,Pillows,31.28,73.13,2025-01-04
SKU-023,2026-08-17,4.0,64.265,1,294.73,Decor,Pillows,31.28,73.13,2025-01-04
SKU-023,2026-08-24,5.0,73.13,0,365.65,Decor,Pillows,31.28,73.13,2025-01-04
SKU-024,2024-01-01,33.0,26.21666666666667,1,835.14,Decor,Wall Art,15.27,29.18,2022-08-17
SKU-024,2024-01-08,32.0,29.179999999999996,0,933.76,Decor,Wall Art,15.27,29.18,2022-08-17
SKU-024,2024-01-15,23.0,29.18,0,671.14,Decor,Wall Art,15.27,29.18,2022-08-17
SKU-024,2024-01-22,23.0,29.179999999999996,0,671.14,Decor,Wall Art,15.27,29.18,2022-08-17
SKU-024,2024-01-29,19.0,29.18,0,554.4200000000001,Decor,Wall Art,15.27,29.18,2022-08-17
SKU-024,2024-02-05,20.0,29.179999999999996,0,583.6,Decor,Wall Art,15.27,29.18,2022-08-17
SKU-024,2024-02-12,43.0,25.495,1,1077.1,Decor,Wall Art,15.27,29.18,2022-08-17
SKU-024,2024-02-19,29.0,28.625,1,819.58,Decor,Wall Art,15.27,29.18,2022-08-17
SKU-024,2024-02-26,11.0,29.179999999999996,0,320.98,Decor,Wall Art,15.27,29.18,2022-08-17
SKU-024,2024-03-04,20.0,29.179999999999996,0,583.6,Decor,Wall Art,15.27,29.18,2022-08-17
SKU-024,2024-03-11,14.0,27.8475,1,381.87,Decor,Wall Art,15.27,29.18,2022-08-17
SKU-024,2024-03-18,44.0,26.235714285714288,1,1150.48,Decor,Wall Art,15.27,29.18,2022-08-17
SKU-024,2024-03-25,11.0,29.179999999999996,0,320.98,Decor,Wall Art,15.27,29.18,2022-08-17
SKU-024,2024-04-01,15.0,29.18,0,437.7,Decor,Wall Art,15.27,29.18,2022-08-17
SKU-024,2024-04-08,20.0,29.18,0,583.6,Decor,Wall Art,15.27,29.18,2022-08-17
SKU-024,2024-04-15,17.0,29.18,0,496.06000000000006,Decor,Wall Art,15.27,29.18,2022-08-17
SKU-024,2024-04-22,32.0,29.18,0,933.76,Decor,Wall Art,15.27,29.18,2022-08-17
SKU-024,2024-04-29,22.0,29.18,0,641.96,Decor,Wall Art,15.27,29.18,2022-08-17
SKU-024,2024-05-06,16.0,29.18,0,466.88,Decor,Wall Art,15.27,29.18,2022-08-17
SKU-024,2024-05-13,8.0,29.18,0,233.44000000000003,Decor,Wall Art,15.27,29.18,2022-08-17
SKU-024,2024-05-20,18.0,29.18,0,525.24,Decor,Wall Art,15.27,29.18,2022-08-17
SKU-024,2024-05-27,26.0,28.53833333333333,1,743.28,Decor,Wall Art,15.27,29.18,2022-08-17
SKU-024,2024-06-03,32.0,29.18,0,933.76,Decor,Wall Art,15.27,29.18,2022-08-17
SKU-024,2024-06-10,12.0,29.18,0,350.16,Decor,Wall Art,15.27,29.18,2022-08-17
SKU-024,2024-06-17,12.0,29.179999999999996,0,350.16,Decor,Wall Art,15.27,29.18,2022-08-17
SKU-024,2024-06-24,14.0,29.18,0,408.52,Decor,Wall Art,15.27,29.18,2022-08-17
SKU-024,2024-07-01,29.0,24.516666666666666,1,833.78,Decor,Wall Art,15.27,29.18,2022-08-17
SKU-024,2024-07-08,22.0,29.179999999999996,0,641.96,Decor,Wall Art,15.27,29.18,2022-08-17
SKU-024,2024-07-15,14.0,29.179999999999996,0,408.52,Decor,Wall Art,15.27,29.18,2022-08-17
SKU-024,2024-07-22,23.0,29.18,0,671.14,Decor,Wall Art,15.27,29.18,2022-08-17
SKU-024,2024-07-29,16.0,29.18,0,466.88,Decor,Wall Art,15.27,29.18,2022-08-17
SKU-024,2024-08-05,16.0,29.18,0,466.88000000000005,Decor,Wall Art,15.27,29.18,2022-08-17
SKU-024,2024-08-12,30.0,24.824,1,748.04,Decor,Wall Art,15.27,29.18,2022-08-17
SKU-024,2024-08-19,27.0,27.166666666666668,1,703.3,Decor,Wall Art,15.27,29.18,2022-08-17
SKU-024,2024-08-26,24.0,28.26,1,661.6800000000001,Decor,Wall Art,15.27,29.18,2022-08-17
SKU-024,2024-09-02,31.0,26.248333333333335,1,811.53,Decor,Wall Art,15.27,29.18,2022-08-17
SKU-024,2024-09-09,15.0,29.18,0,437.70000000000005,Decor,Wall Art,15.27,29.18,2022-08-17
SKU-024,2024-09-16,14.0,29.179999999999996,0,408.52,Decor,Wall Art,15.27,29.18,2022-08-17
SKU-024,2024-09-23,17.0,29.18,0,496.06,Decor,Wall Art,15.27,29.18,2022-08-17
SKU-024,2024-09-30,9.0,29.18,0,262.62,Decor,Wall Art,15.27,29.18,2022-08-17
SKU-024,2024-10-07,33.0,25.993333333333336,1,795.23,Decor,Wall Art,15.27,29.18,2022-08-17
SKU-024,2024-10-14,24.0,26.654000000000003,1,634.8800000000001,Decor,Wall Art,15.27,29.18,2022-08-17
SKU-024,2024-10-21,12.0,29.18,0,350.16,Decor,Wall Art,15.27,29.18,2022-08-17
SKU-024,2024-10-28,23.0,29.18,0,671.14,Decor,Wall Art,15.27,29.18,2022-08-17
SKU-024,2024-11-04,21.0,29.179999999999996,0,612.78,Decor,Wall Art,15.27,29.18,2022-08-17
SKU-024,2024-11-11,35.0,29.179999999999996,0,1021.3,Decor,Wall Art,15.27,29.18,2022-08-17
SKU-024,2024-11-18,21.0,27.32,1,566.0999999999999,Decor,Wall Art,15.27,29.18,2022-08-17
SKU-024,2024-11-25,32.0,24.01,1,754.46,Decor,Wall Art,15.27,29.18,2022-08-17
SKU-024,2024-12-02,22.0,29.18,0,641.96,Decor,Wall Art,15.27,29.18,2022-08-17
SKU-024,2024-12-09,36.0,28.468333333333334,1,1012.05,Decor,Wall Art,15.27,29.18,2022-08-17
SKU-024,2024-12-16,48.0,24.645714285714288,1,1179.75,Decor,Wall Art,15.27,29.18,2022-08-17
SKU-024,2024-12-23,15.0,28.1825,1,413.76,Decor,Wall Art,15.27,29.18,2022-08-17
SKU-024,2024-12-30,32.0,26.55857142857143,1,847.47,Decor,Wall Art,15.27,29.18,2022-08-17
SKU-024,2025-01-06,12.0,29.18,0,525.24,Decor,Wall Art,15.27,29.18,2022-08-17
SKU-024,2025-01-13,19.0,29.18,0,554.4200000000001,Decor,Wall Art,15.27,29.18,2022-08-17
SKU-024,2025-01-20,18.0,29.18,0,525.24,Decor,Wall Art,15.27,29.18,2022-08-17
SKU-024,2025-01-27,21.0,29.18,0,612.78,Decor,Wall Art,15.27,29.18,2022-08-17
SKU-024,2025-02-03,26.0,29.179999999999996,0,758.6800000000001,Decor,Wall Art,15.27,29.18,2022-08-17
SKU-024,2025-02-10,17.0,29.18,0,496.06,Decor,Wall Art,15.27,29.18,2022-08-17
SKU-024,2025-02-17,27.0,28.55666666666667,1,769.16,Decor,Wall Art,15.27,29.18,2022-08-17
SKU-024,2025-02-24,18.0,29.18,0,525.24,Decor,Wall Art,15.27,29.18,2022-08-17
SKU-024,2025-03-03,25.0,29.18,0,729.5,Decor,Wall Art,15.27,29.18,2022-08-17
SKU-024,2025-03-10,14.0,29.18,0,408.52,Decor,Wall Art,15.27,29.18,2022-08-17
SKU-024,2025-03-17,27.0,25.471666666666668,1,663.6,Decor,Wall Art,15.27,29.18,2022-08-17
SKU-024,2025-03-24,21.0,29.18,0,612.78,Decor,Wall Art,15.27,29.18,2022-08-17
SKU-024,2025-03-31,12.0,29.18,0,350.15999999999997,Decor,Wall Art,15.27,29.18,2022-08-17
SKU-024,2025-04-07,22.0,29.18,0,641.96,Decor,Wall Art,15.27,29.18,2022-08-17
SKU-024,2025-04-14,14.0,29.18,0,408.52,Decor,Wall Art,15.27,29.18,2022-08-17
SKU-024,2025-04-21,20.0,29.18,0,583.6,Decor,Wall Art,15.27,29.18,2022-08-17
SKU-024,2025-04-28,20.0,29.18,0,583.6,Decor,Wall Art,15.27,29.18,2022-08-17
SKU-024,2025-05-05,17.0,29.179999999999996,0,496.06,Decor,Wall Art,15.27,29.18,2022-08-17
SKU-024,2025-05-12,12.0,29.18,0,525.24,Decor,Wall Art,15.27,29.18,2022-08-17
SKU-024,2025-05-19,20.0,28.160000000000004,1,553.0,Decor,Wall Art,15.27,29.18,2022-08-17
SKU-024,2025-05-26,39.0,25.028,1,963.5799999999999,Decor,Wall Art,15.27,29.18,2022-08-17
SKU-024,2025-06-02,11.0,29.18,0,320.98,Decor,Wall Art,15.27,29.18,2022-08-17
SKU-024,2025-06-09,29.0,29.18,0,846.22,Decor,Wall Art,15.27,29.18,2022-08-17
SKU-024,2025-06-16,17.0,29.18,0,496.06000000000006,Decor,Wall Art,15.27,29.18,2022-08-17
SKU-024,2025-06-23,19.0,29.18,0,554.4200000000001,Decor,Wall Art,15.27,29.18,2022-08-17
SKU-024,2025-06-30,19.0,23.73,1,451.68,Decor,Wall Art,15.27,29.18,2022-08-17
SKU-024,2025-07-07,20.0,29.179999999999996,0,583.6,Decor,Wall Art,15.27,29.18,2022-08-17
SKU-024,2025-07-14,25.0,29.179999999999996,0,729.5,Decor,Wall Art,15.27,29.18,2022-08-17
SKU-024,2025-07-21,6.0,29.179999999999996,0,175.08,Decor,Wall Art,15.27,29.18,2022-08-17
SKU-024,2025-07-28,27.0,29.179999999999996,0,787.86,Decor,Wall Art,15.27,29.18,2022-08-17
SKU-024,2025-08-04,12.0,27.43,1,322.16,Decor,Wall Art,15.27,29.18,2022-08-17
SKU-024,2025-08-11,44.0,23.990000000000002,1,1055.26,Decor,Wall Art,15.27,29.18,2022-08-17
SKU-024,2025-08-18,44.0,27.032857142857143,1,1138.12,Decor,Wall Art,15.27,29.18,2022-08-17
SKU-024,2025-08-25,15.0,29.18,0,437.7,Decor,Wall Art,15.27,29.18,2022-08-17
SKU-024,2025-09-01,18.0,27.8575,1,514.66,Decor,Wall Art,15.27,29.18,2022-08-17
SKU-024,2025-09-08,29.0,27.375,1,762.0400000000001,Decor,Wall Art,15.27,29.18,2022-08-17
SKU-024,2025-09-15,23.0,29.18,0,671.14,Decor,Wall Art,15.27,29.18,2022-08-17
SKU-024,2025-09-22,23.0,29.179999999999996,0,671.14,Decor,Wall Art,15.27,29.18,2022-08-17
SKU-024,2025-09-29,27.0,29.179999999999996,0,787.86,Decor,Wall Art,15.27,29.18,2022-08-17
SKU-024,2025-10-06,24.0,26.656,1,647.6200000000001,Decor,Wall Art,15.27,29.18,2022-08-17
SKU-024,2025-10-13,26.0,26.09714285714286,1,660.7,Decor,Wall Art,15.27,29.18,2022-08-17
SKU-024,2025-10-20,20.0,29.179999999999996,0,583.6,Decor,Wall Art,15.27,29.18,2022-08-17
SKU-024,2025-10-27,19.0,29.18,0,554.4200000000001,Decor,Wall Art,15.27,29.18,2022-08-17
SKU-024,2025-11-03,27.0,29.18,0,904.58,Decor,Wall Art,15.27,29.18,2022-08-17
SKU-024,2025-11-10,27.0,29.179999999999996,0,787.86,Decor,Wall Art,15.27,29.18,2022-08-17
SKU-024,2025-11-17,32.0,28.076,1,873.04,Decor,Wall Art,15.27,29.18,2022-08-17
SKU-024,2025-11-24,25.0,24.25333333333333,1,601.52,Decor,Wall Art,15.27,29.18,2022-08-17
SKU-024,2025-12-01,28.0,29.179999999999996,0,817.04,Decor,Wall Art,15.27,29.18,2022-08-17
SKU-024,2025-12-08,33.0,29.18,0,962.94,Decor,Wall Art,15.27,29.18,2022-08-17
SKU-024,2025-12-15,48.0,23.518,1,1131.0800000000002,Decor,Wall Art,15.27,29.18,2022-08-17
SKU-024,2025-12-22,26.0,26.351999999999997,1,678.72,Decor,Wall Art,15.27,29.18,2022-08-17
SKU-024,2025-12-29,21.0,27.75,1,577.03,Decor,Wall Art,15.27,29.18,2022-08-17
SKU-024,2026-01-05,33.0,29.179999999999996,0,962.94,Decor,Wall Art,15.27,29.18,2022-08-17
SKU-024,2026-01-12,20.0,29.179999999999996,0,583.6,Decor,Wall Art,15.27,29.18,2022-08-17
SKU-024,2026-01-19,25.0,29.179999999999996,0,729.5,Decor,Wall Art,15.27,29.18,2022-08-17
SKU-024,2026-01-26,7.0,29.18,0,204.26,Decor,Wall Art,15.27,29.18,2022-08-17
SKU-024,2026-02-02,16.0,29.179999999999996,0,466.88,Decor,Wall Art,15.27,29.18,2022-08-17
SKU-024,2026-02-09,15.0,29.18,0,437.70000000000005,Decor,Wall Art,15.27,29.18,2022-08-17
SKU-024,2026-02-16,19.0,27.918,1,522.87,Decor,Wall Art,15.27,29.18,2022-08-17
SKU-024,2026-02-23,16.0,29.18,0,466.88,Decor,Wall Art,15.27,29.18,2022-08-17
SKU-024,2026-03-02,25.0,29.18,0,729.5,Decor,Wall Art,15.27,29.18,2022-08-17
SKU-024,2026-03-09,33.0,28.439999999999998,1,931.86,Decor,Wall Art,15.27,29.18,2022-08-17
SKU-024,2026-03-16,45.0,24.725714285714282,1,1104.32,Decor,Wall Art,15.27,29.18,2022-08-17
SKU-024,2026-03-23,31.0,29.179999999999996,0,904.58,Decor,Wall Art,15.27,29.18,2022-08-17
SKU-024,2026-03-30,26.0,29.179999999999996,0,758.6800000000001,Decor,Wall Art,15.27,29.18,2022-08-17
SKU-024,2026-04-06,21.0,29.18,0,612.78,Decor,Wall Art,15.27,29.18,2022-08-17
SKU-024,2026-04-13,17.0,29.18,0,583.6,Decor,Wall Art,15.27,29.18,2022-08-17
SKU-024,2026-04-20,15.0,29.18,0,437.70000000000005,Decor,Wall Art,15.27,29.18,2022-08-17
SKU-024,2026-04-27,16.0,29.18,0,466.88,Decor,Wall Art,15.27,29.18,2022-08-17
SKU-024,2026-05-04,10.0,29.18,0,291.8,Decor,Wall Art,15.27,29.18,2022-08-17
SKU-024,2026-05-11,22.0,29.18,0,641.96,Decor,Wall Art,15.27,29.18,2022-08-17
SKU-024,2026-05-18,15.0,27.3725,1,394.32,Decor,Wall Art,15.27,29.18,2022-08-17
SKU-024,2026-05-25,12.0,26.4575,1,314.76,Decor,Wall Art,15.27,29.18,2022-08-17
SKU-024,2026-06-01,15.0,29.18,0,437.70000000000005,Decor,Wall Art,15.27,29.18,2022-08-17
SKU-024,2026-06-08,17.0,29.18,0,496.06000000000006,Decor,Wall Art,15.27,29.18,2022-08-17
SKU-024,2026-06-15,21.0,29.179999999999996,0,612.78,Decor,Wall Art,15.27,29.18,2022-08-17
SKU-024,2026-06-22,15.0,29.18,0,437.70000000000005,Decor,Wall Art,15.27,29.18,2022-08-17
SKU-024,2026-06-29,33.0,25.416666666666668,1,836.88,Decor,Wall Art,15.27,29.18,2022-08-17
SKU-024,2026-07-06,26.0,26.5,1,655.16,Decor,Wall Art,15.27,29.18,2022-08-17
SKU-024,2026-07-13,30.0,29.18,0,875.4,Decor,Wall Art,15.27,29.18,2022-08-17
SKU-024,2026-07-20,30.0,29.18,0,875.4,Decor,Wall Art,15.27,29.18,2022-08-17
SKU-024,2026-07-27,28.0,29.18,0,817.04,Decor,Wall Art,15.27,29.18,2022-08-17
SKU-024,2026-08-03,24.0,29.179999999999996,0,700.32,Decor,Wall Art,15.27,29.18,2022-08-17
SKU-024,2026-08-10,33.0,24.77,1,815.42,Decor,Wall Art,15.27,29.18,2022-08-17
SKU-024,2026-08-17,17.0,27.1725,1,469.35,Decor,Wall Art,15.27,29.18,2022-08-17
SKU-024,2026-08-24,21.0,29.18,0,612.78,Decor,Wall Art,15.27,29.18,2022-08-17
SKU-025,2024-01-01,57.0,84.928,1,4725.77,Decor,Pillows,39.02,91.05,2023-06-24
SKU-025,2024-01-08,47.0,91.05,0,5827.2,Decor,Pillows,39.02,91.05,2023-06-24
SKU-025,2024-01-15,64.0,91.05,0,5827.200000000001,Decor,Pillows,39.02,91.05,2023-06-24
SKU-025,2024-01-29,47.0,91.05,0,4279.35,Decor,Pillows,39.02,91.05,2023-06-24
SKU-025,2024-02-05,54.0,91.05,0,4916.700000000001,Decor,Pillows,39.02,91.05,2023-06-24
SKU-025,2024-02-12,10.0,91.05,0,910.5,Decor,Pillows,39.02,91.05,2023-06-24
SKU-025,2024-02-19,60.0,88.898,1,5269.32,Decor,Pillows,39.02,91.05,2023-06-24
SKU-025,2024-02-26,68.0,91.05,0,6191.4,Decor,Pillows,39.02,91.05,2023-06-24
SKU-025,2024-03-11,42.0,81.8575,1,4675.84,Decor,Pillows,39.02,91.05,2023-06-24
SKU-025,2024-03-18,109.0,80.40833333333333,1,8530.07,Decor,Pillows,39.02,91.05,2023-06-24
SKU-025,2024-03-25,36.0,91.05,0,3277.8,Decor,Pillows,39.02,91.05,2023-06-24
SKU-025,2024-04-01,35.0,91.05,0,3186.75,Decor,Pillows,39.02,91.05,2023-06-24
SKU-025,2024-04-08,45.0,91.05,0,4097.25,Decor,Pillows,39.02,91.05,2023-06-24
SKU-025,2024-04-15,52.0,91.05,0,4734.6,Decor,Pillows,39.02,91.05,2023-06-24
SKU-025,2024-04-22,56.0,91.05,0,5098.8,Decor,Pillows,39.02,91.05,2023-06-24
SKU-025,2024-04-29,58.0,91.05,0,5280.9,Decor,Pillows,39.02,91.05,2023-06-24
SKU-025,2024-05-06,30.0,91.05,0,2731.5,Decor,Pillows,39.02,91.05,2023-06-24
SKU-025,2024-05-13,53.0,91.05,0,6282.45,Decor,Pillows,39.02,91.05,2023-06-24
SKU-025,2024-05-20,69.0,91.05,0,6282.45,Decor,Pillows,39.02,91.05,2023-06-24
SKU-025,2024-05-27,57.0,87.82249999999999,1,4905.83,Decor,Pillows,39.02,91.05,2023-06-24
SKU-025,2024-06-03,37.0,91.05,0,3368.85,Decor,Pillows,39.02,91.05,2023-06-24
SKU-025,2024-06-10,70.0,91.05,0,6373.5,Decor,Pillows,39.02,91.05,2023-06-24
SKU-025,2024-06-17,69.0,91.05,0,6282.45,Decor,Pillows,39.02,91.05,2023-06-24
SKU-025,2024-06-24,92.0,91.05,0,8376.6,Decor,Pillows,39.02,91.05,2023-06-24
SKU-025,2024-07-01,84.0,75.574,1,6337.24,Decor,Pillows,39.02,91.05,2023-06-24
SKU-025,2024-07-08,27.0,91.05,0,2458.35,Decor,Pillows,39.02,91.05,2023-06-24
SKU-025,2024-07-15,52.0,91.05,0,4734.6,Decor,Pillows,39.02,91.05,2023-06-24
SKU-025,2024-07-22,61.0,91.05,0,5554.05,Decor,Pillows,39.02,91.05,2023-06-24
SKU-025,2024-07-29,43.0,91.05,0,3915.15,Decor,Pillows,39.02,91.05,2023-06-24
SKU-025,2024-08-05,45.0,91.05,0,4097.25,Decor,Pillows,39.02,91.05,2023-06-24
SKU-025,2024-08-12,101.0,74.402,1,7494.61,Decor,Pillows,39.02,91.05,2023-06-24
SKU-025,2024-08-19,72.0,84.728,1,6054.969999999999,Decor,Pillows,39.02,91.05,2023-06-24
SKU-025,2024-08-26,35.0,91.05,0,3186.75,Decor,Pillows,39.02,91.05,2023-06-24
SKU-025,2024-09-02,51.0,77.2325,1,5432.13,Decor,Pillows,39.02,91.05,2023-06-24
SKU-025,2024-09-09,59.0,91.05,0,5371.95,Decor,Pillows,39.02,91.05,2023-06-24
SKU-025,2024-09-16,54.0,91.05,0,4916.7,Decor,Pillows,39.02,91.05,2023-06-24
SKU-025,2024-09-23,42.0,91.05,0,3824.1000000000004,Decor,Pillows,39.02,91.05,2023-06-24
SKU-025,2024-09-30,46.0,91.05,0,4188.3,Decor,Pillows,39.02,91.05,2023-06-24
SKU-025,2024-10-07,58.0,82.05499999999999,1,4706.45,Decor,Pillows,39.02,91.05,2023-06-24
SKU-025,2024-10-14,88.0,86.17999999999999,1,7500.459999999999,Decor,Pillows,39.02,91.05,2023-06-24
SKU-025,2024-10-21,53.0,91.05,0,4825.65,Decor,Pillows,39.02,91.05,2023-06-24
SKU-025,2024-10-28,52.0,91.05,0,4734.6,Decor,Pillows,39.02,91.05,2023-06-24
SKU-025,2024-11-04,54.0,91.05,0,6282.45,Decor,Pillows,39.02,91.05,2023-06-24
SKU-025,2024-11-11,54.0,91.05,0,4916.7,Decor,Pillows,39.02,91.05,2023-06-24
SKU-025,2024-11-18,44.0,91.05,0,4006.2,Decor,Pillows,39.02,91.05,2023-06-24
SKU-025,2024-11-25,96.0,77.364,1,7283.25,Decor,Pillows,39.02,91.05,2023-06-24
SKU-025,2024-12-02,42.0,91.05,0,3824.1,Decor,Pillows,39.02,91.05,2023-06-24
SKU-025,2024-12-09,65.0,86.93199999999999,1,5588.8099999999995,Decor,Pillows,39.02,91.05,2023-06-24
SKU-025,2024-12-16,100.0,76.995,1,7713.46,Decor,Pillows,39.02,91.05,2023-06-24
SKU-025,2024-12-23,86.0,82.69,1,6885.92,Decor,Pillows,39.02,91.05,2023-06-24
SKU-025,2024-12-30,60.0,83.272,1,4852.96,Decor,Pillows,39.02,91.05,2023-06-24
SKU-025,2025-01-06,36.0,91.05,0,3277.7999999999997,Decor,Pillows,39.02,91.05,2023-06-24
SKU-025,2025-01-13,65.0,91.05,0,5918.25,Decor,Pillows,39.02,91.05,2023-06-24
SKU-025,2025-01-20,51.0,91.05,0,4643.55,Decor,Pillows,39.02,91.05,2023-06-24
SKU-025,2025-01-27,60.0,91.05,0,5463.0,Decor,Pillows,39.02,91.05,2023-06-24
SKU-025,2025-02-03,34.0,91.05,0,3095.7000000000003,Decor,Pillows,39.02,91.05,2023-06-24
SKU-025,2025-02-10,18.0,91.05,0,1638.9,Decor,Pillows,39.02,91.05,2023-06-24
SKU-025,2025-02-17,66.0,83.61,1,5335.360000000001,Decor,Pillows,39.02,91.05,2023-06-24
SKU-025,2025-02-24,51.0,91.05,0,4643.55,Decor,Pillows,39.02,91.05,2023-06-24
SKU-025,2025-03-03,14.0,91.05,0,1274.7,Decor,Pillows,39.02,91.05,2023-06-24
SKU-025,2025-03-10,72.0,85.69399999999999,1,6134.76,Decor,Pillows,39.02,91.05,2023-06-24
SKU-025,2025-03-17,72.0,81.205,1,5728.62,Decor,Pillows,39.02,91.05,2023-06-24
SKU-025,2025-03-24,58.0,91.05,0,5280.9,Decor,Pillows,39.02,91.05,2023-06-24
SKU-025,2025-03-31,48.0,91.05,0,4370.4,Decor,Pillows,39.02,91.05,2023-06-24
SKU-025,2025-04-07,77.0,91.05,0,7010.849999999999,Decor,Pillows,39.02,91.05,2023-06-24
SKU-025,2025-04-14,67.0,91.05,0,6100.35,Decor,Pillows,39.02,91.05,2023-06-24
SKU-025,2025-04-21,45.0,91.05,0,4097.25,Decor,Pillows,39.02,91.05,2023-06-24
SKU-025,2025-04-28,40.0,91.05,0,3642.0,Decor,Pillows,39.02,91.05,2023-06-24
SKU-025,2025-05-05,51.0,91.05,0,4643.549999999999,Decor,Pillows,39.02,91.05,2023-06-24
SKU-025,2025-05-12,38.0,91.05,0,3459.8999999999996,Decor,Pillows,39.02,91.05,2023-06-24
SKU-025,2025-05-19,69.0,91.05,0,6282.45,Decor,Pillows,39.02,91.05,2023-06-24
SKU-025,2025-05-26,80.0,80.362,1,6308.68,Decor,Pillows,39.02,91.05,2023-06-24
SKU-025,2025-06-02,51.0,91.05,0,4643.55,Decor,Pillows,39.02,91.05,2023-06-24
SKU-025,2025-06-09,41.0,91.05,0,3733.05,Decor,Pillows,39.02,91.05,2023-06-24
SKU-025,2025-06-16,75.0,91.05,0,6828.75,Decor,Pillows,39.02,91.05,2023-06-24
SKU-025,2025-06-23,58.0,91.05,0,5280.9,Decor,Pillows,39.02,91.05,2023-06-24
SKU-025,2025-06-30,149.0,76.32142857142857,1,11269.88,Decor,Pillows,39.02,91.05,2023-06-24
SKU-025,2025-07-07,55.0,85.695,1,4536.51,Decor,Pillows,39.02,91.05,2023-06-24
SKU-025,2025-07-14,71.0,91.05,0,6464.55,Decor,Pillows,39.02,91.05,2023-06-24
SKU-025,2025-07-21,73.0,91.05,0,6646.65,Decor,Pillows,39.02,91.05,2023-06-24
SKU-025,2025-07-28,72.0,91.05,0,6555.6,Decor,Pillows,39.02,91.05,2023-06-24
SKU-025,2025-08-04,42.0,85.91333333333334,1,3454.26,Decor,Pillows,39.02,91.05,2023-06-24
SKU-025,2025-08-11,68.0,74.1075,1,5029.03,Decor,Pillows,39.02,91.05,2023-06-24
SKU-025,2025-08-18,64.0,86.09166666666665,1,5371.06,Decor,Pillows,39.02,91.05,2023-06-24
SKU-025,2025-08-25,81.0,91.05,0,7375.05,Decor,Pillows,39.02,91.05,2023-06-24
SKU-025,2025-09-01,21.0,70.34,1,1477.14,Decor,Pillows,39.02,91.05,2023-06-24
SKU-025,2025-09-08,47.0,84.91333333333334,1,3947.97,Decor,Pillows,39.02,91.05,2023-06-24
SKU-025,2025-09-15,45.0,91.05,0,4097.25,Decor,Pillows,39.02,91.05,2023-06-24
SKU-025,2025-09-22,42.0,91.05,0,3824.1,Decor,Pillows,39.02,91.05,2023-06-24
SKU-025,2025-09-29,45.0,91.05,0,4097.25,Decor,Pillows,39.02,91.05,2023-06-24
SKU-025,2025-10-06,75.0,82.134,1,6038.1900000000005,Decor,Pillows,39.02,91.05,2023-06-24
SKU-025,2025-10-13,55.0,82.3325,1,4342.56,Decor,Pillows,39.02,91.05,2023-06-24
SKU-025,2025-10-20,20.0,91.05,0,1821.0,Decor,Pillows,39.02,91.05,2023-06-24
SKU-025,2025-10-27,72.0,91.05,0,6555.6,Decor,Pillows,39.02,91.05,2023-06-24
SKU-025,2025-11-03,97.0,91.05,0,8831.85,Decor,Pillows,39.02,91.05,2023-06-24
SKU-025,2025-11-10,43.0,91.05,0,3915.1499999999996,Decor,Pillows,39.02,91.05,2023-06-24
SKU-025,2025-11-17,47.0,84.73,1,3919.11,Decor,Pillows,39.02,91.05,2023-06-24
SKU-025,2025-11-24,106.0,76.196,1,8087.110000000001,Decor,Pillows,39.02,91.05,2023-06-24
SKU-025,2025-12-01,68.0,91.05,0,6191.4,Decor,Pillows,39.02,91.05,2023-06-24
SKU-025,2025-12-08,33.0,91.05,0,3004.6499999999996,Decor,Pillows,39.02,91.05,2023-06-24
SKU-025,2025-12-15,164.0,76.47666666666667,1,12548.24,Decor,Pillows,39.02,91.05,2023-06-24
SKU-025,2025-12-22,31.0,85.475,1,2621.8500000000004,Decor,Pillows,39.02,91.05,2023-06-24
SKU-025,2025-12-29,100.0,81.66333333333334,1,8459.69,Decor,Pillows,39.02,91.05,2023-06-24
SKU-025,2026-01-05,31.0,91.05,0,2822.5499999999997,Decor,Pillows,39.02,91.05,2023-06-24
SKU-025,2026-01-12,51.0,91.05,0,4643.55,Decor,Pillows,39.02,91.05,2023-06-24
SKU-025,2026-01-19,45.0,91.05,0,4097.25,Decor,Pillows,39.02,91.05,2023-06-24
SKU-025,2026-01-26,39.0,91.05,0,3550.95,Decor,Pillows,39.02,91.05,2023-06-24
SKU-025,2026-02-02,64.0,91.05,0,5827.2,Decor,Pillows,39.02,91.05,2023-06-24
SKU-025,2026-02-09,82.0,91.05,0,7466.1,Decor,Pillows,39.02,91.05,2023-06-24
SKU-025,2026-02-16,53.0,88.66,1,4742.0,Decor,Pillows,39.02,91.05,2023-06-24
SKU-025,2026-02-23,65.0,91.05,0,5918.25,Decor,Pillows,39.02,91.05,2023-06-24
SKU-025,2026-03-02,38.0,91.05,0,3459.8999999999996,Decor,Pillows,39.02,91.05,2023-06-24
SKU-025,2026-03-09,70.0,86.986,1,6089.02,Decor,Pillows,39.02,91.05,2023-06-24
SKU-025,2026-03-16,94.0,77.405,1,7190.94,Decor,Pillows,39.02,91.05,2023-06-24
SKU-025,2026-03-23,43.0,91.05,0,3915.1499999999996,Decor,Pillows,39.02,91.05,2023-06-24
SKU-025,2026-03-30,72.0,91.05,0,6555.6,Decor,Pillows,39.02,91.05,2023-06-24
SKU-025,2026-04-06,21.0,91.05,0,1912.05,Decor,Pillows,39.02,91.05,2023-06-24
SKU-025,2026-04-13,22.0,91.05,0,2003.1,Decor,Pillows,39.02,91.05,2023-06-24
SKU-025,2026-04-20,24.0,91.05,0,2185.2,Decor,Pillows,39.02,91.05,2023-06-24
SKU-025,2026-04-27,35.0,91.05,0,3186.75,Decor,Pillows,39.02,91.05,2023-06-24
SKU-025,2026-05-04,70.0,91.05,0,6373.5,Decor,Pillows,39.02,91.05,2023-06-24
SKU-025,2026-05-11,51.0,91.05,0,4643.55,Decor,Pillows,39.02,91.05,2023-06-24
SKU-025,2026-05-18,23.0,91.05,0,2094.15,Decor,Pillows,39.02,91.05,2023-06-24
SKU-025,2026-05-25,40.0,84.81,1,3286.3199999999997,Decor,Pillows,39.02,91.05,2023-06-24
SKU-025,2026-06-01,52.0,91.05,0,4734.6,Decor,Pillows,39.02,91.05,2023-06-24
SKU-025,2026-06-08,31.0,91.05,0,2822.55,Decor,Pillows,39.02,91.05,2023-06-24
SKU-025,2026-06-15,53.0,91.05,0,5827.2,Decor,Pillows,39.02,91.05,2023-06-24
SKU-025,2026-06-22,44.0,91.05,0,4006.2,Decor,Pillows,39.02,91.05,2023-06-24
SKU-025,2026-06-29,62.0,80.652,1,4749.05,Decor,Pillows,39.02,91.05,2023-06-24
SKU-025,2026-07-06,48.0,87.186,1,5589.8099999999995,Decor,Pillows,39.02,91.05,2023-06-24
SKU-025,2026-07-13,70.0,91.05,0,6373.5,Decor,Pillows,39.02,91.05,2023-06-24
SKU-025,2026-07-20,20.0,91.05,0,1821.0,Decor,Pillows,39.02,91.05,2023-06-24
SKU-025,2026-07-27,49.0,91.05,0,4461.45,Decor,Pillows,39.02,91.05,2023-06-24
SKU-025,2026-08-03,41.0,91.05,0,3733.05,Decor,Pillows,39.02,91.05,2023-06-24
SKU-025,2026-08-10,81.0,74.05250000000001,1,6001.43,Decor,Pillows,39.02,91.05,2023-06-24
SKU-025,2026-08-17,107.0,80.69500000000001,1,8621.09,Decor,Pillows,39.02,91.05,2023-06-24
SKU-025,2026-08-24,32.0,91.05,0,2913.5999999999995,Decor,Pillows,39.02,91.05,2023-06-24
SKU-025,2026-08-31,12.0,91.05,0,1092.6,Decor,Pillows,39.02,91.05,2023-06-24
SKU-026,2024-01-01,33.0,69.9425,1,2242.42,Decor,Pillows,34.46,74.27,2023-09-04
SKU-026,2024-01-08,39.0,74.27,0,2896.5299999999997,Decor,Pillows,34.46,74.27,2023-09-04
SKU-026,2024-01-15,41.0,74.27,0,3045.07,Decor,Pillows,34.46,74.27,2023-09-04
SKU-026,2024-01-22,25.0,74.27,0,1856.75,Decor,Pillows,34.46,74.27,2023-09-04
SKU-026,2024-01-29,19.0,74.27,0,1411.1299999999999,Decor,Pillows,34.46,74.27,2023-09-04
SKU-026,2024-02-05,28.0,74.27,0,2079.56,Decor,Pillows,34.46,74.27,2023-09-04
SKU-026,2024-02-12,44.0,70.25,1,3066.88,Decor,Pillows,34.46,74.27,2023-09-04
SKU-026,2024-02-19,44.0,72.61999999999999,1,3149.08,Decor,Pillows,34.46,74.27,2023-09-04
SKU-026,2024-02-26,33.0,74.27,0,2970.8,Decor,Pillows,34.46,74.27,2023-09-04
SKU-026,2024-03-04,44.0,74.27,0,3267.88,Decor,Pillows,34.46,74.27,2023-09-04
SKU-026,2024-03-11,58.0,68.27999999999999,1,3835.7400000000002,Decor,Pillows,34.46,74.27,2023-09-04
SKU-026,2024-03-18,62.0,66.94714285714285,1,4029.0,Decor,Pillows,34.46,74.27,2023-09-04
SKU-026,2024-03-25,22.0,74.27,0,1633.94,Decor,Pillows,34.46,74.27,2023-09-04
SKU-026,2024-04-01,24.0,74.27,0,1782.48,Decor,Pillows,34.46,74.27,2023-09-04
SKU-026,2024-04-08,46.0,74.27,0,3416.42,Decor,Pillows,34.46,74.27,2023-09-04
SKU-026,2024-04-15,22.0,74.27,0,1633.94,Decor,Pillows,34.46,74.27,2023-09-04
SKU-026,2024-04-22,29.0,74.27,0,2153.83,Decor,Pillows,34.46,74.27,2023-09-04
SKU-026,2024-04-29,53.0,74.27,0,3936.31,Decor,Pillows,34.46,74.27,2023-09-04
SKU-026,2024-05-06,46.0,74.27,0,3416.42,Decor,Pillows,34.46,74.27,2023-09-04
SKU-026,2024-05-13,40.0,74.27,0,2970.8,Decor,Pillows,34.46,74.27,2023-09-04
SKU-026,2024-05-20,45.0,72.64166666666667,1,3195.6,Decor,Pillows,34.46,74.27,2023-09-04
SKU-026,2024-05-27,27.0,70.812,1,1884.26,Decor,Pillows,34.46,74.27,2023-09-04
SKU-026,2024-06-03,21.0,74.27,0,2302.37,Decor,Pillows,34.46,74.27,2023-09-04
SKU-026,2024-06-10,39.0,74.27,0,2896.5299999999997,Decor,Pillows,34.46,74.27,2023-09-04
SKU-026,2024-06-17,41.0,74.27,0,3045.07,Decor,Pillows,34.46,74.27,2023-09-04
SKU-026,2024-06-24,55.0,74.27,0,4530.47,Decor,Pillows,34.46,74.27,2023-09-04
SKU-026,2024-07-01,70.0,60.91333333333333,1,4287.37,Decor,Pillows,34.46,74.27,2023-09-04
SKU-026,2024-07-08,57.0,74.27,0,4233.389999999999,Decor,Pillows,34.46,74.27,2023-09-04
SKU-026,2024-07-15,38.0,74.27,0,2822.26,Decor,Pillows,34.46,74.27,2023-09-04
SKU-026,2024-07-22,47.0,74.27,0,3490.6899999999996,Decor,Pillows,34.46,74.27,2023-09-04
SKU-026,2024-07-29,24.0,74.27,0,1782.48,Decor,Pillows,34.46,74.27,2023-09-04
SKU-026,2024-08-05,29.0,74.27,0,2153.83,Decor,Pillows,34.46,74.27,2023-09-04
SKU-026,2024-08-12,78.0,58.60166666666667,1,4550.42,Decor,Pillows,34.46,74.27,2023-09-04
SKU-026,2024-08-19,46.0,69.31142857142858,1,3090.05,Decor,Pillows,34.46,74.27,2023-09-04
SKU-026,2024-08-26,48.0,71.66333333333333,1,3455.48,Decor,Pillows,34.46,74.27,2023-09-04
SKU-026,2024-09-02,58.0,67.13857142857144,1,4200.71,Decor,Pillows,34.46,74.27,2023-09-04
SKU-026,2024-09-09,46.0,72.14,1,3275.8399999999997,Decor,Pillows,34.46,74.27,2023-09-04
SKU-026,2024-09-16,29.0,74.27,0,2153.83,Decor,Pillows,34.46,74.27,2023-09-04
SKU-026,2024-09-23,36.0,74.27,0,2673.72,Decor,Pillows,34.46,74.27,2023-09-04
SKU-026,2024-09-30,28.0,74.27,0,2079.56,Decor,Pillows,34.46,74.27,2023-09-04
SKU-026,2024-10-07,40.0,67.825,1,2625.89,Decor,Pillows,34.46,74.27,2023-09-04
SKU-026,2024-10-14,42.0,66.07,1,3367.52,Decor,Pillows,34.46,74.27,2023-09-04
SKU-026,2024-10-21,31.0,74.27,0,2302.37,Decor,Pillows,34.46,74.27,2023-09-04
SKU-026,2024-10-28,35.0,74.27,0,2599.45,Decor,Pillows,34.46,74.27,2023-09-04
SKU-026,2024-11-04,40.0,74.27,0,2970.8,Decor,Pillows,34.46,74.27,2023-09-04
SKU-026,2024-11-11,36.0,74.27,0,3119.34,Decor,Pillows,34.46,74.27,2023-09-04
SKU-026,2024-11-18,37.0,71.69166666666666,1,3308.13,Decor,Pillows,34.46,74.27,2023-09-04
SKU-026,2024-11-25,67.0,60.36333333333334,1,4134.34,Decor,Pillows,34.46,74.27,2023-09-04
SKU-026,2024-12-02,26.0,74.27,0,2673.7200000000003,Decor,Pillows,34.46,74.27,2023-09-04
SKU-026,2024-12-09,44.0,70.60999999999999,1,3084.88,Decor,Pillows,34.46,74.27,2023-09-04
SKU-026,2024-12-16,40.0,59.2825,1,3177.0,Decor,Pillows,34.46,74.27,2023-09-04
SKU-026,2024-12-23,34.0,71.0825,1,2435.93,Decor,Pillows,34.46,74.27,2023-09-04
SKU-026,2024-12-30,31.0,70.63,1,2114.07,Decor,Pillows,34.46,74.27,2023-09-04
SKU-026,2025-01-06,36.0,74.27,0,2673.7200000000003,Decor,Pillows,34.46,74.27,2023-09-04
SKU-026,2025-01-13,33.0,74.27,0,2450.91,Decor,Pillows,34.46,74.27,2023-09-04
SKU-026,2025-01-20,13.0,74.27,0,965.51,Decor,Pillows,34.46,74.27,2023-09-04
SKU-026,2025-01-27,33.0,74.27,0,2747.99,Decor,Pillows,34.46,74.27,2023-09-04
SKU-026,2025-02-03,47.0,74.27,0,4159.12,Decor,Pillows,34.46,74.27,2023-09-04
SKU-026,2025-02-10,36.0,74.27,0,2673.72,Decor,Pillows,34.46,74.27,2023-09-04
SKU-026,2025-02-17,41.0,74.27,0,3045.0699999999997,Decor,Pillows,34.46,74.27,2023-09-04
SKU-026,2025-02-24,49.0,74.27,0,3639.23,Decor,Pillows,34.46,74.27,2023-09-04
SKU-026,2025-03-03,59.0,74.27,0,4381.93,Decor,Pillows,34.46,74.27,2023-09-04
SKU-026,2025-03-10,45.0,69.395,1,3002.6,Decor,Pillows,34.46,74.27,2023-09-04
SKU-026,2025-03-17,70.0,67.14571428571428,1,4638.19,Decor,Pillows,34.46,74.27,2023-09-04
SKU-026,2025-03-24,37.0,74.27,0,2747.99,Decor,Pillows,34.46,74.27,2023-09-04
SKU-026,2025-03-31,41.0,74.27,0,3045.0699999999997,Decor,Pillows,34.46,74.27,2023-09-04
SKU-026,2025-04-07,44.0,74.27,0,3267.88,Decor,Pillows,34.46,74.27,2023-09-04
SKU-026,2025-04-14,60.0,74.27,0,4456.2,Decor,Pillows,34.46,74.27,2023-09-04
SKU-026,2025-04-21,61.0,74.27,0,4530.469999999999,Decor,Pillows,34.46,74.27,2023-09-04
SKU-026,2025-04-28,31.0,74.27,0,2302.37,Decor,Pillows,34.46,74.27,2023-09-04
SKU-026,2025-05-05,40.0,74.27,0,2970.7999999999997,Decor,Pillows,34.46,74.27,2023-09-04
SKU-026,2025-05-12,50.0,74.27,0,3713.5,Decor,Pillows,34.46,74.27,2023-09-04
SKU-026,2025-05-19,26.0,70.8075,1,1792.52,Decor,Pillows,34.46,74.27,2023-09-04
SKU-026,2025-05-26,32.0,64.79400000000001,1,2654.3599999999997,Decor,Pillows,34.46,74.27,2023-09-04
SKU-026,2025-06-02,39.0,74.27,0,2896.5299999999997,Decor,Pillows,34.46,74.27,2023-09-04
SKU-026,2025-06-09,41.0,74.27,0,3045.0699999999997,Decor,Pillows,34.46,74.27,2023-09-04
SKU-026,2025-06-16,30.0,74.27,0,2228.1,Decor,Pillows,34.46,74.27,2023-09-04
SKU-026,2025-06-23,45.0,74.27,0,3342.15,Decor,Pillows,34.46,74.27,2023-09-04
SKU-026,2025-06-30,64.0,57.75599999999999,1,3700.39,Decor,Pillows,34.46,74.27,2023-09-04
SKU-026,2025-07-07,35.0,71.856,1,2454.61,Decor,Pillows,34.46,74.27,2023-09-04
SKU-026,2025-07-14,35.0,74.27,0,2599.45,Decor,Pillows,34.46,74.27,2023-09-04
SKU-026,2025-07-21,43.0,74.27,0,3193.6099999999997,Decor,Pillows,34.46,74.27,2023-09-04
SKU-026,2025-07-28,42.0,74.27,0,3119.34,Decor,Pillows,34.46,74.27,2023-09-04
SKU-026,2025-08-04,59.0,71.81285714285714,1,4158.33,Decor,Pillows,34.46,74.27,2023-09-04
SKU-026,2025-08-11,53.0,61.5325,1,3201.46,Decor,Pillows,34.46,74.27,2023-09-04
SKU-026,2025-08-18,46.0,67.35666666666667,1,3021.65,Decor,Pillows,34.46,74.27,2023-09-04
SKU-026,2025-08-25,62.0,74.27,0,4604.74,Decor,Pillows,34.46,74.27,2023-09-04
SKU-026,2025-09-01,50.0,69.26599999999999,1,3367.61,Decor,Pillows,34.46,74.27,2023-09-04
SKU-026,2025-09-08,53.0,70.41166666666666,1,3642.95,Decor,Pillows,34.46,74.27,2023-09-04
SKU-026,2025-09-15,40.0,74.27,0,2970.8,Decor,Pillows,34.46,74.27,2023-09-04
SKU-026,2025-09-22,32.0,74.27,0,2376.64,Decor,Pillows,34.46,74.27,2023-09-04
SKU-026,2025-09-29,25.0,74.27,0,1856.75,Decor,Pillows,34.46,74.27,2023-09-04
SKU-026,2025-10-06,50.0,68.11833333333333,1,3359.5,Decor,Pillows,34.46,74.27,2023-09-04
SKU-026,2025-10-13,44.0,68.664,1,3007.54,Decor,Pillows,34.46,74.27,2023-09-04
SKU-026,2025-10-20,49.0,74.27,0,3639.23,Decor,Pillows,34.46,74.27,2023-09-04
SKU-026,2025-10-27,35.0,74.27,0,2599.45,Decor,Pillows,34.46,74.27,2023-09-04
SKU-026,2025-11-03,25.0,74.27,0,1856.75,Decor,Pillows,34.46,74.27,2023-09-04
SKU-026,2025-11-10,58.0,74.27,0,4307.66,Decor,Pillows,34.46,74.27,2023-09-04
SKU-026,2025-11-17,54.0,72.47,1,3857.58,Decor,Pillows,34.46,74.27,2023-09-04
SKU-026,2025-11-24,70.0,60.71600000000001,1,4252.91,Decor,Pillows,34.46,74.27,2023-09-04
SKU-026,2025-12-01,39.0,74.27,0,2896.53,Decor,Pillows,34.46,74.27,2023-09-04
SKU-026,2025-12-08,21.0,74.27,0,3267.88,Decor,Pillows,34.46,74.27,2023-09-04
SKU-026,2025-12-15,81.0,63.895,1,5152.5599999999995,Decor,Pillows,34.46,74.27,2023-09-04
SKU-026,2025-12-22,56.0,66.80142857142857,1,3643.85,Decor,Pillows,34.46,74.27,2023-09-04
SKU-026,2025-12-29,61.0,70.88166666666666,1,4233.38,Decor,Pillows,34.46,74.27,2023-09-04
SKU-026,2026-01-05,38.0,74.27,0,2822.2599999999998,Decor,Pillows,34.46,74.27,2023-09-04
SKU-026,2026-01-12,35.0,74.27,0,2599.45,Decor,Pillows,34.46,74.27,2023-09-04
SKU-026,2026-01-19,35.0,74.27,0,2599.45,Decor,Pillows,34.46,74.27,2023-09-04
SKU-026,2026-01-26,34.0,74.27,0,2525.18,Decor,Pillows,34.46,74.27,2023-09-04
SKU-026,2026-02-02,39.0,74.27,0,2896.5299999999997,Decor,Pillows,34.46,74.27,2023-09-04
SKU-026,2026-02-09,30.0,74.27,0,2228.1,Decor,Pillows,34.46,74.27,2023-09-04
SKU-026,2026-02-16,30.0,67.115,1,1936.06,Decor,Pillows,34.46,74.27,2023-09-04
SKU-026,2026-02-23,46.0,74.27,0,3416.42,Decor,Pillows,34.46,74.27,2023-09-04
SKU-026,2026-03-02,32.0,74.27,0,2376.64,Decor,Pillows,34.46,74.27,2023-09-04
SKU-026,2026-03-09,13.0,74.27,0,965.51,Decor,Pillows,34.46,74.27,2023-09-04
SKU-026,2026-03-16,48.0,62.55166666666667,1,2964.35,Decor,Pillows,34.46,74.27,2023-09-04
SKU-026,2026-03-23,28.0,74.27,0,2079.56,Decor,Pillows,34.46,74.27,2023-09-04
SKU-026,2026-03-30,46.0,74.27,0,3416.42,Decor,Pillows,34.46,74.27,2023-09-04
SKU-026,2026-04-06,43.0,74.27,0,3193.6099999999997,Decor,Pillows,34.46,74.27,2023-09-04
SKU-026,2026-04-13,29.0,74.27,0,2896.53,Decor,Pillows,34.46,74.27,2023-09-04
SKU-026,2026-04-20,35.0,74.27,0,2599.45,Decor,Pillows,34.46,74.27,2023-09-04
SKU-026,2026-04-27,43.0,74.27,0,3193.6099999999997,Decor,Pillows,34.46,74.27,2023-09-04
SKU-026,2026-05-04,32.0,74.27,0,2376.64,Decor,Pillows,34.46,74.27,2023-09-04
SKU-026,2026-05-11,34.0,74.27,0,2525.18,Decor,Pillows,34.46,74.27,2023-09-04
SKU-026,2026-05-18,34.0,71.696,1,2703.48,Decor,Pillows,34.46,74.27,2023-09-04
SKU-026,2026-05-25,41.0,66.5375,1,2656.2400000000002,Decor,Pillows,34.46,74.27,2023-09-04
SKU-026,2026-06-01,24.0,74.27,0,2079.56,Decor,Pillows,34.46,74.27,2023-09-04
SKU-026,2026-06-08,44.0,74.27,0,3267.88,Decor,Pillows,34.46,74.27,2023-09-04
SKU-026,2026-06-15,35.0,74.27,0,2599.45,Decor,Pillows,34.46,74.27,2023-09-04
SKU-026,2026-06-22,33.0,74.27,0,2450.91,Decor,Pillows,34.46,74.27,2023-09-04
SKU-026,2026-06-29,47.0,65.196,1,2940.65,Decor,Pillows,34.46,74.27,2023-09-04
SKU-026,2026-07-06,38.0,66.5375,1,2415.62,Decor,Pillows,34.46,74.27,2023-09-04
SKU-026,2026-07-13,26.0,74.27,0,1931.02,Decor,Pillows,34.46,74.27,2023-09-04
SKU-026,2026-07-20,35.0,74.27,0,2599.45,Decor,Pillows,34.46,74.27,2023-09-04
SKU-026,2026-07-27,34.0,74.27,0,2525.18,Decor,Pillows,34.46,74.27,2023-09-04
SKU-026,2026-08-03,45.0,74.27,0,3342.1499999999996,Decor,Pillows,34.46,74.27,2023-09-04
SKU-026,2026-08-10,69.0,59.99166666666667,1,4110.24,Decor,Pillows,34.46,74.27,2023-09-04
SKU-026,2026-08-17,56.0,67.82333333333334,1,3682.43,Decor,Pillows,34.46,74.27,2023-09-04
SKU-026,2026-08-24,53.0,74.27,0,3936.3099999999995,Decor,Pillows,34.46,74.27,2023-09-04
SKU-026,2026-08-31,10.0,74.27,0,742.7,Decor,Pillows,34.46,74.27,2023-09-04
SKU-027,2024-01-01,22.0,31.679999999999996,1,716.78,Decor,Lighting,18.09,34.61,2022-11-10
SKU-027,2024-01-08,19.0,34.61,0,657.59,Decor,Lighting,18.09,34.61,2022-11-10
SKU-027,2024-01-15,11.0,34.61,0,380.71,Decor,Lighting,18.09,34.61,2022-11-10
SKU-027,2024-01-22,26.0,34.61,0,899.86,Decor,Lighting,18.09,34.61,2022-11-10
SKU-027,2024-01-29,24.0,34.61,0,830.64,Decor,Lighting,18.09,34.61,2022-11-10
SKU-027,2024-02-05,22.0,34.61,0,761.4200000000001,Decor,Lighting,18.09,34.61,2022-11-10
SKU-027,2024-02-12,26.0,30.336000000000002,1,756.08,Decor,Lighting,18.09,34.61,2022-11-10
SKU-027,2024-02-19,29.0,33.44,1,968.5899999999999,Decor,Lighting,18.09,34.61,2022-11-10
SKU-027,2024-02-26,19.0,34.61,0,657.59,Decor,Lighting,18.09,34.61,2022-11-10
SKU-027,2024-03-04,25.0,34.61,0,865.25,Decor,Lighting,18.09,34.61,2022-11-10
SKU-027,2024-03-11,16.0,32.96,1,524.06,Decor,Lighting,18.09,34.61,2022-11-10
SKU-027,2024-03-18,24.0,30.998,1,751.3199999999999,Decor,Lighting,18.09,34.61,2022-11-10
SKU-027,2024-03-25,20.0,34.61,0,692.2,Decor,Lighting,18.09,34.61,2022-11-10
SKU-027,2024-04-01,28.0,34.61,0,969.08,Decor,Lighting,18.09,34.61,2022-11-10
SKU-027,2024-04-08,29.0,34.61,0,1003.69,Decor,Lighting,18.09,34.61,2022-11-10
SKU-027,2024-04-15,31.0,34.61,0,1072.91,Decor,Lighting,18.09,34.61,2022-11-10
SKU-027,2024-04-22,26.0,34.61,0,899.86,Decor,Lighting,18.09,34.61,2022-11-10
SKU-027,2024-04-29,9.0,34.61,0,311.49,Decor,Lighting,18.09,34.61,2022-11-10
SKU-027,2024-05-06,21.0,34.61,0,726.8100000000001,Decor,Lighting,18.09,34.61,2022-11-10
SKU-027,2024-05-13,26.0,34.61,0,899.86,Decor,Lighting,18.09,34.61,2022-11-10
SKU-027,2024-05-20,39.0,33.705714285714286,1,1299.15,Decor,Lighting,18.09,34.61,2022-11-10
SKU-027,2024-05-27,29.0,33.0975,1,925.04,Decor,Lighting,18.09,34.61,2022-11-10
SKU-027,2024-06-03,35.0,34.61,0,1211.35,Decor,Lighting,18.09,34.61,2022-11-10
SKU-027,2024-06-10,18.0,34.61,0,622.98,Decor,Lighting,18.09,34.61,2022-11-10
SKU-027,2024-06-17,24.0,34.61,0,830.64,Decor,Lighting,18.09,34.61,2022-11-10
SKU-027,2024-06-24,12.0,34.61,0,415.32000000000005,Decor,Lighting,18.09,34.61,2022-11-10
SKU-027,2024-07-01,18.0,28.786,1,725.99,Decor,Lighting,18.09,34.61,2022-11-10
SKU-027,2024-07-08,25.0,34.61,0,865.25,Decor,Lighting,18.09,34.61,2022-11-10
SKU-027,2024-07-15,17.0,34.61,0,692.2,Decor,Lighting,18.09,34.61,2022-11-10
SKU-027,2024-07-22,16.0,34.61,0,553.76,Decor,Lighting,18.09,34.61,2022-11-10
SKU-027,2024-07-29,26.0,34.61,0,899.86,Decor,Lighting,18.09,34.61,2022-11-10
SKU-027,2024-08-05,27.0,33.72666666666667,1,892.07,Decor,Lighting,18.09,34.61,2022-11-10
SKU-027,2024-08-12,36.0,28.427999999999997,1,1036.53,Decor,Lighting,18.09,34.61,2022-11-10
SKU-027,2024-08-19,24.0,32.972857142857144,1,792.72,Decor,Lighting,18.09,34.61,2022-11-10
SKU-027,2024-08-26,32.0,33.25666666666667,1,1001.96,Decor,Lighting,18.09,34.61,2022-11-10
SKU-027,2024-09-02,25.0,29.198,1,714.71,Decor,Lighting,18.09,34.61,2022-11-10
SKU-027,2024-09-09,28.0,34.61,0,969.0799999999999,Decor,Lighting,18.09,34.61,2022-11-10
SKU-027,2024-09-16,23.0,34.61,0,796.03,Decor,Lighting,18.09,34.61,2022-11-10
SKU-027,2024-09-23,16.0,34.61,0,553.76,Decor,Lighting,18.09,34.61,2022-11-10
SKU-027,2024-09-30,32.0,34.61,0,1107.52,Decor,Lighting,18.09,34.61,2022-11-10
SKU-027,2024-10-07,36.0,29.628000000000004,1,1040.12,Decor,Lighting,18.09,34.61,2022-11-10
SKU-027,2024-10-14,16.0,33.6325,1,538.12,Decor,Lighting,18.09,34.61,2022-11-10
SKU-027,2024-10-21,20.0,34.61,0,692.2,Decor,Lighting,18.09,34.61,2022-11-10
SKU-027,2024-10-28,20.0,34.61,0,692.2,Decor,Lighting,18.09,34.61,2022-11-10
SKU-027,2024-11-04,27.0,34.61,0,934.47,Decor,Lighting,18.09,34.61,2022-11-10
SKU-027,2024-11-11,30.0,34.61,0,1038.3,Decor,Lighting,18.09,34.61,2022-11-10
SKU-027,2024-11-18,18.0,33.3925,1,584.02,Decor,Lighting,18.09,34.61,2022-11-10
SKU-027,2024-11-25,43.0,29.72,1,1282.79,Decor,Lighting,18.09,34.61,2022-11-10
SKU-027,2024-12-02,25.0,34.61,0,865.25,Decor,Lighting,18.09,34.61,2022-11-10
SKU-027,2024-12-09,45.0,33.79714285714285,1,1517.6200000000001,Decor,Lighting,18.09,34.61,2022-11-10
SKU-027,2024-12-16,45.0,28.094,1,1278.7,Decor,Lighting,18.09,34.61,2022-11-10
SKU-027,2024-12-23,12.0,30.33,1,681.99,Decor,Lighting,18.09,34.61,2022-11-10
SKU-027,2024-12-30,42.0,31.315999999999995,1,1287.34,Decor,Lighting,18.09,34.61,2022-11-10
SKU-027,2025-01-06,18.0,34.61,0,830.64,Decor,Lighting,18.09,34.61,2022-11-10
SKU-027,2025-01-13,21.0,34.61,0,726.81,Decor,Lighting,18.09,34.61,2022-11-10
SKU-027,2025-01-20,28.0,34.61,0,969.08,Decor,Lighting,18.09,34.61,2022-11-10
SKU-027,2025-01-27,15.0,34.61,0,519.15,Decor,Lighting,18.09,34.61,2022-11-10
SKU-027,2025-02-03,28.0,34.61,0,969.08,Decor,Lighting,18.09,34.61,2022-11-10
SKU-027,2025-02-10,18.0,34.61,0,622.98,Decor,Lighting,18.09,34.61,2022-11-10
SKU-027,2025-02-17,16.0,34.61,0,553.76,Decor,Lighting,18.09,34.61,2022-11-10
SKU-027,2025-02-24,12.0,34.61,0,415.32,Decor,Lighting,18.09,34.61,2022-11-10
SKU-027,2025-03-03,9.0,34.61,0,311.49,Decor,Lighting,18.09,34.61,2022-11-10
SKU-027,2025-03-10,26.0,32.152,1,813.83,Decor,Lighting,18.09,34.61,2022-11-10
SKU-027,2025-03-17,58.0,29.60571428571429,1,1700.5500000000002,Decor,Lighting,18.09,34.61,2022-11-10
SKU-027,2025-03-24,29.0,34.61,0,1003.69,Decor,Lighting,18.09,34.61,2022-11-10
SKU-027,2025-03-31,23.0,34.61,0,796.03,Decor,Lighting,18.09,34.61,2022-11-10
SKU-027,2025-04-07,14.0,34.61,0,588.37,Decor,Lighting,18.09,34.61,2022-11-10
SKU-027,2025-04-14,23.0,34.61,0,796.03,Decor,Lighting,18.09,34.61,2022-11-10
SKU-027,2025-04-21,17.0,34.61,0,588.37,Decor,Lighting,18.09,34.61,2022-11-10
SKU-027,2025-04-28,11.0,34.61,0,380.71000000000004,Decor,Lighting,18.09,34.61,2022-11-10
SKU-027,2025-05-05,12.0,34.61,0,415.32,Decor,Lighting,18.09,34.61,2022-11-10
SKU-027,2025-05-12,22.0,34.61,0,761.4200000000001,Decor,Lighting,18.09,34.61,2022-11-10
SKU-027,2025-05-19,34.0,33.76714285714286,1,1153.14,Decor,Lighting,18.09,34.61,2022-11-10
SKU-027,2025-05-26,29.0,31.9,1,913.6800000000001,Decor,Lighting,18.09,34.61,2022-11-10
SKU-027,2025-06-02,29.0,34.61,0,1003.69,Decor,Lighting,18.09,34.61,2022-11-10
SKU-027,2025-06-09,17.0,34.61,0,588.37,Decor,Lighting,18.09,34.61,2022-11-10
SKU-027,2025-06-16,22.0,34.61,0,761.4200000000001,Decor,Lighting,18.09,34.61,2022-11-10
SKU-027,2025-06-23,27.0,34.61,0,934.47,Decor,Lighting,18.09,34.61,2022-11-10
SKU-027,2025-06-30,32.0,30.451999999999998,1,963.32,Decor,Lighting,18.09,34.61,2022-11-10
SKU-027,2025-07-07,34.0,33.901428571428575,1,1112.26,Decor,Lighting,18.09,34.61,2022-11-10
SKU-027,2025-07-14,24.0,34.61,0,830.64,Decor,Lighting,18.09,34.61,2022-11-10
SKU-027,2025-07-21,14.0,34.61,0,484.53999999999996,Decor,Lighting,18.09,34.61,2022-11-10
SKU-027,2025-07-28,33.0,34.61,0,1142.13,Decor,Lighting,18.09,34.61,2022-11-10
SKU-027,2025-08-04,24.0,33.779999999999994,1,795.78,Decor,Lighting,18.09,34.61,2022-11-10
SKU-027,2025-08-11,29.0,27.932,1,794.4200000000001,Decor,Lighting,18.09,34.61,2022-11-10
SKU-027,2025-08-18,24.0,31.62,1,1061.74,Decor,Lighting,18.09,34.61,2022-11-10
SKU-027,2025-08-25,5.0,34.61,0,173.05,Decor,Lighting,18.09,34.61,2022-11-10
SKU-027,2025-09-01,23.0,33.5975,1,775.78,Decor,Lighting,18.09,34.61,2022-11-10
SKU-027,2025-09-08,24.0,32.634,1,754.68,Decor,Lighting,18.09,34.61,2022-11-10
SKU-027,2025-09-15,17.0,34.61,0,588.37,Decor,Lighting,18.09,34.61,2022-11-10
SKU-027,2025-09-22,25.0,34.61,0,865.25,Decor,Lighting,18.09,34.61,2022-11-10
SKU-027,2025-09-29,25.0,34.61,0,865.25,Decor,Lighting,18.09,34.61,2022-11-10
SKU-027,2025-10-06,24.0,33.4125,1,801.9,Decor,Lighting,18.09,34.61,2022-11-10
SKU-027,2025-10-13,26.0,30.936666666666667,1,969.72,Decor,Lighting,18.09,34.61,2022-11-10
SKU-027,2025-10-20,27.0,34.61,0,934.47,Decor,Lighting,18.09,34.61,2022-11-10
SKU-027,2025-10-27,12.0,34.61,0,415.32,Decor,Lighting,18.09,34.61,2022-11-10
SKU-027,2025-11-03,27.0,34.61,0,934.47,Decor,Lighting,18.09,34.61,2022-11-10
SKU-027,2025-11-10,19.0,34.61,0,657.59,Decor,Lighting,18.09,34.61,2022-11-10
SKU-027,2025-11-17,42.0,33.62714285714286,1,1377.94,Decor,Lighting,18.09,34.61,2022-11-10
SKU-027,2025-11-24,39.0,28.853333333333335,1,1125.49,Decor,Lighting,18.09,34.61,2022-11-10
SKU-027,2025-12-01,22.0,34.61,0,1107.52,Decor,Lighting,18.09,34.61,2022-11-10
SKU-027,2025-12-08,20.0,34.61,0,692.2,Decor,Lighting,18.09,34.61,2022-11-10
SKU-027,2025-12-15,41.0,28.47,1,1170.53,Decor,Lighting,18.09,34.61,2022-11-10
SKU-027,2025-12-22,39.0,31.294999999999998,1,1187.82,Decor,Lighting,18.09,34.61,2022-11-10
SKU-027,2025-12-29,27.0,32.08,1,835.59,Decor,Lighting,18.09,34.61,2022-11-10
SKU-027,2026-01-05,13.0,34.61,0,449.93,Decor,Lighting,18.09,34.61,2022-11-10
SKU-027,2026-01-12,17.0,34.61,0,588.37,Decor,Lighting,18.09,34.61,2022-11-10
SKU-027,2026-01-19,36.0,34.61,0,1245.96,Decor,Lighting,18.09,34.61,2022-11-10
SKU-027,2026-01-26,28.0,34.61,0,969.08,Decor,Lighting,18.09,34.61,2022-11-10
SKU-027,2026-02-02,27.0,34.61,0,934.47,Decor,Lighting,18.09,34.61,2022-11-10
SKU-027,2026-02-09,7.0,34.61,0,242.26999999999998,Decor,Lighting,18.09,34.61,2022-11-10
SKU-027,2026-02-16,39.0,32.15,1,1172.67,Decor,Lighting,18.09,34.61,2022-11-10
SKU-027,2026-02-23,14.0,34.61,0,484.54,Decor,Lighting,18.09,34.61,2022-11-10
SKU-027,2026-03-02,17.0,34.61,0,588.37,Decor,Lighting,18.09,34.61,2022-11-10
SKU-027,2026-03-09,23.0,33.995,1,781.27,Decor,Lighting,18.09,34.61,2022-11-10
SKU-027,2026-03-16,33.0,29.324,1,969.69,Decor,Lighting,18.09,34.61,2022-11-10
SKU-027,2026-03-23,19.0,34.61,0,657.59,Decor,Lighting,18.09,34.61,2022-11-10
SKU-027,2026-03-30,17.0,34.61,0,588.37,Decor,Lighting,18.09,34.61,2022-11-10
SKU-027,2026-04-06,28.0,34.61,0,969.08,Decor,Lighting,18.09,34.61,2022-11-10
SKU-027,2026-04-13,19.0,34.61,0,657.59,Decor,Lighting,18.09,34.61,2022-11-10
SKU-027,2026-04-20,18.0,34.61,0,622.98,Decor,Lighting,18.09,34.61,2022-11-10
SKU-027,2026-04-27,27.0,34.61,0,934.47,Decor,Lighting,18.09,34.61,2022-11-10
SKU-027,2026-05-04,26.0,34.61,0,899.86,Decor,Lighting,18.09,34.61,2022-11-10
SKU-027,2026-05-11,13.0,34.61,0,449.93,Decor,Lighting,18.09,34.61,2022-11-10
SKU-027,2026-05-18,24.0,33.2325,1,814.11,Decor,Lighting,18.09,34.61,2022-11-10
SKU-027,2026-05-25,21.0,32.858,1,687.57,Decor,Lighting,18.09,34.61,2022-11-10
SKU-027,2026-06-01,24.0,34.61,0,830.64,Decor,Lighting,18.09,34.61,2022-11-10
SKU-027,2026-06-08,30.0,34.61,0,1038.3,Decor,Lighting,18.09,34.61,2022-11-10
SKU-027,2026-06-15,18.0,34.61,0,622.98,Decor,Lighting,18.09,34.61,2022-11-10
SKU-027,2026-06-22,15.0,34.61,0,726.81,Decor,Lighting,18.09,34.61,2022-11-10
SKU-027,2026-06-29,20.0,31.165,1,613.22,Decor,Lighting,18.09,34.61,2022-11-10
SKU-027,2026-07-06,18.0,32.678333333333335,1,594.92,Decor,Lighting,18.09,34.61,2022-11-10
SKU-027,2026-07-13,10.0,34.61,0,346.1,Decor,Lighting,18.09,34.61,2022-11-10
SKU-027,2026-07-20,17.0,34.61,0,588.37,Decor,Lighting,18.09,34.61,2022-11-10
SKU-027,2026-07-27,10.0,34.61,0,346.1,Decor,Lighting,18.09,34.61,2022-11-10
SKU-027,2026-08-03,19.0,34.61,0,657.59,Decor,Lighting,18.09,34.61,2022-11-10
SKU-027,2026-08-10,46.0,29.0,1,1330.53,Decor,Lighting,18.09,34.61,2022-11-10
SKU-027,2026-08-17,36.0,31.151666666666667,1,1167.04,Decor,Lighting,18.09,34.61,2022-11-10
SKU-027,2026-08-24,27.0,34.61,0,934.47,Decor,Lighting,18.09,34.61,2022-11-10
SKU-027,2026-08-31,6.0,34.61,0,207.66,Decor,Lighting,18.09,34.61,2022-11-10
SKU-028,2024-01-01,5.0,25.11,1,124.00999999999999,Kitchen,Utensils,12.45,26.65,2022-06-11
SKU-028,2024-01-08,5.0,26.649999999999995,0,133.25,Kitchen,Utensils,12.45,26.65,2022-06-11
SKU-028,2024-01-15,7.0,26.65,0,186.55,Kitchen,Utensils,12.45,26.65,2022-06-11
SKU-028,2024-01-22,6.0,26.65,0,159.9,Kitchen,Utensils,12.45,26.65,2022-06-11
SKU-028,2024-01-29,4.0,26.649999999999995,0,106.6,Kitchen,Utensils,12.45,26.65,2022-06-11
SKU-028,2024-02-05,6.0,26.65,0,159.89999999999998,Kitchen,Utensils,12.45,26.65,2022-06-11
SKU-028,2024-02-12,10.0,23.454,1,228.37,Kitchen,Utensils,12.45,26.65,2022-06-11
SKU-028,2024-02-19,4.0,26.649999999999995,0,106.6,Kitchen,Utensils,12.45,26.65,2022-06-11
SKU-028,2024-02-26,5.0,26.65,0,133.25,Kitchen,Utensils,12.45,26.65,2022-06-11
SKU-028,2024-03-04,1.0,26.65,0,26.65,Kitchen,Utensils,12.45,26.65,2022-06-11
SKU-028,2024-03-11,5.0,24.1125,1,123.1,Kitchen,Utensils,12.45,26.65,2022-06-11
SKU-028,2024-03-18,3.0,21.955,1,64.87,Kitchen,Utensils,12.45,26.65,2022-06-11
SKU-028,2024-03-25,1.0,26.65,0,26.65,Kitchen,Utensils,12.45,26.65,2022-06-11
SKU-028,2024-04-01,5.0,26.649999999999995,0,133.25,Kitchen,Utensils,12.45,26.65,2022-06-11
SKU-028,2024-04-08,5.0,26.65,0,133.25,Kitchen,Utensils,12.45,26.65,2022-06-11
SKU-028,2024-04-15,3.0,26.65,0,79.94999999999999,Kitchen,Utensils,12.45,26.65,2022-06-11
SKU-028,2024-04-22,5.0,26.649999999999995,0,133.25,Kitchen,Utensils,12.45,26.65,2022-06-11
SKU-028,2024-04-29,6.0,26.65,0,159.89999999999998,Kitchen,Utensils,12.45,26.65,2022-06-11
SKU-028,2024-05-06,5.0,26.649999999999995,0,133.25,Kitchen,Utensils,12.45,26.65,2022-06-11
SKU-028,2024-05-13,2.0,26.65,0,53.3,Kitchen,Utensils,12.45,26.65,2022-06-11
SKU-028,2024-05-20,8.0,25.978333333333335,1,205.14,Kitchen,Utensils,12.45,26.65,2022-06-11
SKU-028,2024-05-27,7.0,26.649999999999995,0,186.55,Kitchen,Utensils,12.45,26.65,2022-06-11
SKU-028,2024-06-03,3.0,26.65,0,79.94999999999999,Kitchen,Utensils,12.45,26.65,2022-06-11
SKU-028,2024-06-10,4.0,26.649999999999995,0,106.6,Kitchen,Utensils,12.45,26.65,2022-06-11
SKU-028,2024-06-17,6.0,26.649999999999995,0,159.9,Kitchen,Utensils,12.45,26.65,2022-06-11
SKU-028,2024-06-24,3.0,26.65,0,79.94999999999999,Kitchen,Utensils,12.45,26.65,2022-06-11
SKU-028,2024-07-01,4.0,22.755000000000003,1,91.02000000000001,Kitchen,Utensils,12.45,26.65,2022-06-11
SKU-028,2024-07-08,3.0,26.649999999999995,0,79.94999999999999,Kitchen,Utensils,12.45,26.65,2022-06-11
SKU-028,2024-07-15,6.0,26.65,0,159.9,Kitchen,Utensils,12.45,26.65,2022-06-11
SKU-028,2024-07-22,4.0,26.65,0,106.6,Kitchen,Utensils,12.45,26.65,2022-06-11
SKU-028,2024-07-29,5.0,26.65,0,133.25,Kitchen,Utensils,12.45,26.65,2022-06-11
SKU-028,2024-08-05,5.0,22.776666666666667,1,109.55,Kitchen,Utensils,12.45,26.65,2022-06-11
SKU-028,2024-08-12,8.0,22.204,1,179.78,Kitchen,Utensils,12.45,26.65,2022-06-11
SKU-028,2024-08-19,5.0,25.3025,1,122.47,Kitchen,Utensils,12.45,26.65,2022-06-11
SKU-028,2024-08-26,6.0,26.65,0,159.89999999999998,Kitchen,Utensils,12.45,26.65,2022-06-11
SKU-028,2024-09-02,5.0,24.673333333333332,1,121.39,Kitchen,Utensils,12.45,26.65,2022-06-11
SKU-028,2024-09-16,5.0,26.649999999999995,0,133.25,Kitchen,Utensils,12.45,26.65,2022-06-11
SKU-028,2024-09-23,7.0,26.65,0,186.55,Kitchen,Utensils,12.45,26.65,2022-06-11
SKU-028,2024-09-30,5.0,26.649999999999995,0,133.25,Kitchen,Utensils,12.45,26.65,2022-06-11
SKU-028,2024-10-07,4.0,21.936666666666667,1,87.22,Kitchen,Utensils,12.45,26.65,2022-06-11
SKU-028,2024-10-14,6.0,22.975,1,140.01999999999998,Kitchen,Utensils,12.45,26.65,2022-06-11
SKU-028,2024-10-28,7.0,26.65,0,186.54999999999998,Kitchen,Utensils,12.45,26.65,2022-06-11
SKU-028,2024-11-04,12.0,26.649999999999995,0,319.8,Kitchen,Utensils,12.45,26.65,2022-06-11
SKU-028,2024-11-11,11.0,26.649999999999995,0,293.15,Kitchen,Utensils,12.45,26.65,2022-06-11
SKU-028,2024-11-18,9.0,24.77,1,220.87,Kitchen,Utensils,12.45,26.65,2022-06-11
SKU-028,2024-11-25,12.0,22.516,1,271.44,Kitchen,Utensils,12.45,26.65,2022-06-11
SKU-028,2024-12-02,12.0,26.649999999999995,0,319.8,Kitchen,Utensils,12.45,26.65,2022-06-11
SKU-028,2024-12-09,8.0,24.819999999999997,1,191.24,Kitchen,Utensils,12.45,26.65,2022-06-11
SKU-028,2024-12-16,24.0,21.94333333333333,1,522.5,Kitchen,Utensils,12.45,26.65,2022-06-11
SKU-028,2024-12-23,8.0,24.541428571428572,1,193.23,Kitchen,Utensils,12.45,26.65,2022-06-11
SKU-028,2024-12-30,7.0,24.93,1,172.63,Kitchen,Utensils,12.45,26.65,2022-06-11
SKU-028,2025-01-06,5.0,26.649999999999995,0,133.25,Kitchen,Utensils,12.45,26.65,2022-06-11
SKU-028,2025-01-13,3.0,26.649999999999995,0,79.94999999999999,Kitchen,Utensils,12.45,26.65,2022-06-11
SKU-028,2025-01-20,5.0,26.649999999999995,0,133.25,Kitchen,Utensils,12.45,26.65,2022-06-11
SKU-028,2025-01-27,5.0,26.649999999999995,0,133.25,Kitchen,Utensils,12.45,26.65,2022-06-11
SKU-028,2025-02-03,8.0,26.65,0,213.2,Kitchen,Utensils,12.45,26.65,2022-06-11
SKU-028,2025-02-10,2.0,26.649999999999995,0,53.3,Kitchen,Utensils,12.45,26.65,2022-06-11
SKU-028,2025-02-17,2.0,26.649999999999995,0,53.3,Kitchen,Utensils,12.45,26.65,2022-06-11
SKU-028,2025-02-24,5.0,26.649999999999995,0,133.25,Kitchen,Utensils,12.45,26.65,2022-06-11
SKU-028,2025-03-03,3.0,26.65,0,79.95,Kitchen,Utensils,12.45,26.65,2022-06-11
SKU-028,2025-03-10,6.0,24.636666666666667,1,147.82,Kitchen,Utensils,12.45,26.65,2022-06-11
SKU-028,2025-03-17,14.0,22.814999999999998,1,319.99,Kitchen,Utensils,12.45,26.65,2022-06-11
SKU-028,2025-03-24,7.0,26.65,0,186.54999999999998,Kitchen,Utensils,12.45,26.65,2022-06-11
SKU-028,2025-03-31,5.0,26.65,0,133.25,Kitchen,Utensils,12.45,26.65,2022-06-11
SKU-028,2025-04-07,4.0,26.65,0,106.6,Kitchen,Utensils,12.45,26.65,2022-06-11
SKU-028,2025-04-14,4.0,26.65,0,106.6,Kitchen,Utensils,12.45,26.65,2022-06-11
SKU-028,2025-04-21,5.0,26.65,0,133.25,Kitchen,Utensils,12.45,26.65,2022-06-11
SKU-028,2025-04-28,9.0,26.649999999999995,0,239.85,Kitchen,Utensils,12.45,26.65,2022-06-11
SKU-028,2025-05-05,11.0,26.65,0,293.15,Kitchen,Utensils,12.45,26.65,2022-06-11
SKU-028,2025-05-12,7.0,26.649999999999995,0,186.55,Kitchen,Utensils,12.45,26.65,2022-06-11
SKU-028,2025-05-19,7.0,26.65,0,186.55,Kitchen,Utensils,12.45,26.65,2022-06-11
SKU-028,2025-05-26,10.0,24.642,1,246.39,Kitchen,Utensils,12.45,26.65,2022-06-11
SKU-028,2025-06-02,4.0,26.649999999999995,0,159.89999999999998,Kitchen,Utensils,12.45,26.65,2022-06-11
SKU-028,2025-06-09,1.0,26.65,0,26.65,Kitchen,Utensils,12.45,26.65,2022-06-11
SKU-028,2025-06-16,8.0,26.649999999999995,0,213.2,Kitchen,Utensils,12.45,26.65,2022-06-11
SKU-028,2025-06-23,2.0,26.65,0,53.3,Kitchen,Utensils,12.45,26.65,2022-06-11
SKU-028,2025-06-30,3.0,22.453333333333333,1,67.36,Kitchen,Utensils,12.45,26.65,2022-06-11
SKU-028,2025-07-07,3.0,26.65,0,79.94999999999999,Kitchen,Utensils,12.45,26.65,2022-06-11
SKU-028,2025-07-14,5.0,26.649999999999995,0,159.9,Kitchen,Utensils,12.45,26.65,2022-06-11
SKU-028,2025-07-21,2.0,26.65,0,53.3,Kitchen,Utensils,12.45,26.65,2022-06-11
SKU-028,2025-07-28,9.0,26.65,0,239.85,Kitchen,Utensils,12.45,26.65,2022-06-11
SKU-028,2025-08-04,3.0,26.65,0,79.94999999999999,Kitchen,Utensils,12.45,26.65,2022-06-11
SKU-028,2025-08-11,10.0,21.32,1,215.58999999999997,Kitchen,Utensils,12.45,26.65,2022-06-11
SKU-028,2025-08-18,14.0,24.108333333333334,1,332.21,Kitchen,Utensils,12.45,26.65,2022-06-11
SKU-028,2025-08-25,5.0,26.649999999999995,0,133.25,Kitchen,Utensils,12.45,26.65,2022-06-11
SKU-028,2025-09-01,6.0,24.1775,1,146.73,Kitchen,Utensils,12.45,26.65,2022-06-11
SKU-028,2025-09-08,3.0,26.65,0,79.94999999999999,Kitchen,Utensils,12.45,26.65,2022-06-11
SKU-028,2025-09-15,9.0,26.65,0,239.85,Kitchen,Utensils,12.45,26.65,2022-06-11
SKU-028,2025-09-22,5.0,26.649999999999995,0,133.25,Kitchen,Utensils,12.45,26.65,2022-06-11
SKU-028,2025-09-29,8.0,26.65,0,213.2,Kitchen,Utensils,12.45,26.65,2022-06-11
SKU-028,2025-10-06,6.0,24.0175,1,141.61,Kitchen,Utensils,12.45,26.65,2022-06-11
SKU-028,2025-10-13,1.0,23.395000000000003,1,23.44,Kitchen,Utensils,12.45,26.65,2022-06-11
SKU-028,2025-10-20,7.0,26.65,0,186.55,Kitchen,Utensils,12.45,26.65,2022-06-11
SKU-028,2025-10-27,4.0,26.65,0,106.6,Kitchen,Utensils,12.45,26.65,2022-06-11
SKU-028,2025-11-03,4.0,26.649999999999995,0,106.6,Kitchen,Utensils,12.45,26.65,2022-06-11
SKU-028,2025-11-10,5.0,26.65,0,159.89999999999998,Kitchen,Utensils,12.45,26.65,2022-06-11
SKU-028,2025-11-17,3.0,26.65,0,79.94999999999999,Kitchen,Utensils,12.45,26.65,2022-06-11
SKU-028,2025-11-24,4.0,23.03,1,91.22,Kitchen,Utensils,12.45,26.65,2022-06-11
SKU-028,2025-12-01,6.0,26.65,0,159.9,Kitchen,Utensils,12.45,26.65,2022-06-11
SKU-028,2025-12-08,10.0,26.65,0,266.5,Kitchen,Utensils,12.45,26.65,2022-06-11
SKU-028,2025-12-15,9.0,22.8325,1,205.51999999999998,Kitchen,Utensils,12.45,26.65,2022-06-11
SKU-028,2025-12-22,5.0,23.3025,1,135.79,Kitchen,Utensils,12.45,26.65,2022-06-11
SKU-028,2025-12-29,1.0,26.65,0,26.65,Kitchen,Utensils,12.45,26.65,2022-06-11
SKU-028,2026-01-05,6.0,26.65,0,159.89999999999998,Kitchen,Utensils,12.45,26.65,2022-06-11
SKU-028,2026-01-12,5.0,26.65,0,133.25,Kitchen,Utensils,12.45,26.65,2022-06-11
SKU-028,2026-01-19,7.0,26.65,0,186.55,Kitchen,Utensils,12.45,26.65,2022-06-11
SKU-028,2026-01-26,3.0,26.65,0,79.95,Kitchen,Utensils,12.45,26.65,2022-06-11
SKU-028,2026-02-02,3.0,26.65,0,79.94999999999999,Kitchen,Utensils,12.45,26.65,2022-06-11
SKU-028,2026-02-09,4.0,26.65,0,106.6,Kitchen,Utensils,12.45,26.65,2022-06-11
SKU-028,2026-02-16,10.0,24.74833333333333,1,249.51999999999998,Kitchen,Utensils,12.45,26.65,2022-06-11
SKU-028,2026-02-23,6.0,26.649999999999995,0,159.89999999999998,Kitchen,Utensils,12.45,26.65,2022-06-11
SKU-028,2026-03-02,1.0,26.65,0,26.65,Kitchen,Utensils,12.45,26.65,2022-06-11
SKU-028,2026-03-09,5.0,26.649999999999995,0,133.25,Kitchen,Utensils,12.45,26.65,2022-06-11
SKU-028,2026-03-16,3.0,23.825,1,68.65,Kitchen,Utensils,12.45,26.65,2022-06-11
SKU-028,2026-03-23,3.0,26.65,0,79.94999999999999,Kitchen,Utensils,12.45,26.65,2022-06-11
SKU-028,2026-03-30,1.0,26.65,0,26.65,Kitchen,Utensils,12.45,26.65,2022-06-11
SKU-028,2026-04-06,3.0,26.65,0,79.94999999999999,Kitchen,Utensils,12.45,26.65,2022-06-11
SKU-028,2026-04-13,5.0,26.649999999999995,0,133.25,Kitchen,Utensils,12.45,26.65,2022-06-11
SKU-028,2026-04-20,4.0,26.65,0,106.6,Kitchen,Utensils,12.45,26.65,2022-06-11
SKU-028,2026-05-04,6.0,26.65,0,159.89999999999998,Kitchen,Utensils,12.45,26.65,2022-06-11
SKU-028,2026-05-11,3.0,26.649999999999995,0,79.94999999999999,Kitchen,Utensils,12.45,26.65,2022-06-11
SKU-028,2026-05-18,4.0,25.8875,1,103.55,Kitchen,Utensils,12.45,26.65,2022-06-11
SKU-028,2026-05-25,7.0,23.485999999999997,1,161.37,Kitchen,Utensils,12.45,26.65,2022-06-11
SKU-028,2026-06-01,5.0,26.649999999999995,0,133.25,Kitchen,Utensils,12.45,26.65,2022-06-11
SKU-028,2026-06-08,8.0,26.65,0,213.2,Kitchen,Utensils,12.45,26.65,2022-06-11
SKU-028,2026-06-15,8.0,26.65,0,213.2,Kitchen,Utensils,12.45,26.65,2022-06-11
SKU-028,2026-06-22,5.0,26.65,0,133.25,Kitchen,Utensils,12.45,26.65,2022-06-11
SKU-028,2026-06-29,9.0,20.936666666666667,1,191.32999999999998,Kitchen,Utensils,12.45,26.65,2022-06-11
SKU-028,2026-07-06,5.0,26.649999999999995,0,133.25,Kitchen,Utensils,12.45,26.65,2022-06-11
SKU-028,2026-07-13,2.0,26.65,0,53.3,Kitchen,Utensils,12.45,26.65,2022-06-11
SKU-028,2026-07-20,6.0,26.649999999999995,0,159.9,Kitchen,Utensils,12.45,26.65,2022-06-11
SKU-028,2026-07-27,8.0,26.65,0,213.2,Kitchen,Utensils,12.45,26.65,2022-06-11
SKU-028,2026-08-03,4.0,26.649999999999995,0,106.6,Kitchen,Utensils,12.45,26.65,2022-06-11
SKU-028,2026-08-10,12.0,21.802,1,258.03,Kitchen,Utensils,12.45,26.65,2022-06-11
SKU-028,2026-08-17,5.0,23.7825,1,121.78,Kitchen,Utensils,12.45,26.65,2022-06-11
SKU-028,2026-08-24,1.0,26.65,0,26.65,Kitchen,Utensils,12.45,26.65,2022-06-11
SKU-028,2026-08-31,2.0,26.65,0,53.3,Kitchen,Utensils,12.45,26.65,2022-06-11
SKU-029,2024-12-23,1.0,90.37,0,90.37,Kitchen,Cookware,47.82,90.37,2024-12-26
SKU-029,2024-12-30,20.0,85.446,1,1694.66,Kitchen,Cookware,47.82,90.37,2024-12-26
SKU-029,2025-01-06,9.0,90.37,0,813.33,Kitchen,Cookware,47.82,90.37,2024-12-26
SKU-029,2025-01-13,16.0,90.37,0,1445.92,Kitchen,Cookware,47.82,90.37,2024-12-26
SKU-029,2025-01-20,12.0,90.37,0,1084.44,Kitchen,Cookware,47.82,90.37,2024-12-26
SKU-029,2025-01-27,8.0,90.37,0,903.7,Kitchen,Cookware,47.82,90.37,2024-12-26
SKU-029,2025-02-03,2.0,90.37,0,180.74,Kitchen,Cookware,47.82,90.37,2024-12-26
SKU-029,2025-02-10,13.0,90.37,0,1174.81,Kitchen,Cookware,47.82,90.37,2024-12-26
SKU-029,2025-02-17,6.0,82.53666666666668,1,495.22,Kitchen,Cookware,47.82,90.37,2024-12-26
SKU-029,2025-02-24,4.0,90.37,0,451.85,Kitchen,Cookware,47.82,90.37,2024-12-26
SKU-029,2025-03-03,15.0,90.37,0,1355.5500000000002,Kitchen,Cookware,47.82,90.37,2024-12-26
SKU-029,2025-03-10,23.0,84.025,1,1888.16,Kitchen,Cookware,47.82,90.37,2024-12-26
SKU-029,2025-03-17,12.0,80.5575,1,940.5500000000001,Kitchen,Cookware,47.82,90.37,2024-12-26
SKU-029,2025-03-24,16.0,90.37,0,1445.92,Kitchen,Cookware,47.82,90.37,2024-12-26
SKU-029,2025-03-31,11.0,90.37,0,994.07,Kitchen,Cookware,47.82,90.37,2024-12-26
SKU-029,2025-04-07,11.0,90.37,0,994.07,Kitchen,Cookware,47.82,90.37,2024-12-26
SKU-029,2025-04-14,6.0,90.37,0,542.22,Kitchen,Cookware,47.82,90.37,2024-12-26
SKU-029,2025-04-21,6.0,90.37,0,542.22,Kitchen,Cookware,47.82,90.37,2024-12-26
SKU-029,2025-04-28,4.0,90.37,0,361.48,Kitchen,Cookware,47.82,90.37,2024-12-26
SKU-029,2025-05-05,5.0,90.37,0,451.85,Kitchen,Cookware,47.82,90.37,2024-12-26
SKU-029,2025-05-12,1.0,90.37,0,90.37,Kitchen,Cookware,47.82,90.37,2024-12-26
SKU-029,2025-05-19,10.0,86.73666666666668,1,860.1,Kitchen,Cookware,47.82,90.37,2024-12-26
SKU-029,2025-05-26,17.0,81.30833333333334,1,1352.01,Kitchen,Cookware,47.82,90.37,2024-12-26
SKU-029,2025-06-02,9.0,90.37,0,813.33,Kitchen,Cookware,47.82,90.37,2024-12-26
SKU-029,2025-06-09,8.0,90.37,0,722.96,Kitchen,Cookware,47.82,90.37,2024-12-26
SKU-029,2025-06-16,7.0,90.37,0,632.59,Kitchen,Cookware,47.82,90.37,2024-12-26
SKU-029,2025-06-23,12.0,90.37,0,1084.44,Kitchen,Cookware,47.82,90.37,2024-12-26
SKU-029,2025-06-30,12.0,73.3775,1,886.77,Kitchen,Cookware,47.82,90.37,2024-12-26
SKU-029,2025-07-07,7.0,90.37,0,632.59,Kitchen,Cookware,47.82,90.37,2024-12-26
SKU-029,2025-07-14,4.0,90.37,0,361.48,Kitchen,Cookware,47.82,90.37,2024-12-26
SKU-029,2025-07-21,10.0,90.37,0,903.7,Kitchen,Cookware,47.82,90.37,2024-12-26
SKU-029,2025-07-28,2.0,90.37,0,180.74,Kitchen,Cookware,47.82,90.37,2024-12-26
SKU-029,2025-08-04,9.0,87.8125,1,782.64,Kitchen,Cookware,47.82,90.37,2024-12-26
SKU-029,2025-08-11,23.0,75.98166666666667,1,1726.88,Kitchen,Cookware,47.82,90.37,2024-12-26
SKU-029,2025-08-18,11.0,82.5475,1,880.71,Kitchen,Cookware,47.82,90.37,2024-12-26
SKU-029,2025-08-25,11.0,90.37,0,994.07,Kitchen,Cookware,47.82,90.37,2024-12-26
SKU-029,2025-09-01,4.0,79.315,1,317.26,Kitchen,Cookware,47.82,90.37,2024-12-26
SKU-029,2025-09-08,14.0,85.19833333333334,1,1164.22,Kitchen,Cookware,47.82,90.37,2024-12-26
SKU-029,2025-09-15,12.0,90.37,0,1084.44,Kitchen,Cookware,47.82,90.37,2024-12-26
SKU-029,2025-09-22,14.0,90.37,0,1265.18,Kitchen,Cookware,47.82,90.37,2024-12-26
SKU-029,2025-09-29,5.0,90.37,0,451.85,Kitchen,Cookware,47.82,90.37,2024-12-26
SKU-029,2025-10-06,5.0,80.86,1,413.81,Kitchen,Cookware,47.82,90.37,2024-12-26
SKU-029,2025-10-13,11.0,81.828,1,951.36,Kitchen,Cookware,47.82,90.37,2024-12-26
SKU-029,2025-10-20,8.0,90.37,0,722.96,Kitchen,Cookware,47.82,90.37,2024-12-26
SKU-029,2025-10-27,17.0,90.37,0,1536.29,Kitchen,Cookware,47.82,90.37,2024-12-26
SKU-029,2025-11-03,3.0,90.37,0,271.11,Kitchen,Cookware,47.82,90.37,2024-12-26
SKU-029,2025-11-10,8.0,90.37,0,722.96,Kitchen,Cookware,47.82,90.37,2024-12-26
SKU-029,2025-11-17,8.0,85.2825,1,682.26,Kitchen,Cookware,47.82,90.37,2024-12-26
SKU-029,2025-11-24,20.0,76.748,1,1536.12,Kitchen,Cookware,47.82,90.37,2024-12-26
SKU-029,2025-12-01,13.0,90.37,0,1174.81,Kitchen,Cookware,47.82,90.37,2024-12-26
SKU-029,2025-12-08,15.0,90.37,0,1355.5500000000002,Kitchen,Cookware,47.82,90.37,2024-12-26
SKU-029,2025-12-15,14.0,75.59400000000001,1,1042.8,Kitchen,Cookware,47.82,90.37,2024-12-26
SKU-029,2025-12-22,10.0,81.03,1,816.86,Kitchen,Cookware,47.82,90.37,2024-12-26
SKU-029,2025-12-29,13.0,83.06166666666667,1,1051.48,Kitchen,Cookware,47.82,90.37,2024-12-26
SKU-029,2026-01-05,7.0,90.37,0,632.59,Kitchen,Cookware,47.82,90.37,2024-12-26
SKU-029,2026-01-12,7.0,90.37,0,813.33,Kitchen,Cookware,47.82,90.37,2024-12-26
SKU-029,2026-01-19,10.0,90.37,0,903.7,Kitchen,Cookware,47.82,90.37,2024-12-26
SKU-029,2026-01-26,9.0,90.37,0,813.33,Kitchen,Cookware,47.82,90.37,2024-12-26
SKU-029,2026-02-02,8.0,90.37,0,722.96,Kitchen,Cookware,47.82,90.37,2024-12-26
SKU-029,2026-02-09,9.0,90.37,0,813.33,Kitchen,Cookware,47.82,90.37,2024-12-26
SKU-029,2026-02-16,4.0,90.37,0,361.48,Kitchen,Cookware,47.82,90.37,2024-12-26
SKU-029,2026-02-23,14.0,90.37,0,1265.18,Kitchen,Cookware,47.82,90.37,2024-12-26
SKU-029,2026-03-02,11.0,90.37,0,994.07,Kitchen,Cookware,47.82,90.37,2024-12-26
SKU-029,2026-03-09,11.0,87.64333333333333,1,961.35,Kitchen,Cookware,47.82,90.37,2024-12-26
SKU-029,2026-03-16,6.0,74.24666666666667,1,446.15999999999997,Kitchen,Cookware,47.82,90.37,2024-12-26
SKU-029,2026-03-23,8.0,90.37,0,722.96,Kitchen,Cookware,47.82,90.37,2024-12-26
SKU-029,2026-03-30,6.0,90.37,0,542.22,Kitchen,Cookware,47.82,90.37,2024-12-26
SKU-029,2026-04-06,7.0,90.37,0,632.59,Kitchen,Cookware,47.82,90.37,2024-12-26
SKU-029,2026-04-13,6.0,90.37,0,542.22,Kitchen,Cookware,47.82,90.37,2024-12-26
SKU-029,2026-04-20,3.0,90.37,0,271.11,Kitchen,Cookware,47.82,90.37,2024-12-26
SKU-029,2026-04-27,6.0,90.37,0,542.22,Kitchen,Cookware,47.82,90.37,2024-12-26
SKU-029,2026-05-04,14.0,90.37,0,1265.18,Kitchen,Cookware,47.82,90.37,2024-12-26
SKU-029,2026-05-11,4.0,90.37,0,361.48,Kitchen,Cookware,47.82,90.37,2024-12-26
SKU-029,2026-05-18,7.0,87.59333333333335,1,599.27,Kitchen,Cookware,47.82,90.37,2024-12-26
SKU-029,2026-05-25,14.0,83.17333333333333,1,1178.8200000000002,Kitchen,Cookware,47.82,90.37,2024-12-26
SKU-029,2026-06-01,4.0,90.37,0,361.48,Kitchen,Cookware,47.82,90.37,2024-12-26
SKU-029,2026-06-08,11.0,90.37,0,994.07,Kitchen,Cookware,47.82,90.37,2024-12-26
SKU-029,2026-06-15,9.0,90.37,0,813.33,Kitchen,Cookware,47.82,90.37,2024-12-26
SKU-029,2026-06-22,4.0,90.37,0,361.48,Kitchen,Cookware,47.82,90.37,2024-12-26
SKU-029,2026-06-29,12.0,73.13,1,873.02,Kitchen,Cookware,47.82,90.37,2024-12-26
SKU-029,2026-07-06,5.0,83.9475,1,405.8,Kitchen,Cookware,47.82,90.37,2024-12-26
SKU-029,2026-07-13,7.0,90.37,0,632.59,Kitchen,Cookware,47.82,90.37,2024-12-26
SKU-029,2026-07-20,12.0,90.37,0,1084.44,Kitchen,Cookware,47.82,90.37,2024-12-26
SKU-029,2026-07-27,15.0,90.37,0,1355.5500000000002,Kitchen,Cookware,47.82,90.37,2024-12-26
SKU-029,2026-08-03,9.0,90.37,0,813.33,Kitchen,Cookware,47.82,90.37,2024-12-26
SKU-029,2026-08-10,14.0,72.39166666666667,1,1009.6899999999999,Kitchen,Cookware,47.82,90.37,2024-12-26
SKU-029,2026-08-17,7.0,80.28999999999999,1,551.95,Kitchen,Cookware,47.82,90.37,2024-12-26
SKU-029,2026-08-24,8.0,90.37,0,722.96,Kitchen,Cookware,47.82,90.37,2024-12-26
SKU-030,2025-01-27,9.0,35.99,0,323.91,Kitchen,Storage,16.59,35.99,2025-01-30
SKU-030,2025-02-03,4.0,35.99,0,215.94,Kitchen,Storage,16.59,35.99,2025-01-30
SKU-030,2025-02-10,5.0,35.99,0,179.95000000000002,Kitchen,Storage,16.59,35.99,2025-01-30
SKU-030,2025-02-17,18.0,34.69,1,615.32,Kitchen,Storage,16.59,35.99,2025-01-30
SKU-030,2025-02-24,12.0,35.99,0,431.88,Kitchen,Storage,16.59,35.99,2025-01-30
SKU-030,2025-03-03,9.0,35.99,0,323.91,Kitchen,Storage,16.59,35.99,2025-01-30
SKU-030,2025-03-10,12.0,33.825,1,391.78,Kitchen,Storage,16.59,35.99,2025-01-30
SKU-030,2025-03-17,17.0,30.942,1,536.09,Kitchen,Storage,16.59,35.99,2025-01-30
SKU-030,2025-03-24,12.0,35.99,0,431.88,Kitchen,Storage,16.59,35.99,2025-01-30
SKU-030,2025-03-31,9.0,35.99,0,323.91,Kitchen,Storage,16.59,35.99,2025-01-30
SKU-030,2025-04-07,11.0,35.99,0,395.89,Kitchen,Storage,16.59,35.99,2025-01-30
SKU-030,2025-04-14,16.0,35.99,0,575.84,Kitchen,Storage,16.59,35.99,2025-01-30
SKU-030,2025-04-21,12.0,35.99,0,431.88,Kitchen,Storage,16.59,35.99,2025-01-30
SKU-030,2025-04-28,11.0,35.99,0,395.89,Kitchen,Storage,16.59,35.99,2025-01-30
SKU-030,2025-05-05,11.0,35.99,0,395.89,Kitchen,Storage,16.59,35.99,2025-01-30
SKU-030,2025-05-12,14.0,35.99,0,503.86,Kitchen,Storage,16.59,35.99,2025-01-30
SKU-030,2025-05-19,11.0,34.556,1,388.72,Kitchen,Storage,16.59,35.99,2025-01-30
SKU-030,2025-05-26,20.0,32.59666666666667,1,658.76,Kitchen,Storage,16.59,35.99,2025-01-30
SKU-030,2025-06-02,7.0,35.99,0,287.92,Kitchen,Storage,16.59,35.99,2025-01-30
SKU-030,2025-06-09,7.0,35.99,0,359.9,Kitchen,Storage,16.59,35.99,2025-01-30
SKU-030,2025-06-16,7.0,35.99,0,251.93,Kitchen,Storage,16.59,35.99,2025-01-30
SKU-030,2025-06-23,14.0,35.99,0,503.86,Kitchen,Storage,16.59,35.99,2025-01-30
SKU-030,2025-06-30,9.0,30.5625,1,272.28000000000003,Kitchen,Storage,16.59,35.99,2025-01-30
SKU-030,2025-07-07,11.0,34.571666666666665,1,378.87,Kitchen,Storage,16.59,35.99,2025-01-30
SKU-030,2025-07-14,13.0,35.99,0,467.87,Kitchen,Storage,16.59,35.99,2025-01-30
SKU-030,2025-07-21,11.0,35.99,0,395.89,Kitchen,Storage,16.59,35.99,2025-01-30
SKU-030,2025-07-28,15.0,35.99,0,539.85,Kitchen,Storage,16.59,35.99,2025-01-30
SKU-030,2025-08-04,8.0,34.228,1,261.49,Kitchen,Storage,16.59,35.99,2025-01-30
SKU-030,2025-08-11,26.0,29.854285714285712,1,781.06,Kitchen,Storage,16.59,35.99,2025-01-30
SKU-030,2025-08-18,24.0,32.74857142857143,1,762.7,Kitchen,Storage,16.59,35.99,2025-01-30
SKU-030,2025-08-25,8.0,35.99,0,287.92,Kitchen,Storage,16.59,35.99,2025-01-30
SKU-030,2025-09-01,22.0,32.724000000000004,1,671.33,Kitchen,Storage,16.59,35.99,2025-01-30
SKU-030,2025-09-08,19.0,34.84,1,656.21,Kitchen,Storage,16.59,35.99,2025-01-30
SKU-030,2025-09-15,10.0,35.99,0,359.90000000000003,Kitchen,Storage,16.59,35.99,2025-01-30
SKU-030,2025-09-22,16.0,35.99,0,575.84,Kitchen,Storage,16.59,35.99,2025-01-30
SKU-030,2025-09-29,4.0,35.99,0,143.96,Kitchen,Storage,16.59,35.99,2025-01-30
SKU-030,2025-10-06,16.0,33.931666666666665,1,538.68,Kitchen,Storage,16.59,35.99,2025-01-30
SKU-030,2025-10-13,18.0,31.941666666666666,1,550.6500000000001,Kitchen,Storage,16.59,35.99,2025-01-30
SKU-030,2025-10-20,15.0,35.99,0,539.85,Kitchen,Storage,16.59,35.99,2025-01-30
SKU-030,2025-10-27,8.0,35.99,0,287.92,Kitchen,Storage,16.59,35.99,2025-01-30
SKU-030,2025-11-03,12.0,35.99,0,431.88,Kitchen,Storage,16.59,35.99,2025-01-30
SKU-030,2025-11-10,5.0,35.99,0,179.95,Kitchen,Storage,16.59,35.99,2025-01-30
SKU-030,2025-11-17,9.0,35.99,0,323.91,Kitchen,Storage,16.59,35.99,2025-01-30
SKU-030,2025-11-24,25.0,28.934000000000005,1,719.75,Kitchen,Storage,16.59,35.99,2025-01-30
SKU-030,2025-12-01,19.0,35.99,0,719.8,Kitchen,Storage,16.59,35.99,2025-01-30
SKU-030,2025-12-08,11.0,35.99,0,395.89000000000004,Kitchen,Storage,16.59,35.99,2025-01-30
SKU-030,2025-12-15,12.0,29.7825,1,360.49,Kitchen,Storage,16.59,35.99,2025-01-30
SKU-030,2025-12-22,32.0,32.09285714285714,1,978.79,Kitchen,Storage,16.59,35.99,2025-01-30
SKU-030,2025-12-29,21.0,33.056666666666665,1,681.71,Kitchen,Storage,16.59,35.99,2025-01-30
SKU-030,2026-01-05,10.0,35.99,0,359.90000000000003,Kitchen,Storage,16.59,35.99,2025-01-30
SKU-030,2026-01-12,7.0,35.99,0,251.93,Kitchen,Storage,16.59,35.99,2025-01-30
SKU-030,2026-01-19,17.0,35.99,0,611.83,Kitchen,Storage,16.59,35.99,2025-01-30
SKU-030,2026-01-26,7.0,35.99,0,359.9,Kitchen,Storage,16.59,35.99,2025-01-30
SKU-030,2026-02-02,14.0,35.99,0,503.86,Kitchen,Storage,16.59,35.99,2025-01-30
SKU-030,2026-02-09,6.0,35.99,0,215.94,Kitchen,Storage,16.59,35.99,2025-01-30
SKU-030,2026-02-16,10.0,34.410000000000004,1,340.94,Kitchen,Storage,16.59,35.99,2025-01-30
SKU-030,2026-02-23,17.0,35.99,0,611.83,Kitchen,Storage,16.59,35.99,2025-01-30
SKU-030,2026-03-02,24.0,35.99,0,863.76,Kitchen,Storage,16.59,35.99,2025-01-30
SKU-030,2026-03-09,16.0,34.99714285714286,1,561.94,Kitchen,Storage,16.59,35.99,2025-01-30
SKU-030,2026-03-16,14.0,30.123333333333335,1,427.8,Kitchen,Storage,16.59,35.99,2025-01-30
SKU-030,2026-03-23,12.0,35.99,0,431.88,Kitchen,Storage,16.59,35.99,2025-01-30
SKU-030,2026-03-30,9.0,35.99,0,323.91,Kitchen,Storage,16.59,35.99,2025-01-30
SKU-030,2026-04-06,17.0,35.99,0,611.83,Kitchen,Storage,16.59,35.99,2025-01-30
SKU-030,2026-04-13,6.0,35.99,0,215.94000000000003,Kitchen,Storage,16.59,35.99,2025-01-30
SKU-030,2026-04-20,9.0,35.99,0,323.91,Kitchen,Storage,16.59,35.99,2025-01-30
SKU-030,2026-04-27,7.0,35.99,0,251.93,Kitchen,Storage,16.59,35.99,2025-01-30
SKU-030,2026-05-04,6.0,35.99,0,215.94,Kitchen,Storage,16.59,35.99,2025-01-30
SKU-030,2026-05-11,5.0,35.99,0,179.95000000000002,Kitchen,Storage,16.59,35.99,2025-01-30
SKU-030,2026-05-18,11.0,35.99,0,395.89,Kitchen,Storage,16.59,35.99,2025-01-30
SKU-030,2026-05-25,5.0,34.6375,1,174.54000000000002,Kitchen,Storage,16.59,35.99,2025-01-30
SKU-030,2026-06-01,14.0,35.99,0,503.86,Kitchen,Storage,16.59,35.99,2025-01-30
SKU-030,2026-06-08,12.0,35.99,0,431.88,Kitchen,Storage,16.59,35.99,2025-01-30
SKU-030,2026-06-15,7.0,35.99,0,251.93,Kitchen,Storage,16.59,35.99,2025-01-30
SKU-030,2026-06-22,10.0,35.99,0,359.90000000000003,Kitchen,Storage,16.59,35.99,2025-01-30
SKU-030,2026-06-29,16.0,31.995,1,503.45,Kitchen,Storage,16.59,35.99,2025-01-30
SKU-030,2026-07-06,18.0,33.85,1,609.3,Kitchen,Storage,16.59,35.99,2025-01-30
SKU-030,2026-07-13,12.0,35.99,0,431.88,Kitchen,Storage,16.59,35.99,2025-01-30
SKU-030,2026-07-20,11.0,35.99,0,395.89,Kitchen,Storage,16.59,35.99,2025-01-30
SKU-030,2026-07-27,15.0,35.99,0,539.85,Kitchen,Storage,16.59,35.99,2025-01-30
SKU-030,2026-08-03,9.0,35.99,0,323.91,Kitchen,Storage,16.59,35.99,2025-01-30
SKU-030,2026-08-10,17.0,28.276,1,481.33000000000004,Kitchen,Storage,16.59,35.99,2025-01-30
SKU-030,2026-08-17,22.0,32.010000000000005,1,695.3399999999999,Kitchen,Storage,16.59,35.99,2025-01-30
SKU-030,2026-08-24,14.0,35.99,0,503.86,Kitchen,Storage,16.59,35.99,2025-01-30
SKU-030,2026-08-31,4.0,35.99,0,143.96,Kitchen,Storage,16.59,35.99,2025-01-30
SKU-031,2024-05-13,21.0,142.48,0,5129.28,Kitchen,Utensils,58.15,142.48,2024-05-16
SKU-031,2024-05-20,71.0,137.798,1,9624.47,Kitchen,Utensils,58.15,142.48,2024-05-16
SKU-031,2024-05-27,65.0,135.688,1,8446.16,Kitchen,Utensils,58.15,142.48,2024-05-16
SKU-031,2024-06-03,63.0,142.48,0,8976.24,Kitchen,Utensils,58.15,142.48,2024-05-16
SKU-031,2024-06-10,53.0,142.48,0,7551.4400000000005,Kitchen,Utensils,58.15,142.48,2024-05-16
SKU-031,2024-06-17,51.0,142.48,0,7266.48,Kitchen,Utensils,58.15,142.48,2024-05-16
SKU-031,2024-06-24,75.0,142.48,0,10686.0,Kitchen,Utensils,58.15,142.48,2024-05-16
SKU-031,2024-07-01,79.0,117.215,1,9267.630000000001,Kitchen,Utensils,58.15,142.48,2024-05-16
SKU-031,2024-07-08,70.0,142.48,0,9973.6,Kitchen,Utensils,58.15,142.48,2024-05-16
SKU-031,2024-07-15,36.0,142.48,0,5129.28,Kitchen,Utensils,58.15,142.48,2024-05-16
SKU-031,2024-07-22,40.0,142.48,0,5699.2,Kitchen,Utensils,58.15,142.48,2024-05-16
SKU-031,2024-07-29,55.0,142.48,0,7836.4,Kitchen,Utensils,58.15,142.48,2024-05-16
SKU-031,2024-08-05,42.0,136.7625,1,5709.719999999999,Kitchen,Utensils,58.15,142.48,2024-05-16
SKU-031,2024-08-12,55.0,115.49600000000001,1,8017.32,Kitchen,Utensils,58.15,142.48,2024-05-16
SKU-031,2024-08-19,50.0,132.16,1,6564.26,Kitchen,Utensils,58.15,142.48,2024-05-16
SKU-031,2024-08-26,29.0,142.48,0,4131.92,Kitchen,Utensils,58.15,142.48,2024-05-16
SKU-031,2024-09-02,79.0,132.98,1,10210.99,Kitchen,Utensils,58.15,142.48,2024-05-16
SKU-031,2024-09-09,69.0,136.655,1,8992.32,Kitchen,Utensils,58.15,142.48,2024-05-16
SKU-031,2024-09-16,56.0,142.48,0,7978.879999999999,Kitchen,Utensils,58.15,142.48,2024-05-16
SKU-031,2024-09-23,50.0,142.48,0,7124.0,Kitchen,Utensils,58.15,142.48,2024-05-16
SKU-031,2024-09-30,57.0,142.48,0,10258.56,Kitchen,Utensils,58.15,142.48,2024-05-16
SKU-031,2024-10-07,80.0,131.0,1,10262.68,Kitchen,Utensils,58.15,142.48,2024-05-16
SKU-031,2024-10-14,49.0,123.71,1,6039.77,Kitchen,Utensils,58.15,142.48,2024-05-16
SKU-031,2024-10-21,30.0,142.48,0,4274.4,Kitchen,Utensils,58.15,142.48,2024-05-16
SKU-031,2024-10-28,50.0,142.48,0,7124.0,Kitchen,Utensils,58.15,142.48,2024-05-16
SKU-031,2024-11-04,55.0,142.48,0,7836.4,Kitchen,Utensils,58.15,142.48,2024-05-16
SKU-031,2024-11-11,59.0,142.48,0,8406.32,Kitchen,Utensils,58.15,142.48,2024-05-16
SKU-031,2024-11-18,89.0,134.99666666666667,1,11524.95,Kitchen,Utensils,58.15,142.48,2024-05-16
SKU-031,2024-11-25,88.0,122.47333333333331,1,12092.859999999999,Kitchen,Utensils,58.15,142.48,2024-05-16
SKU-031,2024-12-02,79.0,142.48,0,11255.92,Kitchen,Utensils,58.15,142.48,2024-05-16
SKU-031,2024-12-09,106.0,137.99666666666667,1,14134.48,Kitchen,Utensils,58.15,142.48,2024-05-16
SKU-031,2024-12-16,101.0,119.09,1,12116.79,Kitchen,Utensils,58.15,142.48,2024-05-16
SKU-031,2024-12-23,88.0,132.158,1,11327.099999999999,Kitchen,Utensils,58.15,142.48,2024-05-16
SKU-031,2024-12-30,90.0,130.85142857142858,1,11762.89,Kitchen,Utensils,58.15,142.48,2024-05-16
SKU-031,2025-01-06,59.0,142.48,0,8406.32,Kitchen,Utensils,58.15,142.48,2024-05-16
SKU-031,2025-01-13,43.0,142.48,0,7408.96,Kitchen,Utensils,58.15,142.48,2024-05-16
SKU-031,2025-01-20,69.0,142.48,0,9831.119999999999,Kitchen,Utensils,58.15,142.48,2024-05-16
SKU-031,2025-01-27,64.0,142.48,0,9118.72,Kitchen,Utensils,58.15,142.48,2024-05-16
SKU-031,2025-02-03,71.0,142.48,0,10116.08,Kitchen,Utensils,58.15,142.48,2024-05-16
SKU-031,2025-02-10,16.0,142.48,0,2279.68,Kitchen,Utensils,58.15,142.48,2024-05-16
SKU-031,2025-02-17,54.0,136.305,1,7076.42,Kitchen,Utensils,58.15,142.48,2024-05-16
SKU-031,2025-02-24,61.0,142.48,0,8691.279999999999,Kitchen,Utensils,58.15,142.48,2024-05-16
SKU-031,2025-03-03,45.0,142.48,0,6411.599999999999,Kitchen,Utensils,58.15,142.48,2024-05-16
SKU-031,2025-03-10,66.0,132.82333333333332,1,8461.18,Kitchen,Utensils,58.15,142.48,2024-05-16
SKU-031,2025-03-17,88.0,120.694,1,10430.16,Kitchen,Utensils,58.15,142.48,2024-05-16
SKU-031,2025-03-24,60.0,142.48,0,8548.8,Kitchen,Utensils,58.15,142.48,2024-05-16
SKU-031,2025-03-31,43.0,142.48,0,6126.639999999999,Kitchen,Utensils,58.15,142.48,2024-05-16
SKU-031,2025-04-07,37.0,142.48,0,5271.76,Kitchen,Utensils,58.15,142.48,2024-05-16
SKU-031,2025-04-14,36.0,142.48,0,6411.6,Kitchen,Utensils,58.15,142.48,2024-05-16
SKU-031,2025-04-21,42.0,142.48,0,7693.92,Kitchen,Utensils,58.15,142.48,2024-05-16
SKU-031,2025-04-28,59.0,142.48,0,8406.32,Kitchen,Utensils,58.15,142.48,2024-05-16
SKU-031,2025-05-05,63.0,142.48,0,8976.24,Kitchen,Utensils,58.15,142.48,2024-05-16
SKU-031,2025-05-12,62.0,142.48,0,8833.76,Kitchen,Utensils,58.15,142.48,2024-05-16
SKU-031,2025-05-19,61.0,139.64666666666665,1,8504.28,Kitchen,Utensils,58.15,142.48,2024-05-16
SKU-031,2025-05-26,44.0,124.035,1,5469.0,Kitchen,Utensils,58.15,142.48,2024-05-16
SKU-031,2025-06-02,50.0,142.48,0,7124.0,Kitchen,Utensils,58.15,142.48,2024-05-16
SKU-031,2025-06-09,39.0,142.48,0,5556.719999999999,Kitchen,Utensils,58.15,142.48,2024-05-16
SKU-031,2025-06-16,52.0,142.48,0,8263.84,Kitchen,Utensils,58.15,142.48,2024-05-16
SKU-031,2025-06-23,31.0,142.48,0,4416.88,Kitchen,Utensils,58.15,142.48,2024-05-16
SKU-031,2025-06-30,115.0,121.47500000000001,1,13948.44,Kitchen,Utensils,58.15,142.48,2024-05-16
SKU-031,2025-07-07,64.0,138.86999999999998,1,8847.97,Kitchen,Utensils,58.15,142.48,2024-05-16
SKU-031,2025-07-14,36.0,142.48,0,5129.28,Kitchen,Utensils,58.15,142.48,2024-05-16
SKU-031,2025-07-21,44.0,142.48,0,6269.12,Kitchen,Utensils,58.15,142.48,2024-05-16
SKU-031,2025-07-28,49.0,142.48,0,6981.5199999999995,Kitchen,Utensils,58.15,142.48,2024-05-16
SKU-031,2025-08-04,50.0,133.815,1,6638.76,Kitchen,Utensils,58.15,142.48,2024-05-16
SKU-031,2025-08-11,55.0,119.72999999999999,1,8475.89,Kitchen,Utensils,58.15,142.48,2024-05-16
SKU-031,2025-08-18,88.0,131.00799999999998,1,11246.02,Kitchen,Utensils,58.15,142.48,2024-05-16
SKU-031,2025-08-25,80.0,142.48,0,11398.4,Kitchen,Utensils,58.15,142.48,2024-05-16
SKU-031,2025-09-01,63.0,139.578,1,8758.59,Kitchen,Utensils,58.15,142.48,2024-05-16
SKU-031,2025-09-08,69.0,134.154,1,9098.24,Kitchen,Utensils,58.15,142.48,2024-05-16
SKU-031,2025-09-15,34.0,142.48,0,4844.32,Kitchen,Utensils,58.15,142.48,2024-05-16
SKU-031,2025-09-22,63.0,142.48,0,8976.24,Kitchen,Utensils,58.15,142.48,2024-05-16
SKU-031,2025-09-29,58.0,142.48,0,8263.84,Kitchen,Utensils,58.15,142.48,2024-05-16
SKU-031,2025-10-06,66.0,132.35,1,8612.5,Kitchen,Utensils,58.15,142.48,2024-05-16
SKU-031,2025-10-13,55.0,132.878,1,7178.04,Kitchen,Utensils,58.15,142.48,2024-05-16
SKU-031,2025-10-20,61.0,142.48,0,8691.279999999999,Kitchen,Utensils,58.15,142.48,2024-05-16
SKU-031,2025-10-27,35.0,142.48,0,4986.8,Kitchen,Utensils,58.15,142.48,2024-05-16
SKU-031,2025-11-03,75.0,142.48,0,10686.0,Kitchen,Utensils,58.15,142.48,2024-05-16
SKU-031,2025-11-10,58.0,142.48,0,8263.84,Kitchen,Utensils,58.15,142.48,2024-05-16
SKU-031,2025-11-17,55.0,135.16,1,7265.44,Kitchen,Utensils,58.15,142.48,2024-05-16
SKU-031,2025-11-24,66.0,120.39,1,7943.49,Kitchen,Utensils,58.15,142.48,2024-05-16
SKU-031,2025-12-01,59.0,142.48,0,8406.32,Kitchen,Utensils,58.15,142.48,2024-05-16
SKU-031,2025-12-08,62.0,142.48,0,8833.76,Kitchen,Utensils,58.15,142.48,2024-05-16
SKU-031,2025-12-15,160.0,121.03714285714285,1,19310.170000000002,Kitchen,Utensils,58.15,142.48,2024-05-16
SKU-031,2025-12-22,97.0,123.58,1,11733.0,Kitchen,Utensils,58.15,142.48,2024-05-16
SKU-031,2025-12-29,62.0,135.70499999999998,1,8454.36,Kitchen,Utensils,58.15,142.48,2024-05-16
SKU-031,2026-01-05,40.0,142.48,0,5699.2,Kitchen,Utensils,58.15,142.48,2024-05-16
SKU-031,2026-01-12,49.0,142.48,0,6981.5199999999995,Kitchen,Utensils,58.15,142.48,2024-05-16
SKU-031,2026-01-19,42.0,142.48,0,5984.16,Kitchen,Utensils,58.15,142.48,2024-05-16
SKU-031,2026-01-26,42.0,142.48,0,5984.16,Kitchen,Utensils,58.15,142.48,2024-05-16
SKU-031,2026-02-02,44.0,142.48,0,6269.12,Kitchen,Utensils,58.15,142.48,2024-05-16
SKU-031,2026-02-09,48.0,142.48,0,6839.04,Kitchen,Utensils,58.15,142.48,2024-05-16
SKU-031,2026-02-16,86.0,134.87666666666667,1,11330.539999999999,Kitchen,Utensils,58.15,142.48,2024-05-16
SKU-031,2026-02-23,57.0,142.48,0,9546.16,Kitchen,Utensils,58.15,142.48,2024-05-16
SKU-031,2026-03-02,55.0,142.48,0,7836.4,Kitchen,Utensils,58.15,142.48,2024-05-16
SKU-031,2026-03-09,62.0,142.48,0,8833.76,Kitchen,Utensils,58.15,142.48,2024-05-16
SKU-031,2026-03-16,45.0,124.83749999999999,1,5608.9400000000005,Kitchen,Utensils,58.15,142.48,2024-05-16
SKU-031,2026-03-23,53.0,142.48,0,7551.44,Kitchen,Utensils,58.15,142.48,2024-05-16
SKU-031,2026-03-30,65.0,142.48,0,9261.199999999999,Kitchen,Utensils,58.15,142.48,2024-05-16
SKU-031,2026-04-06,56.0,142.48,0,7978.88,Kitchen,Utensils,58.15,142.48,2024-05-16
SKU-031,2026-04-13,39.0,142.48,0,5556.72,Kitchen,Utensils,58.15,142.48,2024-05-16
SKU-031,2026-04-20,63.0,142.48,0,8976.24,Kitchen,Utensils,58.15,142.48,2024-05-16
SKU-031,2026-04-27,68.0,142.48,0,9688.64,Kitchen,Utensils,58.15,142.48,2024-05-16
SKU-031,2026-05-04,58.0,142.48,0,8263.84,Kitchen,Utensils,58.15,142.48,2024-05-16
SKU-031,2026-05-11,48.0,142.48,0,6839.04,Kitchen,Utensils,58.15,142.48,2024-05-16
SKU-031,2026-05-18,45.0,142.48,0,6839.04,Kitchen,Utensils,58.15,142.48,2024-05-16
SKU-031,2026-05-25,60.0,131.17499999999998,1,7725.459999999999,Kitchen,Utensils,58.15,142.48,2024-05-16
SKU-031,2026-06-01,69.0,142.48,0,9831.119999999999,Kitchen,Utensils,58.15,142.48,2024-05-16
SKU-031,2026-06-08,37.0,142.48,0,5271.76,Kitchen,Utensils,58.15,142.48,2024-05-16
SKU-031,2026-06-15,26.0,142.48,0,3704.4799999999996,Kitchen,Utensils,58.15,142.48,2024-05-16
SKU-031,2026-06-22,25.0,142.48,0,3562.0,Kitchen,Utensils,58.15,142.48,2024-05-16
SKU-031,2026-06-29,58.0,122.61,1,7057.9,Kitchen,Utensils,58.15,142.48,2024-05-16
SKU-031,2026-07-06,62.0,134.76166666666666,1,8308.93,Kitchen,Utensils,58.15,142.48,2024-05-16
SKU-031,2026-07-13,71.0,142.48,0,10116.08,Kitchen,Utensils,58.15,142.48,2024-05-16
SKU-031,2026-07-20,72.0,142.48,0,10258.56,Kitchen,Utensils,58.15,142.48,2024-05-16
SKU-031,2026-07-27,54.0,142.48,0,7693.92,Kitchen,Utensils,58.15,142.48,2024-05-16
SKU-031,2026-08-03,44.0,142.48,0,6269.12,Kitchen,Utensils,58.15,142.48,2024-05-16
SKU-031,2026-08-10,99.0,120.25166666666667,1,11946.99,Kitchen,Utensils,58.15,142.48,2024-05-16
SKU-031,2026-08-17,96.0,129.62285714285716,1,12580.72,Kitchen,Utensils,58.15,142.48,2024-05-16
SKU-031,2026-08-24,57.0,142.48,0,8121.36,Kitchen,Utensils,58.15,142.48,2024-05-16
SKU-031,2026-08-31,9.0,142.48,0,1282.32,Kitchen,Utensils,58.15,142.48,2024-05-16
SKU-032,2024-01-01,92.0,82.962,1,7369.27,Kitchen,Utensils,45.07,93.71,2023-02-16
SKU-032,2024-01-08,69.0,93.71,0,6465.99,Kitchen,Utensils,45.07,93.71,2023-02-16
SKU-032,2024-01-15,54.0,93.71,0,5060.34,Kitchen,Utensils,45.07,93.71,2023-02-16
SKU-032,2024-01-22,83.0,93.71,0,7777.929999999999,Kitchen,Utensils,45.07,93.71,2023-02-16
SKU-032,2024-01-29,42.0,93.71,0,3935.8199999999997,Kitchen,Utensils,45.07,93.71,2023-02-16
SKU-032,2024-02-05,53.0,93.71,0,4966.63,Kitchen,Utensils,45.07,93.71,2023-02-16
SKU-032,2024-02-12,67.0,77.32000000000001,1,5223.4,Kitchen,Utensils,45.07,93.71,2023-02-16
SKU-032,2024-02-19,53.0,86.28666666666668,1,4454.42,Kitchen,Utensils,45.07,93.71,2023-02-16
SKU-032,2024-02-26,76.0,93.71,0,7121.96,Kitchen,Utensils,45.07,93.71,2023-02-16
SKU-032,2024-03-04,32.0,93.71,0,2998.7200000000003,Kitchen,Utensils,45.07,93.71,2023-02-16
SKU-032,2024-03-11,124.0,86.14,1,10499.46,Kitchen,Utensils,45.07,93.71,2023-02-16
SKU-032,2024-03-18,100.0,79.412,1,7677.09,Kitchen,Utensils,45.07,93.71,2023-02-16
SKU-032,2024-03-25,94.0,93.71,0,8808.74,Kitchen,Utensils,45.07,93.71,2023-02-16
SKU-032,2024-04-01,63.0,93.71,0,7121.96,Kitchen,Utensils,45.07,93.71,2023-02-16
SKU-032,2024-04-08,40.0,93.71,0,4872.92,Kitchen,Utensils,45.07,93.71,2023-02-16
SKU-032,2024-04-15,73.0,93.71,0,6840.83,Kitchen,Utensils,45.07,93.71,2023-02-16
SKU-032,2024-04-22,52.0,93.71,0,4872.92,Kitchen,Utensils,45.07,93.71,2023-02-16
SKU-032,2024-04-29,100.0,93.71,0,9371.0,Kitchen,Utensils,45.07,93.71,2023-02-16
SKU-032,2024-05-06,57.0,93.71,0,5341.47,Kitchen,Utensils,45.07,93.71,2023-02-16
SKU-032,2024-05-13,69.0,93.71,0,6465.99,Kitchen,Utensils,45.07,93.71,2023-02-16
SKU-032,2024-05-20,72.0,93.71,0,6747.12,Kitchen,Utensils,45.07,93.71,2023-02-16
SKU-032,2024-05-27,69.0,91.035,1,6187.79,Kitchen,Utensils,45.07,93.71,2023-02-16
SKU-032,2024-06-03,52.0,93.71,0,4872.92,Kitchen,Utensils,45.07,93.71,2023-02-16
SKU-032,2024-06-10,39.0,93.71,0,3654.6899999999996,Kitchen,Utensils,45.07,93.71,2023-02-16
SKU-032,2024-06-17,75.0,93.71,0,7028.25,Kitchen,Utensils,45.07,93.71,2023-02-16
SKU-032,2024-06-24,86.0,93.71,0,8059.0599999999995,Kitchen,Utensils,45.07,93.71,2023-02-16
SKU-032,2024-07-01,119.0,80.256,1,9579.18,Kitchen,Utensils,45.07,93.71,2023-02-16
SKU-032,2024-07-08,54.0,93.71,0,5060.34,Kitchen,Utensils,45.07,93.71,2023-02-16
SKU-032,2024-07-15,65.0,93.71,0,6091.15,Kitchen,Utensils,45.07,93.71,2023-02-16
SKU-032,2024-07-22,46.0,93.71,0,4310.66,Kitchen,Utensils,45.07,93.71,2023-02-16
SKU-032,2024-07-29,69.0,93.71,0,6465.99,Kitchen,Utensils,45.07,93.71,2023-02-16
SKU-032,2024-08-05,52.0,93.71,0,4872.92,Kitchen,Utensils,45.07,93.71,2023-02-16
SKU-032,2024-08-12,81.0,76.88,1,6289.92,Kitchen,Utensils,45.07,93.71,2023-02-16
SKU-032,2024-08-19,38.0,93.71,0,5154.05,Kitchen,Utensils,45.07,93.71,2023-02-16
SKU-032,2024-08-26,82.0,93.71,0,7684.219999999999,Kitchen,Utensils,45.07,93.71,2023-02-16
SKU-032,2024-09-02,65.0,82.42,1,5313.31,Kitchen,Utensils,45.07,93.71,2023-02-16
SKU-032,2024-09-09,89.0,90.842,1,7996.03,Kitchen,Utensils,45.07,93.71,2023-02-16
SKU-032,2024-09-16,38.0,93.71,0,4779.21,Kitchen,Utensils,45.07,93.71,2023-02-16
SKU-032,2024-09-23,61.0,93.71,0,5716.3099999999995,Kitchen,Utensils,45.07,93.71,2023-02-16
SKU-032,2024-09-30,71.0,93.71,0,6653.41,Kitchen,Utensils,45.07,93.71,2023-02-16
SKU-032,2024-10-07,145.0,84.37428571428572,1,11835.56,Kitchen,Utensils,45.07,93.71,2023-02-16
SKU-032,2024-10-14,76.0,84.015,1,8867.68,Kitchen,Utensils,45.07,93.71,2023-02-16
SKU-032,2024-10-21,45.0,93.71,0,4216.95,Kitchen,Utensils,45.07,93.71,2023-02-16
SKU-032,2024-10-28,94.0,93.71,0,8808.74,Kitchen,Utensils,45.07,93.71,2023-02-16
SKU-032,2024-11-04,74.0,93.71,0,6934.54,Kitchen,Utensils,45.07,93.71,2023-02-16
SKU-032,2024-11-11,123.0,93.71,0,11526.33,Kitchen,Utensils,45.07,93.71,2023-02-16
SKU-032,2024-11-18,101.0,84.7875,1,8404.39,Kitchen,Utensils,45.07,93.71,2023-02-16
SKU-032,2024-11-25,139.0,80.678,1,11077.59,Kitchen,Utensils,45.07,93.71,2023-02-16
SKU-032,2024-12-02,79.0,93.71,0,7403.09,Kitchen,Utensils,45.07,93.71,2023-02-16
SKU-032,2024-12-09,122.0,91.01666666666665,1,11044.779999999999,Kitchen,Utensils,45.07,93.71,2023-02-16
SKU-032,2024-12-16,205.0,78.12666666666667,1,15985.46,Kitchen,Utensils,45.07,93.71,2023-02-16
SKU-032,2024-12-23,65.0,82.68666666666667,1,5292.139999999999,Kitchen,Utensils,45.07,93.71,2023-02-16
SKU-032,2024-12-30,70.0,90.544,1,6211.44,Kitchen,Utensils,45.07,93.71,2023-02-16
SKU-032,2025-01-06,15.0,93.71,0,1405.65,Kitchen,Utensils,45.07,93.71,2023-02-16
SKU-032,2025-01-13,52.0,93.71,0,4872.92,Kitchen,Utensils,45.07,93.71,2023-02-16
SKU-032,2025-01-20,64.0,93.71,0,5997.44,Kitchen,Utensils,45.07,93.71,2023-02-16
SKU-032,2025-01-27,69.0,93.71,0,6465.99,Kitchen,Utensils,45.07,93.71,2023-02-16
SKU-032,2025-02-03,89.0,93.71,0,8340.189999999999,Kitchen,Utensils,45.07,93.71,2023-02-16
SKU-032,2025-02-10,84.0,93.71,0,7871.64,Kitchen,Utensils,45.07,93.71,2023-02-16
SKU-032,2025-02-17,105.0,90.69,1,9314.07,Kitchen,Utensils,45.07,93.71,2023-02-16
SKU-032,2025-02-24,63.0,93.71,0,5903.73,Kitchen,Utensils,45.07,93.71,2023-02-16
SKU-032,2025-03-03,87.0,93.71,0,8152.77,Kitchen,Utensils,45.07,93.71,2023-02-16
SKU-032,2025-03-10,84.0,90.95599999999999,1,7554.929999999999,Kitchen,Utensils,45.07,93.71,2023-02-16
SKU-032,2025-03-17,62.0,82.572,1,7344.82,Kitchen,Utensils,45.07,93.71,2023-02-16
SKU-032,2025-03-24,89.0,93.71,0,8340.19,Kitchen,Utensils,45.07,93.71,2023-02-16
SKU-032,2025-03-31,46.0,93.71,0,5997.4400000000005,Kitchen,Utensils,45.07,93.71,2023-02-16
SKU-032,2025-04-07,51.0,93.71,0,4779.21,Kitchen,Utensils,45.07,93.71,2023-02-16
SKU-032,2025-04-14,62.0,93.71,0,7028.25,Kitchen,Utensils,45.07,93.71,2023-02-16
SKU-032,2025-04-21,56.0,93.71,0,6372.280000000001,Kitchen,Utensils,45.07,93.71,2023-02-16
SKU-032,2025-04-28,55.0,93.71,0,5154.05,Kitchen,Utensils,45.07,93.71,2023-02-16
SKU-032,2025-05-05,23.0,93.71,0,2155.33,Kitchen,Utensils,45.07,93.71,2023-02-16
SKU-032,2025-05-12,94.0,93.71,0,8808.74,Kitchen,Utensils,45.07,93.71,2023-02-16
SKU-032,2025-05-19,82.0,93.71,0,7684.22,Kitchen,Utensils,45.07,93.71,2023-02-16
SKU-032,2025-05-26,112.0,80.61800000000001,1,8843.82,Kitchen,Utensils,45.07,93.71,2023-02-16
SKU-032,2025-06-02,50.0,93.71,0,4685.5,Kitchen,Utensils,45.07,93.71,2023-02-16
SKU-032,2025-06-09,79.0,93.71,0,8527.61,Kitchen,Utensils,45.07,93.71,2023-02-16
SKU-032,2025-06-16,91.0,93.71,0,8527.61,Kitchen,Utensils,45.07,93.71,2023-02-16
SKU-032,2025-06-23,64.0,93.71,0,5997.4400000000005,Kitchen,Utensils,45.07,93.71,2023-02-16
SKU-032,2025-06-30,124.0,80.41,1,9906.75,Kitchen,Utensils,45.07,93.71,2023-02-16
SKU-032,2025-07-07,44.0,93.71,0,4123.24,Kitchen,Utensils,45.07,93.71,2023-02-16
SKU-032,2025-07-14,90.0,93.71,0,8433.9,Kitchen,Utensils,45.07,93.71,2023-02-16
SKU-032,2025-07-21,96.0,93.71,0,8996.16,Kitchen,Utensils,45.07,93.71,2023-02-16
SKU-032,2025-07-28,57.0,93.71,0,5341.47,Kitchen,Utensils,45.07,93.71,2023-02-16
SKU-032,2025-08-04,44.0,90.28666666666668,1,3928.1099999999997,Kitchen,Utensils,45.07,93.71,2023-02-16
SKU-032,2025-08-11,85.0,77.744,1,8875.72,Kitchen,Utensils,45.07,93.71,2023-02-16
SKU-032,2025-08-18,68.0,82.29666666666667,1,5507.9400000000005,Kitchen,Utensils,45.07,93.71,2023-02-16
SKU-032,2025-08-25,77.0,93.71,0,7215.67,Kitchen,Utensils,45.07,93.71,2023-02-16
SKU-032,2025-09-01,40.0,93.71,0,3748.4,Kitchen,Utensils,45.07,93.71,2023-02-16
SKU-032,2025-09-08,46.0,93.71,0,4310.66,Kitchen,Utensils,45.07,93.71,2023-02-16
SKU-032,2025-09-15,47.0,93.71,0,4404.37,Kitchen,Utensils,45.07,93.71,2023-02-16
SKU-032,2025-09-22,57.0,93.71,0,5341.47,Kitchen,Utensils,45.07,93.71,2023-02-16
SKU-032,2025-09-29,76.0,93.71,0,7121.96,Kitchen,Utensils,45.07,93.71,2023-02-16
SKU-032,2025-10-06,86.0,89.756,1,7505.5,Kitchen,Utensils,45.07,93.71,2023-02-16
SKU-032,2025-10-13,77.0,82.8775,1,6278.58,Kitchen,Utensils,45.07,93.71,2023-02-16
SKU-032,2025-10-20,94.0,93.71,0,8808.74,Kitchen,Utensils,45.07,93.71,2023-02-16
SKU-032,2025-10-27,52.0,93.71,0,7121.96,Kitchen,Utensils,45.07,93.71,2023-02-16
SKU-032,2025-11-03,104.0,93.71,0,9745.84,Kitchen,Utensils,45.07,93.71,2023-02-16
SKU-032,2025-11-10,63.0,93.71,0,7965.35,Kitchen,Utensils,45.07,93.71,2023-02-16
SKU-032,2025-11-17,53.0,89.00999999999999,1,4675.23,Kitchen,Utensils,45.07,93.71,2023-02-16
SKU-032,2025-11-24,102.0,73.585,1,9259.8,Kitchen,Utensils,45.07,93.71,2023-02-16
SKU-032,2025-12-01,106.0,93.71,0,9933.26,Kitchen,Utensils,45.07,93.71,2023-02-16
SKU-032,2025-12-08,64.0,93.71,0,5997.4400000000005,Kitchen,Utensils,45.07,93.71,2023-02-16
SKU-032,2025-12-15,156.0,74.446,1,11566.93,Kitchen,Utensils,45.07,93.71,2023-02-16
SKU-032,2025-12-22,108.0,87.16499999999999,1,9282.56,Kitchen,Utensils,45.07,93.71,2023-02-16
SKU-032,2025-12-29,108.0,90.52,1,9578.380000000001,Kitchen,Utensils,45.07,93.71,2023-02-16
SKU-032,2026-01-05,43.0,93.71,0,4029.5299999999997,Kitchen,Utensils,45.07,93.71,2023-02-16
SKU-032,2026-01-12,73.0,93.71,0,6840.83,Kitchen,Utensils,45.07,93.71,2023-02-16
SKU-032,2026-01-19,72.0,93.71,0,6747.12,Kitchen,Utensils,45.07,93.71,2023-02-16
SKU-032,2026-01-26,49.0,93.71,0,4591.79,Kitchen,Utensils,45.07,93.71,2023-02-16
SKU-032,2026-02-02,57.0,93.71,0,5341.47,Kitchen,Utensils,45.07,93.71,2023-02-16
SKU-032,2026-02-09,78.0,93.71,0,7309.38,Kitchen,Utensils,45.07,93.71,2023-02-16
SKU-032,2026-02-16,66.0,89.53999999999999,1,5851.26,Kitchen,Utensils,45.07,93.71,2023-02-16
SKU-032,2026-02-23,49.0,93.71,0,4591.79,Kitchen,Utensils,45.07,93.71,2023-02-16
SKU-032,2026-03-02,85.0,93.71,0,7965.35,Kitchen,Utensils,45.07,93.71,2023-02-16
SKU-032,2026-03-09,36.0,93.71,0,3373.56,Kitchen,Utensils,45.07,93.71,2023-02-16
SKU-032,2026-03-16,104.0,77.334,1,8060.780000000001,Kitchen,Utensils,45.07,93.71,2023-02-16
SKU-032,2026-03-23,64.0,93.71,0,5997.4400000000005,Kitchen,Utensils,45.07,93.71,2023-02-16
SKU-032,2026-03-30,66.0,93.71,0,6184.860000000001,Kitchen,Utensils,45.07,93.71,2023-02-16
SKU-032,2026-04-06,55.0,93.71,0,6372.28,Kitchen,Utensils,45.07,93.71,2023-02-16
SKU-032,2026-04-13,77.0,93.71,0,7215.67,Kitchen,Utensils,45.07,93.71,2023-02-16
SKU-032,2026-04-20,85.0,93.71,0,7965.35,Kitchen,Utensils,45.07,93.71,2023-02-16
SKU-032,2026-04-27,47.0,93.71,0,4404.37,Kitchen,Utensils,45.07,93.71,2023-02-16
SKU-032,2026-05-04,82.0,93.71,0,7684.22,Kitchen,Utensils,45.07,93.71,2023-02-16
SKU-032,2026-05-11,62.0,93.71,0,5810.02,Kitchen,Utensils,45.07,93.71,2023-02-16
SKU-032,2026-05-18,100.0,91.81833333333333,1,9007.8,Kitchen,Utensils,45.07,93.71,2023-02-16
SKU-032,2026-05-25,17.0,93.71,0,1593.07,Kitchen,Utensils,45.07,93.71,2023-02-16
SKU-032,2026-06-01,66.0,93.71,0,6184.86,Kitchen,Utensils,45.07,93.71,2023-02-16
SKU-032,2026-06-08,12.0,93.71,0,2249.04,Kitchen,Utensils,45.07,93.71,2023-02-16
SKU-032,2026-06-15,95.0,93.71,0,8902.45,Kitchen,Utensils,45.07,93.71,2023-02-16
SKU-032,2026-06-22,46.0,93.71,0,4310.66,Kitchen,Utensils,45.07,93.71,2023-02-16
SKU-032,2026-06-29,102.0,85.556,1,8717.33,Kitchen,Utensils,45.07,93.71,2023-02-16
SKU-032,2026-07-06,94.0,87.46,1,8027.49,Kitchen,Utensils,45.07,93.71,2023-02-16
SKU-032,2026-07-13,36.0,93.71,0,3373.56,Kitchen,Utensils,45.07,93.71,2023-02-16
SKU-032,2026-07-20,58.0,93.71,0,5435.18,Kitchen,Utensils,45.07,93.71,2023-02-16
SKU-032,2026-07-27,59.0,93.71,0,5528.89,Kitchen,Utensils,45.07,93.71,2023-02-16
SKU-032,2026-08-03,64.0,93.71,0,5997.4400000000005,Kitchen,Utensils,45.07,93.71,2023-02-16
SKU-032,2026-08-10,90.0,76.152,1,8856.38,Kitchen,Utensils,45.07,93.71,2023-02-16
SKU-032,2026-08-17,72.0,86.24333333333334,1,6062.78,Kitchen,Utensils,45.07,93.71,2023-02-16
SKU-032,2026-08-24,88.0,93.71,0,8246.48,Kitchen,Utensils,45.07,93.71,2023-02-16
SKU-032,2026-08-31,13.0,93.71,0,1218.23,Kitchen,Utensils,45.07,93.71,2023-02-16
SKU-033,2024-01-29,9.0,66.56,0,599.04,Kitchen,Utensils,30.78,66.56,2024-02-04
SKU-033,2024-02-05,61.0,66.56,0,4060.16,Kitchen,Utensils,30.78,66.56,2024-02-04
SKU-033,2024-02-12,70.0,59.6475,1,4159.95,Kitchen,Utensils,30.78,66.56,2024-02-04
SKU-033,2024-02-19,35.0,62.245000000000005,1,2139.74,Kitchen,Utensils,30.78,66.56,2024-02-04
SKU-033,2024-02-26,46.0,66.56,0,3061.76,Kitchen,Utensils,30.78,66.56,2024-02-04
SKU-033,2024-03-04,40.0,66.56,0,2662.4,Kitchen,Utensils,30.78,66.56,2024-02-04
SKU-033,2024-03-11,58.0,62.41,1,3570.52,Kitchen,Utensils,30.78,66.56,2024-02-04
SKU-033,2024-03-18,85.0,56.6,1,4733.98,Kitchen,Utensils,30.78,66.56,2024-02-04
SKU-033,2024-03-25,52.0,66.56,0,3461.12,Kitchen,Utensils,30.78,66.56,2024-02-04
SKU-033,2024-04-01,92.0,66.56,0,6123.5199999999995,Kitchen,Utensils,30.78,66.56,2024-02-04
SKU-033,2024-04-08,44.0,66.56,0,2928.64,Kitchen,Utensils,30.78,66.56,2024-02-04
SKU-033,2024-04-15,42.0,66.56,0,2795.52,Kitchen,Utensils,30.78,66.56,2024-02-04
SKU-033,2024-04-22,57.0,66.56,0,3793.92,Kitchen,Utensils,30.78,66.56,2024-02-04
SKU-033,2024-04-29,66.0,66.56,0,4392.96,Kitchen,Utensils,30.78,66.56,2024-02-04
SKU-033,2024-05-06,46.0,66.56,0,3061.76,Kitchen,Utensils,30.78,66.56,2024-02-04
SKU-033,2024-05-13,44.0,66.56,0,2928.64,Kitchen,Utensils,30.78,66.56,2024-02-04
SKU-033,2024-05-20,77.0,64.03166666666667,1,4700.360000000001,Kitchen,Utensils,30.78,66.56,2024-02-04
SKU-033,2024-05-27,47.0,63.925000000000004,1,3653.0,Kitchen,Utensils,30.78,66.56,2024-02-04
SKU-033,2024-06-03,39.0,66.56,0,3394.56,Kitchen,Utensils,30.78,66.56,2024-02-04
SKU-033,2024-06-10,43.0,66.56,0,2862.08,Kitchen,Utensils,30.78,66.56,2024-02-04
SKU-033,2024-06-17,47.0,66.56,0,3128.3199999999997,Kitchen,Utensils,30.78,66.56,2024-02-04
SKU-033,2024-06-24,60.0,66.56,0,3993.6,Kitchen,Utensils,30.78,66.56,2024-02-04
SKU-033,2024-07-01,116.0,56.088,1,6467.71,Kitchen,Utensils,30.78,66.56,2024-02-04
SKU-033,2024-07-08,47.0,66.56,0,3128.32,Kitchen,Utensils,30.78,66.56,2024-02-04
SKU-033,2024-07-15,59.0,66.56,0,3927.04,Kitchen,Utensils,30.78,66.56,2024-02-04
SKU-033,2024-07-22,73.0,66.56,0,4858.88,Kitchen,Utensils,30.78,66.56,2024-02-04
SKU-033,2024-07-29,50.0,66.56,0,3328.0,Kitchen,Utensils,30.78,66.56,2024-02-04
SKU-033,2024-08-05,30.0,66.56,0,1996.8000000000002,Kitchen,Utensils,30.78,66.56,2024-02-04
SKU-033,2024-08-12,108.0,55.06,1,5935.26,Kitchen,Utensils,30.78,66.56,2024-02-04
SKU-033,2024-08-19,60.0,63.488,1,3701.7599999999998,Kitchen,Utensils,30.78,66.56,2024-02-04
SKU-033,2024-08-26,27.0,62.77333333333333,1,2147.84,Kitchen,Utensils,30.78,66.56,2024-02-04
SKU-033,2024-09-02,54.0,56.9125,1,3015.15,Kitchen,Utensils,30.78,66.56,2024-02-04
SKU-033,2024-09-09,68.0,63.403999999999996,1,4257.82,Kitchen,Utensils,30.78,66.56,2024-02-04
SKU-033,2024-09-16,59.0,66.56,0,5058.5599999999995,Kitchen,Utensils,30.78,66.56,2024-02-04
SKU-033,2024-09-23,55.0,66.56,0,3660.8,Kitchen,Utensils,30.78,66.56,2024-02-04
SKU-033,2024-09-30,51.0,66.56,0,3394.56,Kitchen,Utensils,30.78,66.56,2024-02-04
SKU-033,2024-10-07,47.0,60.43666666666667,1,2790.37,Kitchen,Utensils,30.78,66.56,2024-02-04
SKU-033,2024-10-14,51.0,62.7625,1,3151.52,Kitchen,Utensils,30.78,66.56,2024-02-04
SKU-033,2024-10-21,24.0,66.56,0,2063.36,Kitchen,Utensils,30.78,66.56,2024-02-04
SKU-033,2024-10-28,37.0,66.56,0,2462.7200000000003,Kitchen,Utensils,30.78,66.56,2024-02-04
SKU-033,2024-11-04,43.0,66.56,0,2862.08,Kitchen,Utensils,30.78,66.56,2024-02-04
SKU-033,2024-11-11,84.0,66.56,0,5591.04,Kitchen,Utensils,30.78,66.56,2024-02-04
SKU-033,2024-11-18,108.0,61.48166666666666,1,6350.509999999999,Kitchen,Utensils,30.78,66.56,2024-02-04
SKU-033,2024-11-25,85.0,52.586666666666666,1,4468.52,Kitchen,Utensils,30.78,66.56,2024-02-04
SKU-033,2024-12-02,96.0,66.56,0,6389.76,Kitchen,Utensils,30.78,66.56,2024-02-04
SKU-033,2024-12-09,72.0,62.855000000000004,1,4407.0,Kitchen,Utensils,30.78,66.56,2024-02-04
SKU-033,2024-12-16,160.0,53.263999999999996,1,8447.67,Kitchen,Utensils,30.78,66.56,2024-02-04
SKU-033,2024-12-23,68.0,58.03333333333333,1,3807.58,Kitchen,Utensils,30.78,66.56,2024-02-04
SKU-033,2024-12-30,83.0,60.364,1,4897.28,Kitchen,Utensils,30.78,66.56,2024-02-04
SKU-033,2025-01-06,47.0,66.56,0,3993.6,Kitchen,Utensils,30.78,66.56,2024-02-04
SKU-033,2025-01-13,82.0,66.56,0,5457.92,Kitchen,Utensils,30.78,66.56,2024-02-04
SKU-033,2025-01-20,50.0,66.56,0,3328.0,Kitchen,Utensils,30.78,66.56,2024-02-04
SKU-033,2025-01-27,52.0,66.56,0,3461.12,Kitchen,Utensils,30.78,66.56,2024-02-04
SKU-033,2025-02-03,52.0,66.56,0,4925.44,Kitchen,Utensils,30.78,66.56,2024-02-04
SKU-033,2025-02-10,36.0,66.56,0,2396.16,Kitchen,Utensils,30.78,66.56,2024-02-04
SKU-033,2025-02-17,56.0,64.186,1,3489.9599999999996,Kitchen,Utensils,30.78,66.56,2024-02-04
SKU-033,2025-02-24,45.0,66.56,0,2995.2,Kitchen,Utensils,30.78,66.56,2024-02-04
SKU-033,2025-03-03,46.0,66.56,0,3061.7599999999998,Kitchen,Utensils,30.78,66.56,2024-02-04
SKU-033,2025-03-10,79.0,64.44,1,5016.56,Kitchen,Utensils,30.78,66.56,2024-02-04
SKU-033,2025-03-17,103.0,59.00428571428571,1,6989.93,Kitchen,Utensils,30.78,66.56,2024-02-04
SKU-033,2025-03-24,35.0,66.56,0,2329.6,Kitchen,Utensils,30.78,66.56,2024-02-04
SKU-033,2025-03-31,36.0,66.56,0,2396.16,Kitchen,Utensils,30.78,66.56,2024-02-04
SKU-033,2025-04-07,42.0,66.56,0,2795.52,Kitchen,Utensils,30.78,66.56,2024-02-04
SKU-033,2025-04-14,31.0,66.56,0,2063.36,Kitchen,Utensils,30.78,66.56,2024-02-04
SKU-033,2025-04-21,60.0,66.56,0,3993.6,Kitchen,Utensils,30.78,66.56,2024-02-04
SKU-033,2025-04-28,48.0,66.56,0,3194.88,Kitchen,Utensils,30.78,66.56,2024-02-04
SKU-033,2025-05-05,58.0,66.56,0,3860.48,Kitchen,Utensils,30.78,66.56,2024-02-04
SKU-033,2025-05-12,40.0,66.56,0,2662.4,Kitchen,Utensils,30.78,66.56,2024-02-04
SKU-033,2025-05-19,44.0,66.56,0,2928.64,Kitchen,Utensils,30.78,66.56,2024-02-04
SKU-033,2025-05-26,67.0,57.9075,1,3808.78,Kitchen,Utensils,30.78,66.56,2024-02-04
SKU-033,2025-06-02,21.0,66.56,0,1397.76,Kitchen,Utensils,30.78,66.56,2024-02-04
SKU-033,2025-06-09,42.0,66.56,0,2795.52,Kitchen,Utensils,30.78,66.56,2024-02-04
SKU-033,2025-06-16,94.0,66.56,0,6256.64,Kitchen,Utensils,30.78,66.56,2024-02-04
SKU-033,2025-06-23,64.0,66.56,0,4259.84,Kitchen,Utensils,30.78,66.56,2024-02-04
SKU-033,2025-06-30,87.0,59.477999999999994,1,5072.98,Kitchen,Utensils,30.78,66.56,2024-02-04
SKU-033,2025-07-07,38.0,62.593333333333334,1,2315.08,Kitchen,Utensils,30.78,66.56,2024-02-04
SKU-033,2025-07-14,64.0,66.56,0,4259.84,Kitchen,Utensils,30.78,66.56,2024-02-04
SKU-033,2025-07-21,76.0,66.56,0,5058.56,Kitchen,Utensils,30.78,66.56,2024-02-04
SKU-033,2025-07-28,72.0,66.56,0,4792.32,Kitchen,Utensils,30.78,66.56,2024-02-04
SKU-033,2025-08-04,65.0,63.2725,1,4076.55,Kitchen,Utensils,30.78,66.56,2024-02-04
SKU-033,2025-08-11,80.0,57.4875,1,4604.21,Kitchen,Utensils,30.78,66.56,2024-02-04
SKU-033,2025-08-18,121.0,60.51285714285715,1,7169.09,Kitchen,Utensils,30.78,66.56,2024-02-04
SKU-033,2025-08-25,47.0,66.56,0,3927.04,Kitchen,Utensils,30.78,66.56,2024-02-04
SKU-033,2025-09-01,63.0,65.1,1,4069.18,Kitchen,Utensils,30.78,66.56,2024-02-04
SKU-033,2025-09-08,41.0,66.56,0,2728.96,Kitchen,Utensils,30.78,66.56,2024-02-04
SKU-033,2025-09-15,72.0,66.56,0,4792.32,Kitchen,Utensils,30.78,66.56,2024-02-04
SKU-033,2025-09-22,60.0,66.56,0,3993.6,Kitchen,Utensils,30.78,66.56,2024-02-04
SKU-033,2025-09-29,30.0,66.56,0,1996.8,Kitchen,Utensils,30.78,66.56,2024-02-04
SKU-033,2025-10-06,36.0,64.08666666666666,1,2270.02,Kitchen,Utensils,30.78,66.56,2024-02-04
SKU-033,2025-10-13,44.0,58.19,1,2463.3,Kitchen,Utensils,30.78,66.56,2024-02-04
SKU-033,2025-10-20,74.0,66.56,0,4925.4400000000005,Kitchen,Utensils,30.78,66.56,2024-02-04
SKU-033,2025-10-27,73.0,66.56,0,4858.88,Kitchen,Utensils,30.78,66.56,2024-02-04
SKU-033,2025-11-03,31.0,66.56,0,2063.36,Kitchen,Utensils,30.78,66.56,2024-02-04
SKU-033,2025-11-10,68.0,66.56,0,4526.08,Kitchen,Utensils,30.78,66.56,2024-02-04
SKU-033,2025-11-17,78.0,64.645,1,4969.54,Kitchen,Utensils,30.78,66.56,2024-02-04
SKU-033,2025-11-24,141.0,52.746,1,7427.03,Kitchen,Utensils,30.78,66.56,2024-02-04
SKU-033,2025-12-01,42.0,66.56,0,2795.52,Kitchen,Utensils,30.78,66.56,2024-02-04
SKU-033,2025-12-08,87.0,66.56,0,5790.719999999999,Kitchen,Utensils,30.78,66.56,2024-02-04
SKU-033,2025-12-15,200.0,54.794285714285714,1,10892.48,Kitchen,Utensils,30.78,66.56,2024-02-04
SKU-033,2025-12-22,50.0,56.54,1,2850.52,Kitchen,Utensils,30.78,66.56,2024-02-04
SKU-033,2025-12-29,58.0,61.919999999999995,1,3568.16,Kitchen,Utensils,30.78,66.56,2024-02-04
SKU-033,2026-01-05,67.0,66.56,0,4459.52,Kitchen,Utensils,30.78,66.56,2024-02-04
SKU-033,2026-01-12,38.0,66.56,0,2529.2799999999997,Kitchen,Utensils,30.78,66.56,2024-02-04
SKU-033,2026-01-19,66.0,66.56,0,4392.96,Kitchen,Utensils,30.78,66.56,2024-02-04
SKU-033,2026-01-26,61.0,66.56,0,4060.16,Kitchen,Utensils,30.78,66.56,2024-02-04
SKU-033,2026-02-02,78.0,66.56,0,5191.68,Kitchen,Utensils,30.78,66.56,2024-02-04
SKU-033,2026-02-09,37.0,66.56,0,2462.7200000000003,Kitchen,Utensils,30.78,66.56,2024-02-04
SKU-033,2026-02-16,93.0,65.40333333333334,1,6058.22,Kitchen,Utensils,30.78,66.56,2024-02-04
SKU-033,2026-02-23,38.0,66.56,0,3128.3199999999997,Kitchen,Utensils,30.78,66.56,2024-02-04
SKU-033,2026-03-02,32.0,66.56,0,2129.92,Kitchen,Utensils,30.78,66.56,2024-02-04
SKU-033,2026-03-09,63.0,65.226,1,4093.23,Kitchen,Utensils,30.78,66.56,2024-02-04
SKU-033,2026-03-16,70.0,60.20000000000001,1,4113.44,Kitchen,Utensils,30.78,66.56,2024-02-04
SKU-033,2026-03-23,32.0,66.56,0,2129.92,Kitchen,Utensils,30.78,66.56,2024-02-04
SKU-033,2026-03-30,26.0,66.56,0,1730.56,Kitchen,Utensils,30.78,66.56,2024-02-04
SKU-033,2026-04-06,70.0,66.56,0,4659.2,Kitchen,Utensils,30.78,66.56,2024-02-04
SKU-033,2026-04-13,55.0,66.56,0,3660.7999999999997,Kitchen,Utensils,30.78,66.56,2024-02-04
SKU-033,2026-04-20,29.0,66.56,0,1930.24,Kitchen,Utensils,30.78,66.56,2024-02-04
SKU-033,2026-04-27,18.0,66.56,0,1198.08,Kitchen,Utensils,30.78,66.56,2024-02-04
SKU-033,2026-05-04,40.0,66.56,0,2662.4,Kitchen,Utensils,30.78,66.56,2024-02-04
SKU-033,2026-05-11,58.0,66.56,0,3860.48,Kitchen,Utensils,30.78,66.56,2024-02-04
SKU-033,2026-05-18,43.0,62.406666666666666,1,2587.96,Kitchen,Utensils,30.78,66.56,2024-02-04
SKU-033,2026-05-25,79.0,59.4375,1,4532.9,Kitchen,Utensils,30.78,66.56,2024-02-04
SKU-033,2026-06-01,49.0,66.56,0,3261.44,Kitchen,Utensils,30.78,66.56,2024-02-04
SKU-033,2026-06-08,51.0,66.56,0,3394.56,Kitchen,Utensils,30.78,66.56,2024-02-04
SKU-033,2026-06-15,95.0,66.56,0,6323.2,Kitchen,Utensils,30.78,66.56,2024-02-04
SKU-033,2026-06-22,63.0,66.56,0,4725.76,Kitchen,Utensils,30.78,66.56,2024-02-04
SKU-033,2026-06-29,77.0,57.220000000000006,1,4296.24,Kitchen,Utensils,30.78,66.56,2024-02-04
SKU-033,2026-07-06,85.0,65.24833333333333,1,5460.85,Kitchen,Utensils,30.78,66.56,2024-02-04
SKU-033,2026-07-13,33.0,66.56,0,2196.48,Kitchen,Utensils,30.78,66.56,2024-02-04
SKU-033,2026-07-20,27.0,66.56,0,1797.12,Kitchen,Utensils,30.78,66.56,2024-02-04
SKU-033,2026-07-27,42.0,66.56,0,2795.52,Kitchen,Utensils,30.78,66.56,2024-02-04
SKU-033,2026-08-03,87.0,66.56,0,5790.72,Kitchen,Utensils,30.78,66.56,2024-02-04
SKU-033,2026-08-10,104.0,53.08166666666667,1,5555.74,Kitchen,Utensils,30.78,66.56,2024-02-04
SKU-033,2026-08-17,111.0,59.395,1,6509.07,Kitchen,Utensils,30.78,66.56,2024-02-04
SKU-033,2026-08-24,45.0,66.56,0,2995.2,Kitchen,Utensils,30.78,66.56,2024-02-04
SKU-033,2026-08-31,15.0,66.56,0,998.4,Kitchen,Utensils,30.78,66.56,2024-02-04
SKU-034,2024-01-01,77.0,37.786,1,2804.5299999999997,Kitchen,Cookware,19.68,40.08,2023-05-23
SKU-034,2024-01-08,53.0,40.08,0,2124.24,Kitchen,Cookware,19.68,40.08,2023-05-23
SKU-034,2024-01-15,77.0,40.08,0,3086.16,Kitchen,Cookware,19.68,40.08,2023-05-23
SKU-034,2024-01-22,24.0,40.08,0,961.92,Kitchen,Cookware,19.68,40.08,2023-05-23
SKU-034,2024-01-29,55.0,40.08,0,2204.4,Kitchen,Cookware,19.68,40.08,2023-05-23
SKU-034,2024-02-05,62.0,40.08,0,2484.96,Kitchen,Cookware,19.68,40.08,2023-05-23
SKU-034,2024-02-12,91.0,36.552,1,3285.2,Kitchen,Cookware,19.68,40.08,2023-05-23
SKU-034,2024-02-19,96.0,39.168,1,3733.6800000000003,Kitchen,Cookware,19.68,40.08,2023-05-23
SKU-034,2024-02-26,69.0,40.08,0,2765.52,Kitchen,Cookware,19.68,40.08,2023-05-23
SKU-034,2024-03-04,80.0,40.08,0,3206.4,Kitchen,Cookware,19.68,40.08,2023-05-23
SKU-034,2024-03-11,70.0,34.800000000000004,1,2360.46,Kitchen,Cookware,19.68,40.08,2023-05-23
SKU-034,2024-03-18,111.0,35.68,1,3837.0,Kitchen,Cookware,19.68,40.08,2023-05-23
SKU-034,2024-03-25,108.0,40.08,0,4328.64,Kitchen,Cookware,19.68,40.08,2023-05-23
SKU-034,2024-04-01,102.0,40.08,0,4088.16,Kitchen,Cookware,19.68,40.08,2023-05-23
SKU-034,2024-04-08,109.0,40.08,0,4368.72,Kitchen,Cookware,19.68,40.08,2023-05-23
SKU-034,2024-04-15,83.0,40.08,0,3326.64,Kitchen,Cookware,19.68,40.08,2023-05-23
SKU-034,2024-04-22,84.0,40.08,0,3366.7200000000003,Kitchen,Cookware,19.68,40.08,2023-05-23
SKU-034,2024-04-29,76.0,40.08,0,3046.08,Kitchen,Cookware,19.68,40.08,2023-05-23
SKU-034,2024-05-06,66.0,40.08,0,2645.28,Kitchen,Cookware,19.68,40.08,2023-05-23
SKU-034,2024-05-13,43.0,40.08,0,2324.6400000000003,Kitchen,Cookware,19.68,40.08,2023-05-23
SKU-034,2024-05-20,96.0,38.53666666666667,1,3532.84,Kitchen,Cookware,19.68,40.08,2023-05-23
SKU-034,2024-05-27,84.0,40.08,0,3366.72,Kitchen,Cookware,19.68,40.08,2023-05-23
SKU-034,2024-06-03,49.0,40.08,0,1963.92,Kitchen,Cookware,19.68,40.08,2023-05-23
SKU-034,2024-06-10,107.0,40.08,0,4288.56,Kitchen,Cookware,19.68,40.08,2023-05-23
SKU-034,2024-06-17,90.0,40.08,0,3607.2,Kitchen,Cookware,19.68,40.08,2023-05-23
SKU-034,2024-06-24,72.0,40.08,0,2885.76,Kitchen,Cookware,19.68,40.08,2023-05-23
SKU-034,2024-07-01,113.0,34.186,1,3900.46,Kitchen,Cookware,19.68,40.08,2023-05-23
SKU-034,2024-07-08,94.0,40.08,0,3767.52,Kitchen,Cookware,19.68,40.08,2023-05-23
SKU-034,2024-07-15,94.0,40.08,0,3767.52,Kitchen,Cookware,19.68,40.08,2023-05-23
SKU-034,2024-07-22,74.0,40.08,0,2965.92,Kitchen,Cookware,19.68,40.08,2023-05-23
SKU-034,2024-07-29,77.0,40.08,0,3086.16,Kitchen,Cookware,19.68,40.08,2023-05-23
SKU-034,2024-08-05,66.0,38.096666666666664,1,2478.6800000000003,Kitchen,Cookware,19.68,40.08,2023-05-23
SKU-034,2024-08-12,160.0,33.525,1,5356.64,Kitchen,Cookware,19.68,40.08,2023-05-23
SKU-034,2024-08-19,134.0,38.638571428571424,1,5090.33,Kitchen,Cookware,19.68,40.08,2023-05-23
SKU-034,2024-08-26,102.0,38.78285714285715,1,3915.64,Kitchen,Cookware,19.68,40.08,2023-05-23
SKU-034,2024-09-02,103.0,36.492,1,3658.41,Kitchen,Cookware,19.68,40.08,2023-05-23
SKU-034,2024-09-09,93.0,38.964,1,3565.62,Kitchen,Cookware,19.68,40.08,2023-05-23
SKU-034,2024-09-16,86.0,40.08,0,3446.88,Kitchen,Cookware,19.68,40.08,2023-05-23
SKU-034,2024-09-23,74.0,40.08,0,2965.92,Kitchen,Cookware,19.68,40.08,2023-05-23
SKU-034,2024-09-30,47.0,40.08,0,1883.76,Kitchen,Cookware,19.68,40.08,2023-05-23
SKU-034,2024-10-07,106.0,37.40833333333333,1,3865.99,Kitchen,Cookware,19.68,40.08,2023-05-23
SKU-034,2024-10-14,104.0,37.92666666666667,1,3890.18,Kitchen,Cookware,19.68,40.08,2023-05-23
SKU-034,2024-10-21,88.0,40.08,0,3527.04,Kitchen,Cookware,19.68,40.08,2023-05-23
SKU-034,2024-10-28,75.0,40.08,0,3006.0,Kitchen,Cookware,19.68,40.08,2023-05-23
SKU-034,2024-11-04,63.0,40.08,0,3406.8,Kitchen,Cookware,19.68,40.08,2023-05-23
SKU-034,2024-11-11,100.0,40.08,0,4008.0,Kitchen,Cookware,19.68,40.08,2023-05-23
SKU-034,2024-11-18,126.0,36.745999999999995,1,4521.51,Kitchen,Cookware,19.68,40.08,2023-05-23
SKU-034,2024-11-25,151.0,35.416,1,5257.01,Kitchen,Cookware,19.68,40.08,2023-05-23
SKU-034,2024-12-02,103.0,40.08,0,4128.24,Kitchen,Cookware,19.68,40.08,2023-05-23
SKU-034,2024-12-09,140.0,38.730000000000004,1,5337.15,Kitchen,Cookware,19.68,40.08,2023-05-23
SKU-034,2024-12-16,113.0,32.5475,1,5038.53,Kitchen,Cookware,19.68,40.08,2023-05-23
SKU-034,2024-12-23,117.0,36.705,1,4216.860000000001,Kitchen,Cookware,19.68,40.08,2023-05-23
SKU-034,2024-12-30,142.0,37.06166666666667,1,5095.94,Kitchen,Cookware,19.68,40.08,2023-05-23
SKU-034,2025-01-06,75.0,40.08,0,3006.0,Kitchen,Cookware,19.68,40.08,2023-05-23
SKU-034,2025-01-13,68.0,40.08,0,2725.44,Kitchen,Cookware,19.68,40.08,2023-05-23
SKU-034,2025-01-20,93.0,40.08,0,3727.44,Kitchen,Cookware,19.68,40.08,2023-05-23
SKU-034,2025-01-27,61.0,40.08,0,2444.88,Kitchen,Cookware,19.68,40.08,2023-05-23
SKU-034,2025-02-03,73.0,40.08,0,2925.84,Kitchen,Cookware,19.68,40.08,2023-05-23
SKU-034,2025-02-10,78.0,40.08,0,3126.24,Kitchen,Cookware,19.68,40.08,2023-05-23
SKU-034,2025-02-17,40.0,35.15,1,1386.2800000000002,Kitchen,Cookware,19.68,40.08,2023-05-23
SKU-034,2025-02-24,61.0,40.08,0,2444.88,Kitchen,Cookware,19.68,40.08,2023-05-23
SKU-034,2025-03-03,56.0,40.08,0,2244.48,Kitchen,Cookware,19.68,40.08,2023-05-23
SKU-034,2025-03-10,60.0,38.848,1,3163.36,Kitchen,Cookware,19.68,40.08,2023-05-23
SKU-034,2025-03-17,108.0,36.852,1,3928.86,Kitchen,Cookware,19.68,40.08,2023-05-23
SKU-034,2025-03-24,90.0,40.08,0,3607.2,Kitchen,Cookware,19.68,40.08,2023-05-23
SKU-034,2025-03-31,109.0,40.08,0,4368.72,Kitchen,Cookware,19.68,40.08,2023-05-23
SKU-034,2025-04-07,58.0,40.08,0,2324.6400000000003,Kitchen,Cookware,19.68,40.08,2023-05-23
SKU-034,2025-04-14,94.0,40.08,0,3767.52,Kitchen,Cookware,19.68,40.08,2023-05-23
SKU-034,2025-04-21,68.0,40.08,0,2725.44,Kitchen,Cookware,19.68,40.08,2023-05-23
SKU-034,2025-04-28,98.0,40.08,0,3927.84,Kitchen,Cookware,19.68,40.08,2023-05-23
SKU-034,2025-05-05,93.0,40.08,0,3727.44,Kitchen,Cookware,19.68,40.08,2023-05-23
SKU-034,2025-05-12,29.0,40.08,0,1162.32,Kitchen,Cookware,19.68,40.08,2023-05-23
SKU-034,2025-05-19,62.0,36.82,1,2201.34,Kitchen,Cookware,19.68,40.08,2023-05-23
SKU-034,2025-05-26,135.0,35.25333333333333,1,4511.09,Kitchen,Cookware,19.68,40.08,2023-05-23
SKU-034,2025-06-02,75.0,40.08,0,3006.0,Kitchen,Cookware,19.68,40.08,2023-05-23
SKU-034,2025-06-09,108.0,40.08,0,4328.64,Kitchen,Cookware,19.68,40.08,2023-05-23
SKU-034,2025-06-16,62.0,40.08,0,2965.92,Kitchen,Cookware,19.68,40.08,2023-05-23
SKU-034,2025-06-23,13.0,40.08,0,521.04,Kitchen,Cookware,19.68,40.08,2023-05-23
SKU-034,2025-06-30,76.0,36.24,1,2712.0,Kitchen,Cookware,19.68,40.08,2023-05-23
SKU-034,2025-07-07,94.0,39.156666666666666,1,3617.94,Kitchen,Cookware,19.68,40.08,2023-05-23
SKU-034,2025-07-14,58.0,40.08,0,2925.84,Kitchen,Cookware,19.68,40.08,2023-05-23
SKU-034,2025-07-21,90.0,40.08,0,4128.24,Kitchen,Cookware,19.68,40.08,2023-05-23
SKU-034,2025-07-28,106.0,40.08,0,4248.48,Kitchen,Cookware,19.68,40.08,2023-05-23
SKU-034,2025-08-04,68.0,40.08,0,2725.44,Kitchen,Cookware,19.68,40.08,2023-05-23
SKU-034,2025-08-11,71.0,33.123333333333335,1,2344.42,Kitchen,Cookware,19.68,40.08,2023-05-23
SKU-034,2025-08-18,108.0,36.986000000000004,1,3788.61,Kitchen,Cookware,19.68,40.08,2023-05-23
SKU-034,2025-08-25,43.0,40.08,0,1723.44,Kitchen,Cookware,19.68,40.08,2023-05-23
SKU-034,2025-09-01,122.0,37.675,1,4500.15,Kitchen,Cookware,19.68,40.08,2023-05-23
SKU-034,2025-09-08,59.0,38.166666666666664,1,2198.26,Kitchen,Cookware,19.68,40.08,2023-05-23
SKU-034,2025-09-15,70.0,40.08,0,2805.6,Kitchen,Cookware,19.68,40.08,2023-05-23
SKU-034,2025-09-22,49.0,40.08,0,1963.92,Kitchen,Cookware,19.68,40.08,2023-05-23
SKU-034,2025-09-29,70.0,40.08,0,2805.6,Kitchen,Cookware,19.68,40.08,2023-05-23
SKU-034,2025-10-06,118.0,36.919999999999995,1,4199.58,Kitchen,Cookware,19.68,40.08,2023-05-23
SKU-034,2025-10-13,125.0,35.367999999999995,1,4258.42,Kitchen,Cookware,19.68,40.08,2023-05-23
SKU-034,2025-10-20,57.0,40.08,0,2284.56,Kitchen,Cookware,19.68,40.08,2023-05-23
SKU-034,2025-10-27,84.0,40.08,0,3366.7200000000003,Kitchen,Cookware,19.68,40.08,2023-05-23
SKU-034,2025-11-03,63.0,40.08,0,2525.04,Kitchen,Cookware,19.68,40.08,2023-05-23
SKU-034,2025-11-10,137.0,40.08,0,5490.96,Kitchen,Cookware,19.68,40.08,2023-05-23
SKU-034,2025-11-17,140.0,38.99,1,5415.0,Kitchen,Cookware,19.68,40.08,2023-05-23
SKU-034,2025-11-24,231.0,33.48428571428572,1,7769.74,Kitchen,Cookware,19.68,40.08,2023-05-23
SKU-034,2025-12-01,114.0,40.08,0,4569.12,Kitchen,Cookware,19.68,40.08,2023-05-23
SKU-034,2025-12-08,124.0,40.08,0,4969.92,Kitchen,Cookware,19.68,40.08,2023-05-23
SKU-034,2025-12-15,152.0,31.339999999999996,1,4735.3099999999995,Kitchen,Cookware,19.68,40.08,2023-05-23
SKU-034,2025-12-22,96.0,33.5525,1,3157.84,Kitchen,Cookware,19.68,40.08,2023-05-23
SKU-034,2025-12-29,145.0,37.667142857142856,1,5400.16,Kitchen,Cookware,19.68,40.08,2023-05-23
SKU-034,2026-01-05,57.0,40.08,0,2284.56,Kitchen,Cookware,19.68,40.08,2023-05-23
SKU-034,2026-01-12,93.0,40.08,0,3727.44,Kitchen,Cookware,19.68,40.08,2023-05-23
SKU-034,2026-01-19,92.0,40.08,0,3687.3599999999997,Kitchen,Cookware,19.68,40.08,2023-05-23
SKU-034,2026-01-26,58.0,40.08,0,2685.3599999999997,Kitchen,Cookware,19.68,40.08,2023-05-23
SKU-034,2026-02-02,98.0,40.08,0,3927.84,Kitchen,Cookware,19.68,40.08,2023-05-23
SKU-034,2026-02-09,57.0,40.08,0,2284.56,Kitchen,Cookware,19.68,40.08,2023-05-23
SKU-034,2026-02-16,88.0,38.664,1,3342.96,Kitchen,Cookware,19.68,40.08,2023-05-23
SKU-034,2026-02-23,96.0,40.08,0,3847.68,Kitchen,Cookware,19.68,40.08,2023-05-23
SKU-034,2026-03-02,88.0,40.08,0,3527.04,Kitchen,Cookware,19.68,40.08,2023-05-23
SKU-034,2026-03-09,135.0,39.01,1,5058.77,Kitchen,Cookware,19.68,40.08,2023-05-23
SKU-034,2026-03-16,150.0,33.34142857142857,1,4919.12,Kitchen,Cookware,19.68,40.08,2023-05-23
SKU-034,2026-03-23,74.0,40.08,0,2965.92,Kitchen,Cookware,19.68,40.08,2023-05-23
SKU-034,2026-03-30,118.0,40.08,0,4729.4400000000005,Kitchen,Cookware,19.68,40.08,2023-05-23
SKU-034,2026-04-06,78.0,40.08,0,3647.28,Kitchen,Cookware,19.68,40.08,2023-05-23
SKU-034,2026-04-13,54.0,40.08,0,2164.3199999999997,Kitchen,Cookware,19.68,40.08,2023-05-23
SKU-034,2026-04-20,69.0,40.08,0,2765.52,Kitchen,Cookware,19.68,40.08,2023-05-23
SKU-034,2026-04-27,81.0,40.08,0,3246.48,Kitchen,Cookware,19.68,40.08,2023-05-23
SKU-034,2026-05-04,73.0,40.08,0,2925.84,Kitchen,Cookware,19.68,40.08,2023-05-23
SKU-034,2026-05-11,91.0,40.08,0,3647.2799999999997,Kitchen,Cookware,19.68,40.08,2023-05-23
SKU-034,2026-05-18,68.0,38.6025,1,2577.69,Kitchen,Cookware,19.68,40.08,2023-05-23
SKU-034,2026-05-25,73.0,38.052499999999995,1,2739.31,Kitchen,Cookware,19.68,40.08,2023-05-23
SKU-034,2026-06-01,71.0,40.08,0,2845.6800000000003,Kitchen,Cookware,19.68,40.08,2023-05-23
SKU-034,2026-06-08,80.0,40.08,0,3206.4,Kitchen,Cookware,19.68,40.08,2023-05-23
SKU-034,2026-06-15,63.0,40.08,0,2525.04,Kitchen,Cookware,19.68,40.08,2023-05-23
SKU-034,2026-06-22,77.0,40.08,0,3086.16,Kitchen,Cookware,19.68,40.08,2023-05-23
SKU-034,2026-06-29,56.0,34.9375,1,2826.21,Kitchen,Cookware,19.68,40.08,2023-05-23
SKU-034,2026-07-06,62.0,39.0075,1,2382.0,Kitchen,Cookware,19.68,40.08,2023-05-23
SKU-034,2026-07-13,58.0,40.08,0,2324.6400000000003,Kitchen,Cookware,19.68,40.08,2023-05-23
SKU-034,2026-07-20,56.0,40.08,0,2244.48,Kitchen,Cookware,19.68,40.08,2023-05-23
SKU-034,2026-07-27,96.0,40.08,0,3847.6800000000003,Kitchen,Cookware,19.68,40.08,2023-05-23
SKU-034,2026-08-03,67.0,40.08,0,2685.36,Kitchen,Cookware,19.68,40.08,2023-05-23
SKU-034,2026-08-10,171.0,33.251666666666665,1,5657.780000000001,Kitchen,Cookware,19.68,40.08,2023-05-23
SKU-034,2026-08-17,83.0,36.665,1,3015.42,Kitchen,Cookware,19.68,40.08,2023-05-23
SKU-034,2026-08-24,38.0,40.08,0,1523.04,Kitchen,Cookware,19.68,40.08,2023-05-23
SKU-034,2026-08-31,16.0,40.08,0,641.28,Kitchen,Cookware,19.68,40.08,2023-05-23
SKU-035,2025-02-03,3.0,39.02,0,117.06,Kitchen,Utensils,19.97,39.02,2025-02-08
SKU-035,2025-02-10,11.0,39.02,0,429.22,Kitchen,Utensils,19.97,39.02,2025-02-08
SKU-035,2025-02-17,6.0,39.02,0,234.12000000000003,Kitchen,Utensils,19.97,39.02,2025-02-08
SKU-035,2025-02-24,10.0,39.02,0,390.20000000000005,Kitchen,Utensils,19.97,39.02,2025-02-08
SKU-035,2025-03-03,3.0,39.02,0,117.06,Kitchen,Utensils,19.97,39.02,2025-02-08
SKU-035,2025-03-10,9.0,35.1325,1,313.48,Kitchen,Utensils,19.97,39.02,2025-02-08
SKU-035,2025-03-17,7.0,34.04,1,239.59,Kitchen,Utensils,19.97,39.02,2025-02-08
SKU-035,2025-03-24,5.0,39.02,0,195.10000000000002,Kitchen,Utensils,19.97,39.02,2025-02-08
SKU-035,2025-03-31,8.0,39.02,0,312.16,Kitchen,Utensils,19.97,39.02,2025-02-08
SKU-035,2025-04-07,10.0,39.02,0,390.20000000000005,Kitchen,Utensils,19.97,39.02,2025-02-08
SKU-035,2025-04-14,12.0,39.02,0,468.24,Kitchen,Utensils,19.97,39.02,2025-02-08
SKU-035,2025-04-21,5.0,39.02,0,273.14,Kitchen,Utensils,19.97,39.02,2025-02-08
SKU-035,2025-04-28,2.0,39.02,0,78.04,Kitchen,Utensils,19.97,39.02,2025-02-08
SKU-035,2025-05-05,9.0,39.02,0,351.18,Kitchen,Utensils,19.97,39.02,2025-02-08
SKU-035,2025-05-12,5.0,39.02,0,195.10000000000002,Kitchen,Utensils,19.97,39.02,2025-02-08
SKU-035,2025-05-19,7.0,36.785000000000004,1,264.2,Kitchen,Utensils,19.97,39.02,2025-02-08
SKU-035,2025-05-26,7.0,34.792,1,235.04000000000002,Kitchen,Utensils,19.97,39.02,2025-02-08
SKU-035,2025-06-02,6.0,39.02,0,234.12,Kitchen,Utensils,19.97,39.02,2025-02-08
SKU-035,2025-06-09,8.0,39.02,0,312.16,Kitchen,Utensils,19.97,39.02,2025-02-08
SKU-035,2025-06-16,3.0,39.02,0,117.06,Kitchen,Utensils,19.97,39.02,2025-02-08
SKU-035,2025-06-23,6.0,39.02,0,234.12,Kitchen,Utensils,19.97,39.02,2025-02-08
SKU-035,2025-06-30,16.0,32.08714285714286,1,517.38,Kitchen,Utensils,19.97,39.02,2025-02-08
SKU-035,2025-07-07,6.0,39.02,0,234.12,Kitchen,Utensils,19.97,39.02,2025-02-08
SKU-035,2025-07-14,6.0,39.02,0,234.12,Kitchen,Utensils,19.97,39.02,2025-02-08
SKU-035,2025-07-21,6.0,39.02,0,234.12,Kitchen,Utensils,19.97,39.02,2025-02-08
SKU-035,2025-07-28,11.0,39.02,0,429.22,Kitchen,Utensils,19.97,39.02,2025-02-08
SKU-035,2025-08-04,9.0,36.9025,1,317.3,Kitchen,Utensils,19.97,39.02,2025-02-08
SKU-035,2025-08-11,16.0,32.498333333333335,1,524.04,Kitchen,Utensils,19.97,39.02,2025-02-08
SKU-035,2025-08-18,13.0,36.568333333333335,1,469.6,Kitchen,Utensils,19.97,39.02,2025-02-08
SKU-035,2025-08-25,10.0,39.02,0,390.20000000000005,Kitchen,Utensils,19.97,39.02,2025-02-08
SKU-035,2025-09-01,8.0,36.84666666666667,1,292.6,Kitchen,Utensils,19.97,39.02,2025-02-08
SKU-035,2025-09-08,15.0,37.462857142857146,1,557.12,Kitchen,Utensils,19.97,39.02,2025-02-08
SKU-035,2025-09-15,6.0,39.02,0,234.12,Kitchen,Utensils,19.97,39.02,2025-02-08
SKU-035,2025-09-22,9.0,39.02,0,351.18000000000006,Kitchen,Utensils,19.97,39.02,2025-02-08
SKU-035,2025-09-29,3.0,39.02,0,117.06,Kitchen,Utensils,19.97,39.02,2025-02-08
SKU-035,2025-10-06,10.0,34.64833333333333,1,337.78000000000003,Kitchen,Utensils,19.97,39.02,2025-02-08
SKU-035,2025-10-13,8.0,34.15,1,273.2,Kitchen,Utensils,19.97,39.02,2025-02-08
SKU-035,2025-10-20,5.0,39.02,0,195.10000000000002,Kitchen,Utensils,19.97,39.02,2025-02-08
SKU-035,2025-10-27,10.0,39.02,0,507.26000000000005,Kitchen,Utensils,19.97,39.02,2025-02-08
SKU-035,2025-11-03,6.0,39.02,0,234.12,Kitchen,Utensils,19.97,39.02,2025-02-08
SKU-035,2025-11-10,11.0,39.02,0,429.22,Kitchen,Utensils,19.97,39.02,2025-02-08
SKU-035,2025-11-17,4.0,39.02,0,234.12,Kitchen,Utensils,19.97,39.02,2025-02-08
SKU-035,2025-11-24,26.0,32.413333333333334,1,837.3100000000001,Kitchen,Utensils,19.97,39.02,2025-02-08
SKU-035,2025-12-01,14.0,39.02,0,546.28,Kitchen,Utensils,19.97,39.02,2025-02-08
SKU-035,2025-12-08,11.0,39.02,0,429.22,Kitchen,Utensils,19.97,39.02,2025-02-08
SKU-035,2025-12-15,13.0,31.342000000000002,1,401.4,Kitchen,Utensils,19.97,39.02,2025-02-08
SKU-035,2025-12-22,7.0,32.48333333333333,1,226.35000000000002,Kitchen,Utensils,19.97,39.02,2025-02-08
SKU-035,2025-12-29,13.0,35.13,1,467.06,Kitchen,Utensils,19.97,39.02,2025-02-08
SKU-035,2026-01-05,9.0,39.02,0,351.18000000000006,Kitchen,Utensils,19.97,39.02,2025-02-08
SKU-035,2026-01-12,7.0,39.02,0,273.14000000000004,Kitchen,Utensils,19.97,39.02,2025-02-08
SKU-035,2026-01-19,4.0,39.02,0,156.08,Kitchen,Utensils,19.97,39.02,2025-02-08
SKU-035,2026-01-26,12.0,39.02,0,468.24,Kitchen,Utensils,19.97,39.02,2025-02-08
SKU-035,2026-02-02,2.0,39.02,0,78.04,Kitchen,Utensils,19.97,39.02,2025-02-08
SKU-035,2026-02-09,4.0,39.02,0,156.08,Kitchen,Utensils,19.97,39.02,2025-02-08
SKU-035,2026-02-16,14.0,36.284000000000006,1,519.1,Kitchen,Utensils,19.97,39.02,2025-02-08
SKU-035,2026-02-23,10.0,39.02,0,390.2,Kitchen,Utensils,19.97,39.02,2025-02-08
SKU-035,2026-03-02,6.0,39.02,0,351.18,Kitchen,Utensils,19.97,39.02,2025-02-08
SKU-035,2026-03-09,6.0,39.02,0,234.12,Kitchen,Utensils,19.97,39.02,2025-02-08
SKU-035,2026-03-16,10.0,33.985,1,323.11,Kitchen,Utensils,19.97,39.02,2025-02-08
SKU-035,2026-03-23,5.0,39.02,0,195.10000000000002,Kitchen,Utensils,19.97,39.02,2025-02-08
SKU-035,2026-03-30,11.0,39.02,0,429.22,Kitchen,Utensils,19.97,39.02,2025-02-08
SKU-035,2026-04-06,8.0,39.02,0,312.16,Kitchen,Utensils,19.97,39.02,2025-02-08
SKU-035,2026-04-13,3.0,39.02,0,117.06,Kitchen,Utensils,19.97,39.02,2025-02-08
SKU-035,2026-04-20,9.0,39.02,0,351.18000000000006,Kitchen,Utensils,19.97,39.02,2025-02-08
SKU-035,2026-04-27,2.0,39.02,0,78.04,Kitchen,Utensils,19.97,39.02,2025-02-08
SKU-035,2026-05-04,10.0,39.02,0,390.20000000000005,Kitchen,Utensils,19.97,39.02,2025-02-08
SKU-035,2026-05-11,4.0,39.02,0,156.08,Kitchen,Utensils,19.97,39.02,2025-02-08
SKU-035,2026-05-18,7.0,39.02,0,273.14000000000004,Kitchen,Utensils,19.97,39.02,2025-02-08
SKU-035,2026-05-25,10.0,36.49400000000001,1,362.87,Kitchen,Utensils,19.97,39.02,2025-02-08
SKU-035,2026-06-01,6.0,39.02,0,234.12,Kitchen,Utensils,19.97,39.02,2025-02-08
SKU-035,2026-06-08,6.0,39.02,0,234.12000000000003,Kitchen,Utensils,19.97,39.02,2025-02-08
SKU-035,2026-06-15,8.0,39.02,0,312.16,Kitchen,Utensils,19.97,39.02,2025-02-08
SKU-035,2026-06-22,9.0,39.02,0,351.18000000000006,Kitchen,Utensils,19.97,39.02,2025-02-08
SKU-035,2026-06-29,7.0,35.47,1,241.19,Kitchen,Utensils,19.97,39.02,2025-02-08
SKU-035,2026-07-06,7.0,36.96,1,254.60000000000002,Kitchen,Utensils,19.97,39.02,2025-02-08
SKU-035,2026-07-13,3.0,39.02,0,117.06,Kitchen,Utensils,19.97,39.02,2025-02-08
SKU-035,2026-07-20,7.0,39.02,0,273.14000000000004,Kitchen,Utensils,19.97,39.02,2025-02-08
SKU-035,2026-07-27,2.0,39.02,0,78.04,Kitchen,Utensils,19.97,39.02,2025-02-08
SKU-035,2026-08-03,11.0,39.02,0,546.28,Kitchen,Utensils,19.97,39.02,2025-02-08
SKU-035,2026-08-10,14.0,33.914,1,474.51,Kitchen,Utensils,19.97,39.02,2025-02-08
SKU-035,2026-08-17,13.0,33.96333333333333,1,454.44,Kitchen,Utensils,19.97,39.02,2025-02-08
SKU-035,2026-08-24,7.0,39.02,0,273.14,Kitchen,Utensils,19.97,39.02,2025-02-08
SKU-035,2026-08-31,1.0,39.02,0,39.02,Kitchen,Utensils,19.97,39.02,2025-02-08
SKU-036,2024-01-01,42.0,39.075,1,1619.8000000000002,Kitchen,Cookware,19.9,48.43,2022-05-01
SKU-036,2024-01-08,66.0,48.43,0,3196.38,Kitchen,Cookware,19.9,48.43,2022-05-01
SKU-036,2024-01-15,61.0,48.43,0,3438.53,Kitchen,Cookware,19.9,48.43,2022-05-01
SKU-036,2024-01-22,51.0,48.43,0,2469.9300000000003,Kitchen,Cookware,19.9,48.43,2022-05-01
SKU-036,2024-01-29,35.0,48.43,0,1695.0500000000002,Kitchen,Cookware,19.9,48.43,2022-05-01
SKU-036,2024-02-05,58.0,48.43,0,2808.94,Kitchen,Cookware,19.9,48.43,2022-05-01
SKU-036,2024-02-12,79.0,44.256,1,3378.79,Kitchen,Cookware,19.9,48.43,2022-05-01
SKU-036,2024-02-19,44.0,48.43,0,2130.92,Kitchen,Cookware,19.9,48.43,2022-05-01
SKU-036,2024-02-26,45.0,48.43,0,2179.35,Kitchen,Cookware,19.9,48.43,2022-05-01
SKU-036,2024-03-04,63.0,48.43,0,3051.09,Kitchen,Cookware,19.9,48.43,2022-05-01
SKU-036,2024-03-11,36.0,45.27,1,1620.24,Kitchen,Cookware,19.9,48.43,2022-05-01
SKU-036,2024-03-18,101.0,42.33714285714286,1,4222.13,Kitchen,Cookware,19.9,48.43,2022-05-01
SKU-036,2024-03-25,46.0,48.43,0,2905.8,Kitchen,Cookware,19.9,48.43,2022-05-01
SKU-036,2024-04-01,64.0,48.43,0,3099.52,Kitchen,Cookware,19.9,48.43,2022-05-01
SKU-036,2024-04-08,62.0,48.43,0,3002.66,Kitchen,Cookware,19.9,48.43,2022-05-01
SKU-036,2024-04-15,40.0,48.43,0,1937.2,Kitchen,Cookware,19.9,48.43,2022-05-01
SKU-036,2024-04-22,38.0,48.43,0,1840.3400000000001,Kitchen,Cookware,19.9,48.43,2022-05-01
SKU-036,2024-04-29,81.0,48.43,0,3922.83,Kitchen,Cookware,19.9,48.43,2022-05-01
SKU-036,2024-05-06,18.0,48.43,0,871.74,Kitchen,Cookware,19.9,48.43,2022-05-01
SKU-036,2024-05-13,69.0,48.43,0,3341.67,Kitchen,Cookware,19.9,48.43,2022-05-01
SKU-036,2024-05-20,80.0,47.01833333333334,1,3721.94,Kitchen,Cookware,19.9,48.43,2022-05-01
SKU-036,2024-05-27,47.0,48.43,0,2276.21,Kitchen,Cookware,19.9,48.43,2022-05-01
SKU-036,2024-06-03,50.0,48.43,0,2421.5,Kitchen,Cookware,19.9,48.43,2022-05-01
SKU-036,2024-06-10,48.0,48.43,0,2324.6400000000003,Kitchen,Cookware,19.9,48.43,2022-05-01
SKU-036,2024-06-17,64.0,48.43,0,3099.52,Kitchen,Cookware,19.9,48.43,2022-05-01
SKU-036,2024-06-24,11.0,48.43,0,532.73,Kitchen,Cookware,19.9,48.43,2022-05-01
SKU-036,2024-07-01,106.0,40.486000000000004,1,4308.87,Kitchen,Cookware,19.9,48.43,2022-05-01
SKU-036,2024-07-08,70.0,48.43,0,3390.1,Kitchen,Cookware,19.9,48.43,2022-05-01
SKU-036,2024-07-15,69.0,48.43,0,3341.67,Kitchen,Cookware,19.9,48.43,2022-05-01
SKU-036,2024-07-22,28.0,48.43,0,1356.04,Kitchen,Cookware,19.9,48.43,2022-05-01
SKU-036,2024-07-29,48.0,48.43,0,2324.64,Kitchen,Cookware,19.9,48.43,2022-05-01
SKU-036,2024-08-05,67.0,44.903999999999996,1,2929.58,Kitchen,Cookware,19.9,48.43,2022-05-01
SKU-036,2024-08-12,85.0,38.45399999999999,1,3277.3,Kitchen,Cookware,19.9,48.43,2022-05-01
SKU-036,2024-08-19,45.0,41.68,1,1850.64,Kitchen,Cookware,19.9,48.43,2022-05-01
SKU-036,2024-08-26,47.0,48.43,0,2276.21,Kitchen,Cookware,19.9,48.43,2022-05-01
SKU-036,2024-09-02,112.0,42.935,1,4649.139999999999,Kitchen,Cookware,19.9,48.43,2022-05-01
SKU-036,2024-09-09,62.0,46.589999999999996,1,2855.46,Kitchen,Cookware,19.9,48.43,2022-05-01
SKU-036,2024-09-16,41.0,48.43,0,1985.63,Kitchen,Cookware,19.9,48.43,2022-05-01
SKU-036,2024-09-23,49.0,48.43,0,2373.0699999999997,Kitchen,Cookware,19.9,48.43,2022-05-01
SKU-036,2024-09-30,34.0,48.43,0,1646.62,Kitchen,Cookware,19.9,48.43,2022-05-01
SKU-036,2024-10-07,55.0,45.004,1,2430.01,Kitchen,Cookware,19.9,48.43,2022-05-01
SKU-036,2024-10-14,58.0,46.96,1,2673.7,Kitchen,Cookware,19.9,48.43,2022-05-01
SKU-036,2024-10-21,30.0,48.43,0,1452.9,Kitchen,Cookware,19.9,48.43,2022-05-01
SKU-036,2024-10-28,49.0,48.43,0,2373.0699999999997,Kitchen,Cookware,19.9,48.43,2022-05-01
SKU-036,2024-11-04,42.0,48.43,0,2760.51,Kitchen,Cookware,19.9,48.43,2022-05-01
SKU-036,2024-11-11,43.0,48.43,0,2082.49,Kitchen,Cookware,19.9,48.43,2022-05-01
SKU-036,2024-11-18,105.0,46.95399999999999,1,4878.51,Kitchen,Cookware,19.9,48.43,2022-05-01
SKU-036,2024-11-25,84.0,40.516000000000005,1,4517.7,Kitchen,Cookware,19.9,48.43,2022-05-01
SKU-036,2024-12-02,46.0,48.43,0,2227.7799999999997,Kitchen,Cookware,19.9,48.43,2022-05-01
SKU-036,2024-12-09,93.0,46.394,1,4290.21,Kitchen,Cookware,19.9,48.43,2022-05-01
SKU-036,2024-12-16,93.0,38.73333333333333,1,3644.64,Kitchen,Cookware,19.9,48.43,2022-05-01
SKU-036,2024-12-23,95.0,45.905,1,4309.9,Kitchen,Cookware,19.9,48.43,2022-05-01
SKU-036,2024-12-30,82.0,43.552,1,3482.4,Kitchen,Cookware,19.9,48.43,2022-05-01
SKU-036,2025-01-06,22.0,48.43,0,1065.46,Kitchen,Cookware,19.9,48.43,2022-05-01
SKU-036,2025-01-13,67.0,48.43,0,3244.81,Kitchen,Cookware,19.9,48.43,2022-05-01
SKU-036,2025-01-20,65.0,48.43,0,3147.9500000000003,Kitchen,Cookware,19.9,48.43,2022-05-01
SKU-036,2025-01-27,33.0,48.43,0,1598.19,Kitchen,Cookware,19.9,48.43,2022-05-01
SKU-036,2025-02-03,57.0,48.43,0,2760.51,Kitchen,Cookware,19.9,48.43,2022-05-01
SKU-036,2025-02-10,46.0,48.43,0,2227.7799999999997,Kitchen,Cookware,19.9,48.43,2022-05-01
SKU-036,2025-02-17,54.0,46.652,1,2472.98,Kitchen,Cookware,19.9,48.43,2022-05-01
SKU-036,2025-02-24,64.0,48.43,0,3099.52,Kitchen,Cookware,19.9,48.43,2022-05-01
SKU-036,2025-03-03,28.0,48.43,0,1356.04,Kitchen,Cookware,19.9,48.43,2022-05-01
SKU-036,2025-03-10,59.0,47.148,1,2729.17,Kitchen,Cookware,19.9,48.43,2022-05-01
SKU-036,2025-03-17,74.0,43.004,1,3108.2599999999998,Kitchen,Cookware,19.9,48.43,2022-05-01
SKU-036,2025-03-24,51.0,48.43,0,2469.93,Kitchen,Cookware,19.9,48.43,2022-05-01
SKU-036,2025-03-31,45.0,48.43,0,2179.35,Kitchen,Cookware,19.9,48.43,2022-05-01
SKU-036,2025-04-07,45.0,48.43,0,2179.35,Kitchen,Cookware,19.9,48.43,2022-05-01
SKU-036,2025-04-14,10.0,48.43,0,1065.46,Kitchen,Cookware,19.9,48.43,2022-05-01
SKU-036,2025-04-21,47.0,48.43,0,2276.21,Kitchen,Cookware,19.9,48.43,2022-05-01
SKU-036,2025-04-28,18.0,48.43,0,871.74,Kitchen,Cookware,19.9,48.43,2022-05-01
SKU-036,2025-05-05,26.0,48.43,0,1259.1799999999998,Kitchen,Cookware,19.9,48.43,2022-05-01
SKU-036,2025-05-12,59.0,48.43,0,2857.37,Kitchen,Cookware,19.9,48.43,2022-05-01
SKU-036,2025-05-19,61.0,46.024,1,2809.87,Kitchen,Cookware,19.9,48.43,2022-05-01
SKU-036,2025-05-26,118.0,41.90833333333333,1,4897.65,Kitchen,Cookware,19.9,48.43,2022-05-01
SKU-036,2025-06-02,69.0,48.43,0,3341.67,Kitchen,Cookware,19.9,48.43,2022-05-01
SKU-036,2025-06-09,58.0,48.43,0,2808.94,Kitchen,Cookware,19.9,48.43,2022-05-01
SKU-036,2025-06-16,53.0,48.43,0,2566.79,Kitchen,Cookware,19.9,48.43,2022-05-01
SKU-036,2025-06-23,90.0,48.43,0,4358.7,Kitchen,Cookware,19.9,48.43,2022-05-01
SKU-036,2025-06-30,117.0,40.71,1,4695.74,Kitchen,Cookware,19.9,48.43,2022-05-01
SKU-036,2025-07-07,66.0,46.528,1,2977.65,Kitchen,Cookware,19.9,48.43,2022-05-01
SKU-036,2025-07-14,69.0,48.43,0,3341.67,Kitchen,Cookware,19.9,48.43,2022-05-01
SKU-036,2025-07-21,46.0,48.43,0,2227.7799999999997,Kitchen,Cookware,19.9,48.43,2022-05-01
SKU-036,2025-07-28,59.0,48.43,0,2857.37,Kitchen,Cookware,19.9,48.43,2022-05-01
SKU-036,2025-08-04,60.0,48.43,0,2905.8,Kitchen,Cookware,19.9,48.43,2022-05-01
SKU-036,2025-08-11,111.0,39.474000000000004,1,4395.3,Kitchen,Cookware,19.9,48.43,2022-05-01
SKU-036,2025-08-18,67.0,43.85,1,2879.4300000000003,Kitchen,Cookware,19.9,48.43,2022-05-01
SKU-036,2025-08-25,33.0,48.43,0,1598.19,Kitchen,Cookware,19.9,48.43,2022-05-01
SKU-036,2025-09-01,84.0,46.123333333333335,1,3812.74,Kitchen,Cookware,19.9,48.43,2022-05-01
SKU-036,2025-09-08,65.0,44.906,1,2842.51,Kitchen,Cookware,19.9,48.43,2022-05-01
SKU-036,2025-09-15,71.0,48.43,0,3438.53,Kitchen,Cookware,19.9,48.43,2022-05-01
SKU-036,2025-09-22,35.0,48.43,0,1695.05,Kitchen,Cookware,19.9,48.43,2022-05-01
SKU-036,2025-09-29,42.0,48.43,0,2615.22,Kitchen,Cookware,19.9,48.43,2022-05-01
SKU-036,2025-10-06,75.0,42.414,1,3074.86,Kitchen,Cookware,19.9,48.43,2022-05-01
SKU-036,2025-10-13,80.0,42.528333333333336,1,3336.31,Kitchen,Cookware,19.9,48.43,2022-05-01
SKU-036,2025-10-20,43.0,48.43,0,2082.49,Kitchen,Cookware,19.9,48.43,2022-05-01
SKU-036,2025-10-27,40.0,48.43,0,1937.2,Kitchen,Cookware,19.9,48.43,2022-05-01
SKU-036,2025-11-03,84.0,48.43,0,4068.12,Kitchen,Cookware,19.9,48.43,2022-05-01
SKU-036,2025-11-10,51.0,48.43,0,2469.9300000000003,Kitchen,Cookware,19.9,48.43,2022-05-01
SKU-036,2025-11-17,92.0,46.910000000000004,1,4242.76,Kitchen,Cookware,19.9,48.43,2022-05-01
SKU-036,2025-11-24,96.0,39.502500000000005,1,3779.7799999999997,Kitchen,Cookware,19.9,48.43,2022-05-01
SKU-036,2025-12-01,98.0,48.43,0,4746.14,Kitchen,Cookware,19.9,48.43,2022-05-01
SKU-036,2025-12-08,86.0,48.43,0,4164.98,Kitchen,Cookware,19.9,48.43,2022-05-01
SKU-036,2025-12-15,100.0,40.3725,1,4023.3599999999997,Kitchen,Cookware,19.9,48.43,2022-05-01
SKU-036,2025-12-22,119.0,42.47,1,5018.29,Kitchen,Cookware,19.9,48.43,2022-05-01
SKU-036,2025-12-29,58.0,46.11,1,2623.34,Kitchen,Cookware,19.9,48.43,2022-05-01
SKU-036,2026-01-05,30.0,48.43,0,1452.9,Kitchen,Cookware,19.9,48.43,2022-05-01
SKU-036,2026-01-12,31.0,48.43,0,1501.33,Kitchen,Cookware,19.9,48.43,2022-05-01
SKU-036,2026-01-19,37.0,48.43,0,1791.91,Kitchen,Cookware,19.9,48.43,2022-05-01
SKU-036,2026-01-26,58.0,48.43,0,2808.94,Kitchen,Cookware,19.9,48.43,2022-05-01
SKU-036,2026-02-02,54.0,48.43,0,2615.2200000000003,Kitchen,Cookware,19.9,48.43,2022-05-01
SKU-036,2026-02-09,50.0,48.43,0,2421.5,Kitchen,Cookware,19.9,48.43,2022-05-01
SKU-036,2026-02-16,86.0,44.94833333333333,1,3665.88,Kitchen,Cookware,19.9,48.43,2022-05-01
SKU-036,2026-02-23,46.0,48.43,0,2227.7799999999997,Kitchen,Cookware,19.9,48.43,2022-05-01
SKU-036,2026-03-02,73.0,48.43,0,3535.39,Kitchen,Cookware,19.9,48.43,2022-05-01
SKU-036,2026-03-09,60.0,47.013999999999996,1,2813.76,Kitchen,Cookware,19.9,48.43,2022-05-01
SKU-036,2026-03-16,71.0,42.8875,1,2973.44,Kitchen,Cookware,19.9,48.43,2022-05-01
SKU-036,2026-03-23,42.0,48.43,0,2034.06,Kitchen,Cookware,19.9,48.43,2022-05-01
SKU-036,2026-03-30,58.0,48.43,0,2808.94,Kitchen,Cookware,19.9,48.43,2022-05-01
SKU-036,2026-04-06,33.0,48.43,0,1598.19,Kitchen,Cookware,19.9,48.43,2022-05-01
SKU-036,2026-04-13,50.0,48.43,0,2421.5,Kitchen,Cookware,19.9,48.43,2022-05-01
SKU-036,2026-04-20,50.0,48.43,0,2421.5,Kitchen,Cookware,19.9,48.43,2022-05-01
SKU-036,2026-04-27,32.0,48.43,0,1840.34,Kitchen,Cookware,19.9,48.43,2022-05-01
SKU-036,2026-05-04,81.0,48.43,0,3922.83,Kitchen,Cookware,19.9,48.43,2022-05-01
SKU-036,2026-05-11,42.0,48.43,0,2034.06,Kitchen,Cookware,19.9,48.43,2022-05-01
SKU-036,2026-05-18,49.0,46.7525,1,2245.58,Kitchen,Cookware,19.9,48.43,2022-05-01
SKU-036,2026-05-25,64.0,44.879999999999995,1,3442.84,Kitchen,Cookware,19.9,48.43,2022-05-01
SKU-036,2026-06-01,48.0,48.43,0,2324.64,Kitchen,Cookware,19.9,48.43,2022-05-01
SKU-036,2026-06-08,70.0,48.43,0,4116.55,Kitchen,Cookware,19.9,48.43,2022-05-01
SKU-036,2026-06-15,66.0,48.43,0,3196.38,Kitchen,Cookware,19.9,48.43,2022-05-01
SKU-036,2026-06-22,49.0,48.43,0,2373.07,Kitchen,Cookware,19.9,48.43,2022-05-01
SKU-036,2026-06-29,107.0,42.376666666666665,1,4434.34,Kitchen,Cookware,19.9,48.43,2022-05-01
SKU-036,2026-07-06,43.0,45.01,1,1836.25,Kitchen,Cookware,19.9,48.43,2022-05-01
SKU-036,2026-07-13,55.0,48.43,0,2663.65,Kitchen,Cookware,19.9,48.43,2022-05-01
SKU-036,2026-07-20,55.0,48.43,0,2663.65,Kitchen,Cookware,19.9,48.43,2022-05-01
SKU-036,2026-07-27,40.0,48.43,0,1937.1999999999998,Kitchen,Cookware,19.9,48.43,2022-05-01
SKU-036,2026-08-03,70.0,48.43,0,3390.1000000000004,Kitchen,Cookware,19.9,48.43,2022-05-01
SKU-036,2026-08-10,101.0,40.708000000000006,1,4128.61,Kitchen,Cookware,19.9,48.43,2022-05-01
SKU-036,2026-08-17,59.0,42.845,1,2452.13,Kitchen,Cookware,19.9,48.43,2022-05-01
SKU-036,2026-08-24,85.0,48.43,0,4116.55,Kitchen,Cookware,19.9,48.43,2022-05-01
SKU-036,2026-08-31,5.0,48.43,0,242.15,Kitchen,Cookware,19.9,48.43,2022-05-01
SKU-037,2024-01-01,24.0,63.76833333333334,1,1523.3899999999999,Kitchen,Storage,34.74,69.3,2022-05-26
SKU-037,2024-01-08,12.0,69.3,0,831.6,Kitchen,Storage,34.74,69.3,2022-05-26
SKU-037,2024-01-15,14.0,69.3,0,970.1999999999999,Kitchen,Storage,34.74,69.3,2022-05-26
SKU-037,2024-01-22,16.0,69.3,0,1108.8,Kitchen,Storage,34.74,69.3,2022-05-26
SKU-037,2024-01-29,13.0,69.3,0,900.9,Kitchen,Storage,34.74,69.3,2022-05-26
SKU-037,2024-02-05,19.0,69.3,0,1316.7,Kitchen,Storage,34.74,69.3,2022-05-26
SKU-037,2024-02-12,13.0,64.994,1,818.75,Kitchen,Storage,34.74,69.3,2022-05-26
SKU-037,2024-02-19,10.0,69.3,0,693.0,Kitchen,Storage,34.74,69.3,2022-05-26
SKU-037,2024-02-26,12.0,69.3,0,831.6,Kitchen,Storage,34.74,69.3,2022-05-26
SKU-037,2024-03-04,16.0,69.3,0,1108.8,Kitchen,Storage,34.74,69.3,2022-05-26
SKU-037,2024-03-11,12.0,65.09,1,762.3399999999999,Kitchen,Storage,34.74,69.3,2022-05-26
SKU-037,2024-03-18,19.0,60.855999999999995,1,1174.52,Kitchen,Storage,34.74,69.3,2022-05-26
SKU-037,2024-03-25,13.0,69.3,0,900.9,Kitchen,Storage,34.74,69.3,2022-05-26
SKU-037,2024-04-01,21.0,69.3,0,1455.3,Kitchen,Storage,34.74,69.3,2022-05-26
SKU-037,2024-04-08,14.0,69.3,0,970.2,Kitchen,Storage,34.74,69.3,2022-05-26
SKU-037,2024-04-15,30.0,69.3,0,2079.0,Kitchen,Storage,34.74,69.3,2022-05-26
SKU-037,2024-04-22,14.0,69.3,0,970.1999999999999,Kitchen,Storage,34.74,69.3,2022-05-26
SKU-037,2024-04-29,25.0,69.3,0,1732.5,Kitchen,Storage,34.74,69.3,2022-05-26
SKU-037,2024-05-06,22.0,69.3,0,1524.6,Kitchen,Storage,34.74,69.3,2022-05-26
SKU-037,2024-05-13,13.0,69.3,0,900.9,Kitchen,Storage,34.74,69.3,2022-05-26
SKU-037,2024-05-20,16.0,67.446,1,1099.53,Kitchen,Storage,34.74,69.3,2022-05-26
SKU-037,2024-05-27,24.0,67.17857142857143,1,1574.1,Kitchen,Storage,34.74,69.3,2022-05-26
SKU-037,2024-06-03,13.0,69.3,0,900.9,Kitchen,Storage,34.74,69.3,2022-05-26
SKU-037,2024-06-10,25.0,69.3,0,1732.5,Kitchen,Storage,34.74,69.3,2022-05-26
SKU-037,2024-06-17,6.0,69.3,0,415.8,Kitchen,Storage,34.74,69.3,2022-05-26
SKU-037,2024-06-24,9.0,69.3,0,623.7,Kitchen,Storage,34.74,69.3,2022-05-26
SKU-037,2024-07-01,25.0,57.17333333333334,1,1427.63,Kitchen,Storage,34.74,69.3,2022-05-26
SKU-037,2024-07-08,17.0,69.3,0,1178.1,Kitchen,Storage,34.74,69.3,2022-05-26
SKU-037,2024-07-15,22.0,69.3,0,1524.6,Kitchen,Storage,34.74,69.3,2022-05-26
SKU-037,2024-07-22,18.0,69.3,0,1247.4,Kitchen,Storage,34.74,69.3,2022-05-26
SKU-037,2024-07-29,9.0,69.3,0,623.7,Kitchen,Storage,34.74,69.3,2022-05-26
SKU-037,2024-08-05,26.0,66.63833333333334,1,1701.27,Kitchen,Storage,34.74,69.3,2022-05-26
SKU-037,2024-08-12,23.0,55.815999999999995,1,1267.12,Kitchen,Storage,34.74,69.3,2022-05-26
SKU-037,2024-08-19,19.0,66.2975,1,1220.62,Kitchen,Storage,34.74,69.3,2022-05-26
SKU-037,2024-08-26,15.0,69.3,0,1039.5,Kitchen,Storage,34.74,69.3,2022-05-26
SKU-037,2024-09-02,29.0,64.78166666666667,1,1841.92,Kitchen,Storage,34.74,69.3,2022-05-26
SKU-037,2024-09-09,22.0,67.58,1,1512.56,Kitchen,Storage,34.74,69.3,2022-05-26
SKU-037,2024-09-16,20.0,69.3,0,1386.0,Kitchen,Storage,34.74,69.3,2022-05-26
SKU-037,2024-09-23,22.0,69.3,0,1524.6000000000001,Kitchen,Storage,34.74,69.3,2022-05-26
SKU-037,2024-09-30,12.0,69.3,0,831.5999999999999,Kitchen,Storage,34.74,69.3,2022-05-26
SKU-037,2024-10-07,32.0,62.065714285714286,1,2041.88,Kitchen,Storage,34.74,69.3,2022-05-26
SKU-037,2024-10-14,24.0,62.604,1,1479.15,Kitchen,Storage,34.74,69.3,2022-05-26
SKU-037,2024-10-21,14.0,69.3,0,970.1999999999999,Kitchen,Storage,34.74,69.3,2022-05-26
SKU-037,2024-10-28,27.0,69.3,0,1871.1000000000001,Kitchen,Storage,34.74,69.3,2022-05-26
SKU-037,2024-11-04,25.0,69.3,0,1732.5,Kitchen,Storage,34.74,69.3,2022-05-26
SKU-037,2024-11-11,21.0,69.3,0,1455.3000000000002,Kitchen,Storage,34.74,69.3,2022-05-26
SKU-037,2024-11-18,33.0,65.67,1,2184.48,Kitchen,Storage,34.74,69.3,2022-05-26
SKU-037,2024-11-25,38.0,57.29,1,2161.58,Kitchen,Storage,34.74,69.3,2022-05-26
SKU-037,2024-12-02,28.0,69.3,0,1940.4,Kitchen,Storage,34.74,69.3,2022-05-26
SKU-037,2024-12-09,25.0,66.926,1,1601.9299999999998,Kitchen,Storage,34.74,69.3,2022-05-26
SKU-037,2024-12-16,27.0,56.8775,1,1559.0500000000002,Kitchen,Storage,34.74,69.3,2022-05-26
SKU-037,2024-12-23,38.0,64.40142857142857,1,2431.9700000000003,Kitchen,Storage,34.74,69.3,2022-05-26
SKU-037,2024-12-30,17.0,63.333333333333336,1,1115.08,Kitchen,Storage,34.74,69.3,2022-05-26
SKU-037,2025-01-06,15.0,69.3,0,1039.5,Kitchen,Storage,34.74,69.3,2022-05-26
SKU-037,2025-01-13,12.0,69.3,0,831.6,Kitchen,Storage,34.74,69.3,2022-05-26
SKU-037,2025-01-20,15.0,69.3,0,1039.5,Kitchen,Storage,34.74,69.3,2022-05-26
SKU-037,2025-01-27,10.0,69.3,0,693.0,Kitchen,Storage,34.74,69.3,2022-05-26
SKU-037,2025-02-03,22.0,69.3,0,1524.6,Kitchen,Storage,34.74,69.3,2022-05-26
SKU-037,2025-02-10,16.0,69.3,0,1108.8,Kitchen,Storage,34.74,69.3,2022-05-26
SKU-037,2025-02-17,23.0,66.105,1,1536.3899999999999,Kitchen,Storage,34.74,69.3,2022-05-26
SKU-037,2025-02-24,11.0,69.3,0,762.3,Kitchen,Storage,34.74,69.3,2022-05-26
SKU-037,2025-03-03,20.0,69.3,0,1386.0,Kitchen,Storage,34.74,69.3,2022-05-26
SKU-037,2025-03-10,10.0,65.926,1,642.39,Kitchen,Storage,34.74,69.3,2022-05-26
SKU-037,2025-03-17,13.0,62.196666666666665,1,787.6700000000001,Kitchen,Storage,34.74,69.3,2022-05-26
SKU-037,2025-03-24,11.0,69.3,0,762.3,Kitchen,Storage,34.74,69.3,2022-05-26
SKU-037,2025-03-31,13.0,69.3,0,900.9,Kitchen,Storage,34.74,69.3,2022-05-26
SKU-037,2025-04-07,12.0,69.3,0,831.6,Kitchen,Storage,34.74,69.3,2022-05-26
SKU-037,2025-04-14,21.0,69.3,0,1455.3,Kitchen,Storage,34.74,69.3,2022-05-26
SKU-037,2025-04-21,16.0,69.3,0,1108.8,Kitchen,Storage,34.74,69.3,2022-05-26
SKU-037,2025-04-28,12.0,69.3,0,831.6,Kitchen,Storage,34.74,69.3,2022-05-26
SKU-037,2025-05-05,22.0,69.3,0,1524.6000000000001,Kitchen,Storage,34.74,69.3,2022-05-26
SKU-037,2025-05-12,24.0,69.3,0,1663.2,Kitchen,Storage,34.74,69.3,2022-05-26
SKU-037,2025-05-19,15.0,69.3,0,1039.5,Kitchen,Storage,34.74,69.3,2022-05-26
SKU-037,2025-05-26,36.0,59.209999999999994,1,2072.0299999999997,Kitchen,Storage,34.74,69.3,2022-05-26
SKU-037,2025-06-02,15.0,69.3,0,1039.5,Kitchen,Storage,34.74,69.3,2022-05-26
SKU-037,2025-06-09,12.0,69.3,0,831.6,Kitchen,Storage,34.74,69.3,2022-05-26
SKU-037,2025-06-16,22.0,69.3,0,1524.6,Kitchen,Storage,34.74,69.3,2022-05-26
SKU-037,2025-06-23,15.0,69.3,0,1039.5,Kitchen,Storage,34.74,69.3,2022-05-26
SKU-037,2025-06-30,20.0,59.89399999999999,1,1175.58,Kitchen,Storage,34.74,69.3,2022-05-26
SKU-037,2025-07-07,15.0,67.55799999999999,1,1004.66,Kitchen,Storage,34.74,69.3,2022-05-26
SKU-037,2025-07-14,11.0,69.3,0,762.3,Kitchen,Storage,34.74,69.3,2022-05-26
SKU-037,2025-07-21,24.0,69.3,0,1663.2,Kitchen,Storage,34.74,69.3,2022-05-26
SKU-037,2025-07-28,17.0,69.3,0,1178.1,Kitchen,Storage,34.74,69.3,2022-05-26
SKU-037,2025-08-04,12.0,65.07333333333334,1,717.48,Kitchen,Storage,34.74,69.3,2022-05-26
SKU-037,2025-08-11,27.0,55.99,1,1656.02,Kitchen,Storage,34.74,69.3,2022-05-26
SKU-037,2025-08-18,34.0,63.628571428571426,1,2135.42,Kitchen,Storage,34.74,69.3,2022-05-26
SKU-037,2025-08-25,27.0,69.3,0,1871.1000000000001,Kitchen,Storage,34.74,69.3,2022-05-26
SKU-037,2025-09-01,10.0,69.3,0,693.0,Kitchen,Storage,34.74,69.3,2022-05-26
SKU-037,2025-09-08,28.0,64.61999999999999,1,1792.27,Kitchen,Storage,34.74,69.3,2022-05-26
SKU-037,2025-09-15,17.0,69.3,0,1178.1,Kitchen,Storage,34.74,69.3,2022-05-26
SKU-037,2025-09-22,8.0,69.3,0,623.7,Kitchen,Storage,34.74,69.3,2022-05-26
SKU-037,2025-09-29,7.0,69.3,0,554.4,Kitchen,Storage,34.74,69.3,2022-05-26
SKU-037,2025-10-06,20.0,62.916,1,1259.07,Kitchen,Storage,34.74,69.3,2022-05-26
SKU-037,2025-10-13,20.0,64.49666666666666,1,1268.8799999999999,Kitchen,Storage,34.74,69.3,2022-05-26
SKU-037,2025-10-20,9.0,69.3,0,623.7,Kitchen,Storage,34.74,69.3,2022-05-26
SKU-037,2025-10-27,12.0,69.3,0,831.5999999999999,Kitchen,Storage,34.74,69.3,2022-05-26
SKU-037,2025-11-03,17.0,69.3,0,1178.1,Kitchen,Storage,34.74,69.3,2022-05-26
SKU-037,2025-11-10,18.0,69.3,0,1524.6,Kitchen,Storage,34.74,69.3,2022-05-26
SKU-037,2025-11-17,26.0,69.3,0,1801.8000000000002,Kitchen,Storage,34.74,69.3,2022-05-26
SKU-037,2025-11-24,27.0,58.7,1,1596.04,Kitchen,Storage,34.74,69.3,2022-05-26
SKU-037,2025-12-01,19.0,69.3,0,1316.7,Kitchen,Storage,34.74,69.3,2022-05-26
SKU-037,2025-12-08,26.0,69.3,0,1801.8,Kitchen,Storage,34.74,69.3,2022-05-26
SKU-037,2025-12-15,41.0,55.98666666666667,1,2291.98,Kitchen,Storage,34.74,69.3,2022-05-26
SKU-037,2025-12-22,19.0,60.765,1,1128.8600000000001,Kitchen,Storage,34.74,69.3,2022-05-26
SKU-037,2025-12-29,19.0,63.504,1,1182.75,Kitchen,Storage,34.74,69.3,2022-05-26
SKU-037,2026-01-05,10.0,69.3,0,693.0,Kitchen,Storage,34.74,69.3,2022-05-26
SKU-037,2026-01-12,18.0,69.3,0,1247.4,Kitchen,Storage,34.74,69.3,2022-05-26
SKU-037,2026-01-19,16.0,69.3,0,1108.8,Kitchen,Storage,34.74,69.3,2022-05-26
SKU-037,2026-01-26,18.0,69.3,0,1247.4,Kitchen,Storage,34.74,69.3,2022-05-26
SKU-037,2026-02-02,17.0,69.3,0,1178.1,Kitchen,Storage,34.74,69.3,2022-05-26
SKU-037,2026-02-09,15.0,69.3,0,1039.5,Kitchen,Storage,34.74,69.3,2022-05-26
SKU-037,2026-02-16,9.0,66.55,1,615.45,Kitchen,Storage,34.74,69.3,2022-05-26
SKU-037,2026-02-23,18.0,69.3,0,1247.4,Kitchen,Storage,34.74,69.3,2022-05-26
SKU-037,2026-03-02,12.0,69.3,0,831.6,Kitchen,Storage,34.74,69.3,2022-05-26
SKU-037,2026-03-09,18.0,67.96333333333332,1,1199.28,Kitchen,Storage,34.74,69.3,2022-05-26
SKU-037,2026-03-16,23.0,60.495,1,1377.1599999999999,Kitchen,Storage,34.74,69.3,2022-05-26
SKU-037,2026-03-23,21.0,69.3,0,1455.3,Kitchen,Storage,34.74,69.3,2022-05-26
SKU-037,2026-03-30,15.0,69.3,0,1039.5,Kitchen,Storage,34.74,69.3,2022-05-26
SKU-037,2026-04-06,16.0,69.3,0,1108.8,Kitchen,Storage,34.74,69.3,2022-05-26
SKU-037,2026-04-13,11.0,69.3,0,762.3,Kitchen,Storage,34.74,69.3,2022-05-26
SKU-037,2026-04-20,13.0,69.3,0,900.9,Kitchen,Storage,34.74,69.3,2022-05-26
SKU-037,2026-04-27,23.0,69.3,0,1593.9,Kitchen,Storage,34.74,69.3,2022-05-26
SKU-037,2026-05-04,6.0,69.3,0,415.8,Kitchen,Storage,34.74,69.3,2022-05-26
SKU-037,2026-05-11,19.0,69.3,0,1316.7,Kitchen,Storage,34.74,69.3,2022-05-26
SKU-037,2026-05-18,20.0,66.84333333333333,1,1312.3,Kitchen,Storage,34.74,69.3,2022-05-26
SKU-037,2026-05-25,13.0,62.95399999999999,1,853.96,Kitchen,Storage,34.74,69.3,2022-05-26
SKU-037,2026-06-01,9.0,69.3,0,623.7,Kitchen,Storage,34.74,69.3,2022-05-26
SKU-037,2026-06-08,25.0,69.3,0,1732.5,Kitchen,Storage,34.74,69.3,2022-05-26
SKU-037,2026-06-15,16.0,69.3,0,1108.8,Kitchen,Storage,34.74,69.3,2022-05-26
SKU-037,2026-06-22,17.0,69.3,0,1178.1,Kitchen,Storage,34.74,69.3,2022-05-26
SKU-037,2026-06-29,19.0,58.884,1,1142.45,Kitchen,Storage,34.74,69.3,2022-05-26
SKU-037,2026-07-06,31.0,65.782,1,1989.84,Kitchen,Storage,34.74,69.3,2022-05-26
SKU-037,2026-07-13,15.0,69.3,0,1039.5,Kitchen,Storage,34.74,69.3,2022-05-26
SKU-037,2026-07-20,19.0,69.3,0,1316.7,Kitchen,Storage,34.74,69.3,2022-05-26
SKU-037,2026-07-27,15.0,69.3,0,1039.5,Kitchen,Storage,34.74,69.3,2022-05-26
SKU-037,2026-08-03,14.0,69.3,0,970.2,Kitchen,Storage,34.74,69.3,2022-05-26
SKU-037,2026-08-10,17.0,57.089999999999996,1,968.6,Kitchen,Storage,34.74,69.3,2022-05-26
SKU-037,2026-08-17,27.0,62.59142857142857,1,1811.04,Kitchen,Storage,34.74,69.3,2022-05-26
SKU-037,2026-08-24,16.0,69.3,0,1108.8,Kitchen,Storage,34.74,69.3,2022-05-26
SKU-037,2026-08-31,3.0,69.3,0,207.9,Kitchen,Storage,34.74,69.3,2022-05-26
SKU-038,2024-01-01,18.0,76.81166666666667,1,1398.65,Kitchen,Storage,36.04,83.12,2023-03-15
SKU-038,2024-01-08,20.0,83.12,0,1662.4,Kitchen,Storage,36.04,83.12,2023-03-15
SKU-038,2024-01-15,5.0,83.12,0,415.6,Kitchen,Storage,36.04,83.12,2023-03-15
SKU-038,2024-01-22,19.0,83.12,0,1579.2800000000002,Kitchen,Storage,36.04,83.12,2023-03-15
SKU-038,2024-01-29,29.0,83.12,0,2410.48,Kitchen,Storage,36.04,83.12,2023-03-15
SKU-038,2024-02-05,18.0,83.12,0,1496.16,Kitchen,Storage,36.04,83.12,2023-03-15
SKU-038,2024-02-12,18.0,74.864,1,1334.5900000000001,Kitchen,Storage,36.04,83.12,2023-03-15
SKU-038,2024-02-19,14.0,81.33200000000001,1,1101.1,Kitchen,Storage,36.04,83.12,2023-03-15
SKU-038,2024-02-26,8.0,83.12,0,664.96,Kitchen,Storage,36.04,83.12,2023-03-15
SKU-038,2024-03-04,9.0,83.12,0,748.08,Kitchen,Storage,36.04,83.12,2023-03-15
SKU-038,2024-03-11,21.0,74.84833333333334,1,1499.5900000000001,Kitchen,Storage,36.04,83.12,2023-03-15
SKU-038,2024-03-18,27.0,73.515,1,1997.16,Kitchen,Storage,36.04,83.12,2023-03-15
SKU-038,2024-03-25,18.0,83.12,0,1496.16,Kitchen,Storage,36.04,83.12,2023-03-15
SKU-038,2024-04-01,5.0,83.12,0,415.6,Kitchen,Storage,36.04,83.12,2023-03-15
SKU-038,2024-04-08,10.0,83.12,0,831.2,Kitchen,Storage,36.04,83.12,2023-03-15
SKU-038,2024-04-15,6.0,83.12,0,498.72,Kitchen,Storage,36.04,83.12,2023-03-15
SKU-038,2024-04-22,14.0,83.12,0,1163.68,Kitchen,Storage,36.04,83.12,2023-03-15
SKU-038,2024-04-29,13.0,83.12,0,1080.56,Kitchen,Storage,36.04,83.12,2023-03-15
SKU-038,2024-05-06,21.0,83.12,0,1745.52,Kitchen,Storage,36.04,83.12,2023-03-15
SKU-038,2024-05-13,19.0,83.12,0,1579.2800000000002,Kitchen,Storage,36.04,83.12,2023-03-15
SKU-038,2024-05-20,16.0,79.55600000000001,1,1223.0,Kitchen,Storage,36.04,83.12,2023-03-15
SKU-038,2024-05-27,15.0,80.35000000000001,1,1363.18,Kitchen,Storage,36.04,83.12,2023-03-15
SKU-038,2024-06-03,10.0,83.12,0,831.2,Kitchen,Storage,36.04,83.12,2023-03-15
SKU-038,2024-06-10,9.0,83.12,0,748.08,Kitchen,Storage,36.04,83.12,2023-03-15
SKU-038,2024-06-17,17.0,83.12,0,1413.04,Kitchen,Storage,36.04,83.12,2023-03-15
SKU-038,2024-06-24,21.0,83.12,0,1745.52,Kitchen,Storage,36.04,83.12,2023-03-15
SKU-038,2024-07-01,17.0,70.4625,1,1205.8600000000001,Kitchen,Storage,36.04,83.12,2023-03-15
SKU-038,2024-07-08,5.0,83.12,0,415.6,Kitchen,Storage,36.04,83.12,2023-03-15
SKU-038,2024-07-15,17.0,83.12,0,1413.04,Kitchen,Storage,36.04,83.12,2023-03-15
SKU-038,2024-07-22,9.0,83.12,0,748.08,Kitchen,Storage,36.04,83.12,2023-03-15
SKU-038,2024-07-29,16.0,83.12,0,1662.4,Kitchen,Storage,36.04,83.12,2023-03-15
SKU-038,2024-08-05,14.0,78.0,1,1061.28,Kitchen,Storage,36.04,83.12,2023-03-15
SKU-038,2024-08-12,22.0,69.06800000000001,1,1510.1599999999999,Kitchen,Storage,36.04,83.12,2023-03-15
SKU-038,2024-08-19,21.0,79.45142857142858,1,1591.44,Kitchen,Storage,36.04,83.12,2023-03-15
SKU-038,2024-08-26,14.0,80.77000000000001,1,1116.68,Kitchen,Storage,36.04,83.12,2023-03-15
SKU-038,2024-09-02,25.0,74.765,1,1829.54,Kitchen,Storage,36.04,83.12,2023-03-15
SKU-038,2024-09-09,10.0,83.12,0,914.32,Kitchen,Storage,36.04,83.12,2023-03-15
SKU-038,2024-09-16,6.0,83.12,0,831.2,Kitchen,Storage,36.04,83.12,2023-03-15
SKU-038,2024-09-23,16.0,83.12,0,1329.92,Kitchen,Storage,36.04,83.12,2023-03-15
SKU-038,2024-09-30,13.0,83.12,0,1080.56,Kitchen,Storage,36.04,83.12,2023-03-15
SKU-038,2024-10-07,22.0,75.954,1,1659.64,Kitchen,Storage,36.04,83.12,2023-03-15
SKU-038,2024-10-14,7.0,78.73333333333333,1,542.36,Kitchen,Storage,36.04,83.12,2023-03-15
SKU-038,2024-10-21,17.0,83.12,0,1413.04,Kitchen,Storage,36.04,83.12,2023-03-15
SKU-038,2024-10-28,16.0,83.12,0,1329.92,Kitchen,Storage,36.04,83.12,2023-03-15
SKU-038,2024-11-04,18.0,83.12,0,1496.16,Kitchen,Storage,36.04,83.12,2023-03-15
SKU-038,2024-11-11,20.0,83.12,0,1662.4,Kitchen,Storage,36.04,83.12,2023-03-15
SKU-038,2024-11-18,23.0,80.124,1,1791.92,Kitchen,Storage,36.04,83.12,2023-03-15
SKU-038,2024-11-25,18.0,71.536,1,1246.47,Kitchen,Storage,36.04,83.12,2023-03-15
SKU-038,2024-12-02,10.0,83.12,0,831.2,Kitchen,Storage,36.04,83.12,2023-03-15
SKU-038,2024-12-09,20.0,81.56500000000001,1,1634.41,Kitchen,Storage,36.04,83.12,2023-03-15
SKU-038,2024-12-16,26.0,68.652,1,1812.7800000000002,Kitchen,Storage,36.04,83.12,2023-03-15
SKU-038,2024-12-23,40.0,76.41857142857144,1,3027.59,Kitchen,Storage,36.04,83.12,2023-03-15
SKU-038,2024-12-30,21.0,77.89750000000001,1,1582.34,Kitchen,Storage,36.04,83.12,2023-03-15
SKU-038,2025-01-06,18.0,83.12,0,1496.16,Kitchen,Storage,36.04,83.12,2023-03-15
SKU-038,2025-01-13,11.0,83.12,0,914.32,Kitchen,Storage,36.04,83.12,2023-03-15
SKU-038,2025-01-20,13.0,83.12,0,1080.56,Kitchen,Storage,36.04,83.12,2023-03-15
SKU-038,2025-01-27,16.0,83.12,0,1329.92,Kitchen,Storage,36.04,83.12,2023-03-15
SKU-038,2025-02-03,18.0,83.12,0,1496.16,Kitchen,Storage,36.04,83.12,2023-03-15
SKU-038,2025-02-10,12.0,83.12,0,997.44,Kitchen,Storage,36.04,83.12,2023-03-15
SKU-038,2025-02-17,23.0,79.93666666666667,1,1835.3600000000001,Kitchen,Storage,36.04,83.12,2023-03-15
SKU-038,2025-02-24,9.0,83.12,0,748.08,Kitchen,Storage,36.04,83.12,2023-03-15
SKU-038,2025-03-03,17.0,83.12,0,1413.04,Kitchen,Storage,36.04,83.12,2023-03-15
SKU-038,2025-03-10,20.0,80.22166666666668,1,1592.55,Kitchen,Storage,36.04,83.12,2023-03-15
SKU-038,2025-03-17,26.0,75.562,1,1904.74,Kitchen,Storage,36.04,83.12,2023-03-15
SKU-038,2025-03-24,12.0,83.12,0,997.44,Kitchen,Storage,36.04,83.12,2023-03-15
SKU-038,2025-03-31,15.0,83.12,0,1246.8000000000002,Kitchen,Storage,36.04,83.12,2023-03-15
SKU-038,2025-04-07,20.0,83.12,0,1662.4,Kitchen,Storage,36.04,83.12,2023-03-15
SKU-038,2025-04-14,17.0,83.12,0,1413.04,Kitchen,Storage,36.04,83.12,2023-03-15
SKU-038,2025-04-21,6.0,83.12,0,498.72,Kitchen,Storage,36.04,83.12,2023-03-15
SKU-038,2025-04-28,13.0,83.12,0,1080.56,Kitchen,Storage,36.04,83.12,2023-03-15
SKU-038,2025-05-05,14.0,83.12,0,1163.68,Kitchen,Storage,36.04,83.12,2023-03-15
SKU-038,2025-05-12,23.0,83.12,0,1911.7600000000002,Kitchen,Storage,36.04,83.12,2023-03-15
SKU-038,2025-05-19,9.0,83.12,0,1080.56,Kitchen,Storage,36.04,83.12,2023-03-15
SKU-038,2025-05-26,29.0,72.79857142857144,1,2098.7,Kitchen,Storage,36.04,83.12,2023-03-15
SKU-038,2025-06-02,17.0,83.12,0,1413.04,Kitchen,Storage,36.04,83.12,2023-03-15
SKU-038,2025-06-09,11.0,83.12,0,914.32,Kitchen,Storage,36.04,83.12,2023-03-15
SKU-038,2025-06-16,19.0,83.12,0,1579.2800000000002,Kitchen,Storage,36.04,83.12,2023-03-15
SKU-038,2025-06-23,8.0,83.12,0,664.96,Kitchen,Storage,36.04,83.12,2023-03-15
SKU-038,2025-06-30,10.0,68.73,1,686.21,Kitchen,Storage,36.04,83.12,2023-03-15
SKU-038,2025-07-07,18.0,81.22833333333334,1,1700.1200000000001,Kitchen,Storage,36.04,83.12,2023-03-15
SKU-038,2025-07-14,7.0,83.12,0,664.96,Kitchen,Storage,36.04,83.12,2023-03-15
SKU-038,2025-07-21,15.0,83.12,0,1246.8000000000002,Kitchen,Storage,36.04,83.12,2023-03-15
SKU-038,2025-07-28,10.0,83.12,0,831.2,Kitchen,Storage,36.04,83.12,2023-03-15
SKU-038,2025-08-04,1.0,83.12,0,83.12,Kitchen,Storage,36.04,83.12,2023-03-15
SKU-038,2025-08-11,18.0,69.3875,1,1238.73,Kitchen,Storage,36.04,83.12,2023-03-15
SKU-038,2025-08-18,12.0,75.78,1,864.25,Kitchen,Storage,36.04,83.12,2023-03-15
SKU-038,2025-08-25,19.0,83.12,0,1579.2800000000002,Kitchen,Storage,36.04,83.12,2023-03-15
SKU-038,2025-09-01,12.0,79.83200000000001,1,931.6800000000001,Kitchen,Storage,36.04,83.12,2023-03-15
SKU-038,2025-09-08,20.0,76.91666666666667,1,1510.9,Kitchen,Storage,36.04,83.12,2023-03-15
SKU-038,2025-09-15,13.0,83.12,0,1080.56,Kitchen,Storage,36.04,83.12,2023-03-15
SKU-038,2025-09-22,11.0,83.12,0,914.32,Kitchen,Storage,36.04,83.12,2023-03-15
SKU-038,2025-09-29,16.0,83.12,0,1329.92,Kitchen,Storage,36.04,83.12,2023-03-15
SKU-038,2025-10-06,6.0,70.94,1,425.74,Kitchen,Storage,36.04,83.12,2023-03-15
SKU-038,2025-10-13,21.0,77.632,1,1614.48,Kitchen,Storage,36.04,83.12,2023-03-15
SKU-038,2025-10-20,11.0,83.12,0,914.32,Kitchen,Storage,36.04,83.12,2023-03-15
SKU-038,2025-10-27,11.0,83.12,0,914.32,Kitchen,Storage,36.04,83.12,2023-03-15
SKU-038,2025-11-03,20.0,83.12,0,1662.4,Kitchen,Storage,36.04,83.12,2023-03-15
SKU-038,2025-11-10,15.0,83.12,0,1246.8000000000002,Kitchen,Storage,36.04,83.12,2023-03-15
SKU-038,2025-11-17,22.0,79.244,1,1712.3600000000001,Kitchen,Storage,36.04,83.12,2023-03-15
SKU-038,2025-11-24,28.0,67.55857142857143,1,2280.9,Kitchen,Storage,36.04,83.12,2023-03-15
SKU-038,2025-12-01,12.0,83.12,0,997.44,Kitchen,Storage,36.04,83.12,2023-03-15
SKU-038,2025-12-08,21.0,83.12,0,1745.52,Kitchen,Storage,36.04,83.12,2023-03-15
SKU-038,2025-12-15,29.0,68.68833333333333,1,1997.72,Kitchen,Storage,36.04,83.12,2023-03-15
SKU-038,2025-12-22,24.0,73.102,1,1765.01,Kitchen,Storage,36.04,83.12,2023-03-15
SKU-038,2025-12-29,23.0,78.04,1,1698.38,Kitchen,Storage,36.04,83.12,2023-03-15
SKU-038,2026-01-05,5.0,83.12,0,415.6,Kitchen,Storage,36.04,83.12,2023-03-15
SKU-038,2026-01-12,16.0,83.12,0,1329.92,Kitchen,Storage,36.04,83.12,2023-03-15
SKU-038,2026-01-19,10.0,83.12,0,831.2,Kitchen,Storage,36.04,83.12,2023-03-15
SKU-038,2026-01-26,18.0,83.12,0,1496.16,Kitchen,Storage,36.04,83.12,2023-03-15
SKU-038,2026-02-02,5.0,83.12,0,415.6,Kitchen,Storage,36.04,83.12,2023-03-15
SKU-038,2026-02-09,23.0,83.12,0,1911.7600000000002,Kitchen,Storage,36.04,83.12,2023-03-15
SKU-038,2026-02-16,16.0,77.94500000000001,1,1203.02,Kitchen,Storage,36.04,83.12,2023-03-15
SKU-038,2026-02-23,14.0,83.12,0,1163.68,Kitchen,Storage,36.04,83.12,2023-03-15
SKU-038,2026-03-02,13.0,83.12,0,1080.56,Kitchen,Storage,36.04,83.12,2023-03-15
SKU-038,2026-03-09,24.0,81.9,1,1960.72,Kitchen,Storage,36.04,83.12,2023-03-15
SKU-038,2026-03-16,33.0,66.582,1,2199.3,Kitchen,Storage,36.04,83.12,2023-03-15
SKU-038,2026-03-23,14.0,83.12,0,1163.68,Kitchen,Storage,36.04,83.12,2023-03-15
SKU-038,2026-03-30,14.0,83.12,0,1163.68,Kitchen,Storage,36.04,83.12,2023-03-15
SKU-038,2026-04-06,0.0,83.12,0,249.36,Kitchen,Storage,36.04,83.12,2023-03-15
SKU-038,2026-04-13,16.0,83.12,0,1329.92,Kitchen,Storage,36.04,83.12,2023-03-15
SKU-038,2026-04-20,21.0,83.12,0,1745.52,Kitchen,Storage,36.04,83.12,2023-03-15
SKU-038,2026-04-27,23.0,83.12,0,1911.7600000000002,Kitchen,Storage,36.04,83.12,2023-03-15
SKU-038,2026-05-04,21.0,83.12,0,1745.52,Kitchen,Storage,36.04,83.12,2023-03-15
SKU-038,2026-05-11,11.0,83.12,0,914.32,Kitchen,Storage,36.04,83.12,2023-03-15
SKU-038,2026-05-18,18.0,80.49714285714286,1,1404.3600000000001,Kitchen,Storage,36.04,83.12,2023-03-15
SKU-038,2026-05-25,18.0,75.84,1,1305.04,Kitchen,Storage,36.04,83.12,2023-03-15
SKU-038,2026-06-01,11.0,83.12,0,914.32,Kitchen,Storage,36.04,83.12,2023-03-15
SKU-038,2026-06-08,6.0,83.12,0,498.72,Kitchen,Storage,36.04,83.12,2023-03-15
SKU-038,2026-06-15,19.0,83.12,0,1579.2800000000002,Kitchen,Storage,36.04,83.12,2023-03-15
SKU-038,2026-06-22,11.0,83.12,0,914.32,Kitchen,Storage,36.04,83.12,2023-03-15
SKU-038,2026-06-29,20.0,73.14,1,1483.6599999999999,Kitchen,Storage,36.04,83.12,2023-03-15
SKU-038,2026-07-06,18.0,77.49,1,1361.04,Kitchen,Storage,36.04,83.12,2023-03-15
SKU-038,2026-07-13,15.0,83.12,0,1246.8000000000002,Kitchen,Storage,36.04,83.12,2023-03-15
SKU-038,2026-07-20,18.0,83.12,0,1496.16,Kitchen,Storage,36.04,83.12,2023-03-15
SKU-038,2026-07-27,12.0,83.12,0,997.44,Kitchen,Storage,36.04,83.12,2023-03-15
SKU-038,2026-08-03,20.0,83.12,0,1662.4,Kitchen,Storage,36.04,83.12,2023-03-15
SKU-038,2026-08-10,13.0,70.622,1,919.05,Kitchen,Storage,36.04,83.12,2023-03-15
SKU-038,2026-08-17,21.0,73.1275,1,1577.07,Kitchen,Storage,36.04,83.12,2023-03-15
SKU-038,2026-08-24,14.0,83.12,0,1163.68,Kitchen,Storage,36.04,83.12,2023-03-15
SKU-038,2026-08-31,3.0,83.12,0,249.36,Kitchen,Storage,36.04,83.12,2023-03-15
SKU-039,2025-03-24,3.0,76.54,0,229.62,Kitchen,Utensils,32.58,76.54,2025-03-26
SKU-039,2025-03-31,1.0,76.54,0,76.54,Kitchen,Utensils,32.58,76.54,2025-03-26
SKU-039,2025-04-07,0.0,76.54,0,0.0,Kitchen,Utensils,32.58,76.54,2025-03-26
SKU-039,2025-04-14,2.0,76.54,0,153.08,Kitchen,Utensils,32.58,76.54,2025-03-26
SKU-039,2025-04-21,2.0,76.54,0,153.08,Kitchen,Utensils,32.58,76.54,2025-03-26
SKU-039,2025-04-28,3.0,76.54,0,229.62,Kitchen,Utensils,32.58,76.54,2025-03-26
SKU-039,2025-05-05,8.0,76.54,0,612.32,Kitchen,Utensils,32.58,76.54,2025-03-26
SKU-039,2025-05-12,1.0,76.54,0,76.54,Kitchen,Utensils,32.58,76.54,2025-03-26
SKU-039,2025-05-19,4.0,76.54,0,306.16,Kitchen,Utensils,32.58,76.54,2025-03-26
SKU-039,2025-05-26,2.0,64.91333333333334,1,130.92000000000002,Kitchen,Utensils,32.58,76.54,2025-03-26
SKU-039,2025-06-02,2.0,76.54,0,153.08,Kitchen,Utensils,32.58,76.54,2025-03-26
SKU-039,2025-06-09,1.0,76.54,0,76.54,Kitchen,Utensils,32.58,76.54,2025-03-26
SKU-039,2025-06-16,4.0,76.54,0,306.16,Kitchen,Utensils,32.58,76.54,2025-03-26
SKU-039,2025-06-23,4.0,76.54,0,306.16,Kitchen,Utensils,32.58,76.54,2025-03-26
SKU-039,2025-06-30,7.0,64.465,1,443.1,Kitchen,Utensils,32.58,76.54,2025-03-26
SKU-039,2025-07-07,1.0,76.54,0,76.54,Kitchen,Utensils,32.58,76.54,2025-03-26
SKU-039,2025-07-14,2.0,76.54,0,153.08,Kitchen,Utensils,32.58,76.54,2025-03-26
SKU-039,2025-07-21,5.0,76.54,0,382.70000000000005,Kitchen,Utensils,32.58,76.54,2025-03-26
SKU-039,2025-07-28,4.0,76.54,0,306.16,Kitchen,Utensils,32.58,76.54,2025-03-26
SKU-039,2025-08-04,3.0,76.54,0,229.62,Kitchen,Utensils,32.58,76.54,2025-03-26
SKU-039,2025-08-11,8.0,63.94833333333333,1,517.73,Kitchen,Utensils,32.58,76.54,2025-03-26
SKU-039,2025-08-18,8.0,66.20750000000001,1,501.35,Kitchen,Utensils,32.58,76.54,2025-03-26
SKU-039,2025-08-25,1.0,76.54,0,76.54,Kitchen,Utensils,32.58,76.54,2025-03-26
SKU-039,2025-09-01,4.0,73.70333333333333,1,289.14000000000004,Kitchen,Utensils,32.58,76.54,2025-03-26
SKU-039,2025-09-08,5.0,76.54,0,382.70000000000005,Kitchen,Utensils,32.58,76.54,2025-03-26
SKU-039,2025-09-15,5.0,76.54,0,382.70000000000005,Kitchen,Utensils,32.58,76.54,2025-03-26
SKU-039,2025-09-22,5.0,76.54,0,382.70000000000005,Kitchen,Utensils,32.58,76.54,2025-03-26
SKU-039,2025-09-29,4.0,76.54,0,306.16,Kitchen,Utensils,32.58,76.54,2025-03-26
SKU-039,2025-10-06,3.0,67.27000000000001,1,192.54000000000002,Kitchen,Utensils,32.58,76.54,2025-03-26
SKU-039,2025-10-13,4.0,67.84,1,271.78000000000003,Kitchen,Utensils,32.58,76.54,2025-03-26
SKU-039,2025-10-20,1.0,76.54,0,76.54,Kitchen,Utensils,32.58,76.54,2025-03-26
SKU-039,2025-10-27,1.0,76.54,0,76.54,Kitchen,Utensils,32.58,76.54,2025-03-26
SKU-039,2025-11-03,4.0,76.54,0,306.16,Kitchen,Utensils,32.58,76.54,2025-03-26
SKU-039,2025-11-10,6.0,76.54,0,459.24,Kitchen,Utensils,32.58,76.54,2025-03-26
SKU-039,2025-11-17,4.0,72.3375,1,289.35,Kitchen,Utensils,32.58,76.54,2025-03-26
SKU-039,2025-11-24,7.0,62.50666666666667,1,437.35,Kitchen,Utensils,32.58,76.54,2025-03-26
SKU-039,2025-12-01,6.0,76.54,0,459.24,Kitchen,Utensils,32.58,76.54,2025-03-26
SKU-039,2025-12-08,7.0,76.54,0,535.78,Kitchen,Utensils,32.58,76.54,2025-03-26
SKU-039,2025-12-15,8.0,64.36,1,516.5600000000001,Kitchen,Utensils,32.58,76.54,2025-03-26
SKU-039,2025-12-22,4.0,66.06,1,264.24,Kitchen,Utensils,32.58,76.54,2025-03-26
SKU-039,2025-12-29,5.0,69.285,1,344.47,Kitchen,Utensils,32.58,76.54,2025-03-26
SKU-039,2026-01-05,7.0,76.54,0,535.7800000000001,Kitchen,Utensils,32.58,76.54,2025-03-26
SKU-039,2026-01-12,4.0,76.54,0,306.16,Kitchen,Utensils,32.58,76.54,2025-03-26
SKU-039,2026-01-19,4.0,76.54,0,306.16,Kitchen,Utensils,32.58,76.54,2025-03-26
SKU-039,2026-01-26,5.0,76.54,0,382.70000000000005,Kitchen,Utensils,32.58,76.54,2025-03-26
SKU-039,2026-02-02,10.0,76.54,0,765.4,Kitchen,Utensils,32.58,76.54,2025-03-26
SKU-039,2026-02-09,3.0,76.54,0,229.62,Kitchen,Utensils,32.58,76.54,2025-03-26
SKU-039,2026-02-16,6.0,71.444,1,423.1,Kitchen,Utensils,32.58,76.54,2025-03-26
SKU-039,2026-02-23,4.0,76.54,0,306.16,Kitchen,Utensils,32.58,76.54,2025-03-26
SKU-039,2026-03-02,3.0,76.54,0,229.62,Kitchen,Utensils,32.58,76.54,2025-03-26
SKU-039,2026-03-09,4.0,76.54,0,306.16,Kitchen,Utensils,32.58,76.54,2025-03-26
SKU-039,2026-03-16,4.0,62.54333333333333,1,254.79999999999998,Kitchen,Utensils,32.58,76.54,2025-03-26
SKU-039,2026-03-23,3.0,76.54,0,229.62,Kitchen,Utensils,32.58,76.54,2025-03-26
SKU-039,2026-03-30,6.0,76.54,0,459.24000000000007,Kitchen,Utensils,32.58,76.54,2025-03-26
SKU-039,2026-04-06,2.0,76.54,0,153.08,Kitchen,Utensils,32.58,76.54,2025-03-26
SKU-039,2026-04-13,6.0,76.54,0,459.24,Kitchen,Utensils,32.58,76.54,2025-03-26
SKU-039,2026-04-20,6.0,76.54,0,459.24,Kitchen,Utensils,32.58,76.54,2025-03-26
SKU-039,2026-04-27,3.0,76.54,0,229.62,Kitchen,Utensils,32.58,76.54,2025-03-26
SKU-039,2026-05-04,3.0,76.54,0,229.62,Kitchen,Utensils,32.58,76.54,2025-03-26
SKU-039,2026-05-11,2.0,76.54,0,153.08,Kitchen,Utensils,32.58,76.54,2025-03-26
SKU-039,2026-05-18,5.0,74.2,1,373.34000000000003,Kitchen,Utensils,32.58,76.54,2025-03-26
SKU-039,2026-05-25,7.0,69.3875,1,475.25,Kitchen,Utensils,32.58,76.54,2025-03-26
SKU-039,2026-06-01,7.0,76.54,0,535.7800000000001,Kitchen,Utensils,32.58,76.54,2025-03-26
SKU-039,2026-06-08,5.0,76.54,0,382.70000000000005,Kitchen,Utensils,32.58,76.54,2025-03-26
SKU-039,2026-06-15,4.0,76.54,0,306.16,Kitchen,Utensils,32.58,76.54,2025-03-26
SKU-039,2026-06-22,2.0,76.54,0,153.08,Kitchen,Utensils,32.58,76.54,2025-03-26
SKU-039,2026-06-29,7.0,67.605,1,464.49,Kitchen,Utensils,32.58,76.54,2025-03-26
SKU-039,2026-07-06,3.0,70.67,1,212.01000000000002,Kitchen,Utensils,32.58,76.54,2025-03-26
SKU-039,2026-07-13,10.0,76.54,0,765.4000000000001,Kitchen,Utensils,32.58,76.54,2025-03-26
SKU-039,2026-07-27,4.0,76.54,0,306.16,Kitchen,Utensils,32.58,76.54,2025-03-26
SKU-039,2026-08-03,1.0,76.54,0,76.54,Kitchen,Utensils,32.58,76.54,2025-03-26
SKU-039,2026-08-10,7.0,62.488,1,438.74,Kitchen,Utensils,32.58,76.54,2025-03-26
SKU-039,2026-08-17,5.0,69.92750000000001,1,356.25,Kitchen,Utensils,32.58,76.54,2025-03-26
SKU-039,2026-08-24,1.0,76.54,0,153.08,Kitchen,Utensils,32.58,76.54,2025-03-26
SKU-040,2024-01-01,12.0,37.98,1,474.64,Bedding,Sheets,18.94,43.75,2022-07-21
SKU-040,2024-01-08,10.0,43.75,0,437.5,Bedding,Sheets,18.94,43.75,2022-07-21
SKU-040,2024-01-15,16.0,43.75,0,700.0,Bedding,Sheets,18.94,43.75,2022-07-21
SKU-040,2024-01-22,10.0,43.75,0,437.5,Bedding,Sheets,18.94,43.75,2022-07-21
SKU-040,2024-01-29,4.0,43.75,0,175.0,Bedding,Sheets,18.94,43.75,2022-07-21
SKU-040,2024-02-05,6.0,43.75,0,350.0,Bedding,Sheets,18.94,43.75,2022-07-21
SKU-040,2024-02-12,8.0,34.1675,1,275.41999999999996,Bedding,Sheets,18.94,43.75,2022-07-21
SKU-040,2024-02-19,7.0,43.75,0,306.25,Bedding,Sheets,18.94,43.75,2022-07-21
SKU-040,2024-02-26,2.0,43.75,0,87.5,Bedding,Sheets,18.94,43.75,2022-07-21
SKU-040,2024-03-04,8.0,43.75,0,481.25,Bedding,Sheets,18.94,43.75,2022-07-21
SKU-040,2024-03-11,4.0,41.8825,1,167.53,Bedding,Sheets,18.94,43.75,2022-07-21
SKU-040,2024-03-18,9.0,36.57,1,338.8,Bedding,Sheets,18.94,43.75,2022-07-21
SKU-040,2024-03-25,8.0,43.75,0,393.75,Bedding,Sheets,18.94,43.75,2022-07-21
SKU-040,2024-04-01,8.0,43.75,0,350.0,Bedding,Sheets,18.94,43.75,2022-07-21
SKU-040,2024-04-08,6.0,43.75,0,262.5,Bedding,Sheets,18.94,43.75,2022-07-21
SKU-040,2024-04-15,6.0,43.75,0,262.5,Bedding,Sheets,18.94,43.75,2022-07-21
SKU-040,2024-04-22,4.0,43.75,0,175.0,Bedding,Sheets,18.94,43.75,2022-07-21
SKU-040,2024-04-29,6.0,43.75,0,262.5,Bedding,Sheets,18.94,43.75,2022-07-21
SKU-040,2024-05-06,3.0,43.75,0,262.5,Bedding,Sheets,18.94,43.75,2022-07-21
SKU-040,2024-05-13,3.0,43.75,0,131.25,Bedding,Sheets,18.94,43.75,2022-07-21
SKU-040,2024-05-20,4.0,41.00666666666667,1,166.77,Bedding,Sheets,18.94,43.75,2022-07-21
SKU-040,2024-05-27,7.0,41.678,1,285.53,Bedding,Sheets,18.94,43.75,2022-07-21
SKU-040,2024-06-03,5.0,43.75,0,218.75,Bedding,Sheets,18.94,43.75,2022-07-21
SKU-040,2024-06-10,5.0,43.75,0,218.75,Bedding,Sheets,18.94,43.75,2022-07-21
SKU-040,2024-06-17,3.0,43.75,0,131.25,Bedding,Sheets,18.94,43.75,2022-07-21
SKU-040,2024-06-24,4.0,43.75,0,175.0,Bedding,Sheets,18.94,43.75,2022-07-21
SKU-040,2024-07-01,12.0,36.722,1,439.58,Bedding,Sheets,18.94,43.75,2022-07-21
SKU-040,2024-07-08,6.0,43.75,0,350.0,Bedding,Sheets,18.94,43.75,2022-07-21
SKU-040,2024-07-15,5.0,43.75,0,218.75,Bedding,Sheets,18.94,43.75,2022-07-21
SKU-040,2024-07-22,6.0,43.75,0,262.5,Bedding,Sheets,18.94,43.75,2022-07-21
SKU-040,2024-07-29,7.0,43.75,0,306.25,Bedding,Sheets,18.94,43.75,2022-07-21
SKU-040,2024-08-05,2.0,40.41,1,80.82,Bedding,Sheets,18.94,43.75,2022-07-21
SKU-040,2024-08-12,13.0,35.51833333333334,1,462.15999999999997,Bedding,Sheets,18.94,43.75,2022-07-21
SKU-040,2024-08-19,6.0,41.9075,1,247.76,Bedding,Sheets,18.94,43.75,2022-07-21
SKU-040,2024-08-26,16.0,42.744,1,684.91,Bedding,Sheets,18.94,43.75,2022-07-21
SKU-040,2024-09-02,10.0,36.63333333333333,1,359.13,Bedding,Sheets,18.94,43.75,2022-07-21
SKU-040,2024-09-09,7.0,43.75,0,306.25,Bedding,Sheets,18.94,43.75,2022-07-21
SKU-040,2024-09-16,4.0,43.75,0,175.0,Bedding,Sheets,18.94,43.75,2022-07-21
SKU-040,2024-09-23,8.0,43.75,0,350.0,Bedding,Sheets,18.94,43.75,2022-07-21
SKU-040,2024-09-30,4.0,43.75,0,175.0,Bedding,Sheets,18.94,43.75,2022-07-21
SKU-040,2024-10-07,15.0,39.576,1,592.58,Bedding,Sheets,18.94,43.75,2022-07-21
SKU-040,2024-10-14,13.0,40.989999999999995,1,516.81,Bedding,Sheets,18.94,43.75,2022-07-21
SKU-040,2024-10-21,2.0,43.75,0,87.5,Bedding,Sheets,18.94,43.75,2022-07-21
SKU-040,2024-10-28,12.0,43.75,0,525.0,Bedding,Sheets,18.94,43.75,2022-07-21
SKU-040,2024-11-11,10.0,43.75,0,437.5,Bedding,Sheets,18.94,43.75,2022-07-21
SKU-040,2024-11-18,10.0,42.714,1,465.71,Bedding,Sheets,18.94,43.75,2022-07-21
SKU-040,2024-11-25,18.0,35.93666666666667,1,662.52,Bedding,Sheets,18.94,43.75,2022-07-21
SKU-040,2024-12-02,4.0,43.75,0,218.75,Bedding,Sheets,18.94,43.75,2022-07-21
SKU-040,2024-12-09,11.0,41.8225,1,458.12,Bedding,Sheets,18.94,43.75,2022-07-21
SKU-040,2024-12-16,15.0,34.272000000000006,1,513.79,Bedding,Sheets,18.94,43.75,2022-07-21
SKU-040,2024-12-23,7.0,39.6725,1,301.07,Bedding,Sheets,18.94,43.75,2022-07-21
SKU-040,2024-12-30,19.0,40.486000000000004,1,793.11,Bedding,Sheets,18.94,43.75,2022-07-21
SKU-040,2025-01-06,8.0,43.75,0,350.0,Bedding,Sheets,18.94,43.75,2022-07-21
SKU-040,2025-01-13,6.0,43.75,0,262.5,Bedding,Sheets,18.94,43.75,2022-07-21
SKU-040,2025-01-20,10.0,43.75,0,437.5,Bedding,Sheets,18.94,43.75,2022-07-21
SKU-040,2025-01-27,5.0,43.75,0,218.75,Bedding,Sheets,18.94,43.75,2022-07-21
SKU-040,2025-02-03,13.0,43.75,0,568.75,Bedding,Sheets,18.94,43.75,2022-07-21
SKU-040,2025-02-10,6.0,43.75,0,262.5,Bedding,Sheets,18.94,43.75,2022-07-21
SKU-040,2025-02-17,4.0,40.4125,1,161.65,Bedding,Sheets,18.94,43.75,2022-07-21
SKU-040,2025-02-24,5.0,43.75,0,262.5,Bedding,Sheets,18.94,43.75,2022-07-21
SKU-040,2025-03-03,5.0,43.75,0,218.75,Bedding,Sheets,18.94,43.75,2022-07-21
SKU-040,2025-03-10,11.0,41.38,1,452.81,Bedding,Sheets,18.94,43.75,2022-07-21
SKU-040,2025-03-17,10.0,37.305,1,362.06,Bedding,Sheets,18.94,43.75,2022-07-21
SKU-040,2025-03-24,3.0,43.75,0,175.0,Bedding,Sheets,18.94,43.75,2022-07-21
SKU-040,2025-03-31,4.0,43.75,0,175.0,Bedding,Sheets,18.94,43.75,2022-07-21
SKU-040,2025-04-07,5.0,43.75,0,218.75,Bedding,Sheets,18.94,43.75,2022-07-21
SKU-040,2025-04-14,5.0,43.75,0,218.75,Bedding,Sheets,18.94,43.75,2022-07-21
SKU-040,2025-04-21,5.0,43.75,0,393.75,Bedding,Sheets,18.94,43.75,2022-07-21
SKU-040,2025-04-28,10.0,43.75,0,437.5,Bedding,Sheets,18.94,43.75,2022-07-21
SKU-040,2025-05-05,6.0,43.75,0,262.5,Bedding,Sheets,18.94,43.75,2022-07-21
SKU-040,2025-05-12,6.0,43.75,0,262.5,Bedding,Sheets,18.94,43.75,2022-07-21
SKU-040,2025-05-19,6.0,42.65,1,258.1,Bedding,Sheets,18.94,43.75,2022-07-21
SKU-040,2025-05-26,5.0,34.413333333333334,1,173.22,Bedding,Sheets,18.94,43.75,2022-07-21
SKU-040,2025-06-02,7.0,43.75,0,306.25,Bedding,Sheets,18.94,43.75,2022-07-21
SKU-040,2025-06-09,4.0,43.75,0,175.0,Bedding,Sheets,18.94,43.75,2022-07-21
SKU-040,2025-06-16,5.0,43.75,0,218.75,Bedding,Sheets,18.94,43.75,2022-07-21
SKU-040,2025-06-23,2.0,43.75,0,87.5,Bedding,Sheets,18.94,43.75,2022-07-21
SKU-040,2025-06-30,8.0,36.85,1,294.2,Bedding,Sheets,18.94,43.75,2022-07-21
SKU-040,2025-07-07,5.0,43.75,0,218.75,Bedding,Sheets,18.94,43.75,2022-07-21
SKU-040,2025-07-14,6.0,43.75,0,262.5,Bedding,Sheets,18.94,43.75,2022-07-21
SKU-040,2025-07-21,7.0,43.75,0,306.25,Bedding,Sheets,18.94,43.75,2022-07-21
SKU-040,2025-07-28,7.0,43.75,0,306.25,Bedding,Sheets,18.94,43.75,2022-07-21
SKU-040,2025-08-04,8.0,42.715,1,331.37,Bedding,Sheets,18.94,43.75,2022-07-21
SKU-040,2025-08-11,13.0,36.602,1,475.27,Bedding,Sheets,18.94,43.75,2022-07-21
SKU-040,2025-08-18,10.0,41.372,1,411.54,Bedding,Sheets,18.94,43.75,2022-07-21
SKU-040,2025-08-25,1.0,43.75,0,43.75,Bedding,Sheets,18.94,43.75,2022-07-21
SKU-040,2025-09-01,8.0,42.03,1,308.72,Bedding,Sheets,18.94,43.75,2022-07-21
SKU-040,2025-09-08,6.0,42.082499999999996,1,249.16,Bedding,Sheets,18.94,43.75,2022-07-21
SKU-040,2025-09-15,10.0,43.75,0,437.5,Bedding,Sheets,18.94,43.75,2022-07-21
SKU-040,2025-09-22,6.0,43.75,0,262.5,Bedding,Sheets,18.94,43.75,2022-07-21
SKU-040,2025-09-29,5.0,43.75,0,218.75,Bedding,Sheets,18.94,43.75,2022-07-21
SKU-040,2025-10-06,16.0,40.642,1,646.6,Bedding,Sheets,18.94,43.75,2022-07-21
SKU-040,2025-10-13,24.0,40.068333333333335,1,908.51,Bedding,Sheets,18.94,43.75,2022-07-21
SKU-040,2025-10-20,5.0,43.75,0,218.75,Bedding,Sheets,18.94,43.75,2022-07-21
SKU-040,2025-10-27,14.0,43.75,0,743.75,Bedding,Sheets,18.94,43.75,2022-07-21
SKU-040,2025-11-03,12.0,43.75,0,525.0,Bedding,Sheets,18.94,43.75,2022-07-21
SKU-040,2025-11-10,10.0,43.75,0,437.5,Bedding,Sheets,18.94,43.75,2022-07-21
SKU-040,2025-11-17,12.0,42.852,1,520.51,Bedding,Sheets,18.94,43.75,2022-07-21
SKU-040,2025-11-24,7.0,35.74333333333333,1,249.75,Bedding,Sheets,18.94,43.75,2022-07-21
SKU-040,2025-12-01,6.0,43.75,0,262.5,Bedding,Sheets,18.94,43.75,2022-07-21
SKU-040,2025-12-08,13.0,43.75,0,568.75,Bedding,Sheets,18.94,43.75,2022-07-21
SKU-040,2025-12-15,12.0,36.567499999999995,1,452.09999999999997,Bedding,Sheets,18.94,43.75,2022-07-21
SKU-040,2025-12-22,16.0,39.46666666666667,1,636.2,Bedding,Sheets,18.94,43.75,2022-07-21
SKU-040,2025-12-29,11.0,36.957499999999996,1,399.29999999999995,Bedding,Sheets,18.94,43.75,2022-07-21
SKU-040,2026-01-05,9.0,43.75,0,393.75,Bedding,Sheets,18.94,43.75,2022-07-21
SKU-040,2026-01-12,9.0,43.75,0,393.75,Bedding,Sheets,18.94,43.75,2022-07-21
SKU-040,2026-01-19,2.0,43.75,0,87.5,Bedding,Sheets,18.94,43.75,2022-07-21
SKU-040,2026-01-26,12.0,43.75,0,525.0,Bedding,Sheets,18.94,43.75,2022-07-21
SKU-040,2026-02-02,7.0,43.75,0,306.25,Bedding,Sheets,18.94,43.75,2022-07-21
SKU-040,2026-02-09,5.0,43.75,0,218.75,Bedding,Sheets,18.94,43.75,2022-07-21
SKU-040,2026-02-16,9.0,42.58833333333333,1,379.81,Bedding,Sheets,18.94,43.75,2022-07-21
SKU-040,2026-02-23,3.0,43.75,0,131.25,Bedding,Sheets,18.94,43.75,2022-07-21
SKU-040,2026-03-02,8.0,43.75,0,350.0,Bedding,Sheets,18.94,43.75,2022-07-21
SKU-040,2026-03-09,3.0,43.75,0,131.25,Bedding,Sheets,18.94,43.75,2022-07-21
SKU-040,2026-03-16,3.0,34.60666666666666,1,174.57,Bedding,Sheets,18.94,43.75,2022-07-21
SKU-040,2026-03-23,2.0,43.75,0,87.5,Bedding,Sheets,18.94,43.75,2022-07-21
SKU-040,2026-03-30,6.0,43.75,0,262.5,Bedding,Sheets,18.94,43.75,2022-07-21
SKU-040,2026-04-06,11.0,43.75,0,481.25,Bedding,Sheets,18.94,43.75,2022-07-21
SKU-040,2026-04-13,5.0,43.75,0,218.75,Bedding,Sheets,18.94,43.75,2022-07-21
SKU-040,2026-04-20,5.0,43.75,0,218.75,Bedding,Sheets,18.94,43.75,2022-07-21
SKU-040,2026-04-27,6.0,43.75,0,262.5,Bedding,Sheets,18.94,43.75,2022-07-21
SKU-040,2026-05-04,5.0,43.75,0,218.75,Bedding,Sheets,18.94,43.75,2022-07-21
SKU-040,2026-05-11,2.0,43.75,0,87.5,Bedding,Sheets,18.94,43.75,2022-07-21
SKU-040,2026-05-18,8.0,43.75,0,350.0,Bedding,Sheets,18.94,43.75,2022-07-21
SKU-040,2026-05-25,8.0,38.4125,1,328.65,Bedding,Sheets,18.94,43.75,2022-07-21
SKU-040,2026-06-01,6.0,43.75,0,262.5,Bedding,Sheets,18.94,43.75,2022-07-21
SKU-040,2026-06-08,5.0,43.75,0,218.75,Bedding,Sheets,18.94,43.75,2022-07-21
SKU-040,2026-06-22,5.0,43.75,0,218.75,Bedding,Sheets,18.94,43.75,2022-07-21
SKU-040,2026-06-29,11.0,37.97666666666667,1,418.8,Bedding,Sheets,18.94,43.75,2022-07-21
SKU-040,2026-07-06,6.0,43.75,0,262.5,Bedding,Sheets,18.94,43.75,2022-07-21
SKU-040,2026-07-13,5.0,43.75,0,218.75,Bedding,Sheets,18.94,43.75,2022-07-21
SKU-040,2026-07-20,7.0,43.75,0,306.25,Bedding,Sheets,18.94,43.75,2022-07-21
SKU-040,2026-07-27,2.0,43.75,0,87.5,Bedding,Sheets,18.94,43.75,2022-07-21
SKU-040,2026-08-03,8.0,43.75,0,350.0,Bedding,Sheets,18.94,43.75,2022-07-21
SKU-040,2026-08-10,12.0,34.53333333333333,1,409.51,Bedding,Sheets,18.94,43.75,2022-07-21
SKU-040,2026-08-17,10.0,39.5975,1,398.73,Bedding,Sheets,18.94,43.75,2022-07-21
SKU-040,2026-08-24,11.0,43.75,0,481.25,Bedding,Sheets,18.94,43.75,2022-07-21
SKU-041,2024-01-08,2.0,59.71,0,119.42,Bedding,Sheets,27.45,59.71,2023-05-25
SKU-041,2024-01-15,3.0,59.71,0,179.13,Bedding,Sheets,27.45,59.71,2023-05-25
SKU-041,2024-01-22,6.0,59.71,0,358.26,Bedding,Sheets,27.45,59.71,2023-05-25
SKU-041,2024-02-05,1.0,59.71,0,59.71,Bedding,Sheets,27.45,59.71,2023-05-25
SKU-041,2024-02-12,2.0,47.68333333333334,1,92.39,Bedding,Sheets,27.45,59.71,2023-05-25
SKU-041,2024-02-19,6.0,57.628,1,347.85,Bedding,Sheets,27.45,59.71,2023-05-25
SKU-041,2024-02-26,1.0,59.71,0,59.71,Bedding,Sheets,27.45,59.71,2023-05-25
SKU-041,2024-03-04,2.0,59.71,0,119.42,Bedding,Sheets,27.45,59.71,2023-05-25
SKU-041,2024-03-11,4.0,56.33,1,218.56,Bedding,Sheets,27.45,59.71,2023-05-25
SKU-041,2024-03-18,3.0,47.99,1,146.82,Bedding,Sheets,27.45,59.71,2023-05-25
SKU-041,2024-03-25,2.0,59.71,0,119.42,Bedding,Sheets,27.45,59.71,2023-05-25
SKU-041,2024-04-01,1.0,59.71,0,119.42,Bedding,Sheets,27.45,59.71,2023-05-25
SKU-041,2024-04-08,1.0,59.71,0,59.71,Bedding,Sheets,27.45,59.71,2023-05-25
SKU-041,2024-04-15,2.0,59.71,0,119.42,Bedding,Sheets,27.45,59.71,2023-05-25
SKU-041,2024-04-22,1.0,59.71,0,59.71,Bedding,Sheets,27.45,59.71,2023-05-25
SKU-041,2024-05-06,3.0,59.71,0,179.13,Bedding,Sheets,27.45,59.71,2023-05-25
SKU-041,2024-05-13,1.0,59.71,0,59.71,Bedding,Sheets,27.45,59.71,2023-05-25
SKU-041,2024-05-27,1.0,59.71,0,59.71,Bedding,Sheets,27.45,59.71,2023-05-25
SKU-041,2024-06-03,1.0,59.71,0,59.71,Bedding,Sheets,27.45,59.71,2023-05-25
SKU-041,2024-06-17,1.0,59.71,0,59.71,Bedding,Sheets,27.45,59.71,2023-05-25
SKU-041,2024-06-24,1.0,59.71,0,59.71,Bedding,Sheets,27.45,59.71,2023-05-25
SKU-041,2024-07-01,4.0,46.18666666666667,1,185.24,Bedding,Sheets,27.45,59.71,2023-05-25
SKU-041,2024-07-08,2.0,59.71,0,119.42,Bedding,Sheets,27.45,59.71,2023-05-25
SKU-041,2024-07-22,2.0,59.71,0,119.42,Bedding,Sheets,27.45,59.71,2023-05-25
SKU-041,2024-07-29,0.0,59.71,0,0.0,Bedding,Sheets,27.45,59.71,2023-05-25
SKU-041,2024-08-05,3.0,57.28666666666667,1,171.86,Bedding,Sheets,27.45,59.71,2023-05-25
SKU-041,2024-08-12,0.0,49.79,1,0.0,Bedding,Sheets,27.45,59.71,2023-05-25
SKU-041,2024-08-19,5.0,57.645,1,282.03,Bedding,Sheets,27.45,59.71,2023-05-25
SKU-041,2024-08-26,1.0,59.71,0,59.71,Bedding,Sheets,27.45,59.71,2023-05-25
SKU-041,2024-09-09,1.0,59.71,0,59.71,Bedding,Sheets,27.45,59.71,2023-05-25
SKU-041,2024-09-16,1.0,59.71,0,59.71,Bedding,Sheets,27.45,59.71,2023-05-25
SKU-041,2024-09-23,1.0,59.71,0,59.71,Bedding,Sheets,27.45,59.71,2023-05-25
SKU-041,2024-09-30,2.0,59.71,0,119.42,Bedding,Sheets,27.45,59.71,2023-05-25
SKU-041,2024-10-07,0.0,47.25,1,0.0,Bedding,Sheets,27.45,59.71,2023-05-25
SKU-041,2024-10-14,2.0,55.42,1,102.26,Bedding,Sheets,27.45,59.71,2023-05-25
SKU-041,2024-10-21,7.0,59.71,0,417.96999999999997,Bedding,Sheets,27.45,59.71,2023-05-25
SKU-041,2024-10-28,3.0,59.71,0,179.13,Bedding,Sheets,27.45,59.71,2023-05-25
SKU-041,2024-11-04,1.0,59.71,0,59.71,Bedding,Sheets,27.45,59.71,2023-05-25
SKU-041,2024-11-11,3.0,59.71,0,179.13,Bedding,Sheets,27.45,59.71,2023-05-25
SKU-041,2024-11-18,1.0,45.94,1,45.94,Bedding,Sheets,27.45,59.71,2023-05-25
SKU-041,2024-11-25,6.0,52.21,1,308.13,Bedding,Sheets,27.45,59.71,2023-05-25
SKU-041,2024-12-02,2.0,59.71,0,119.42,Bedding,Sheets,27.45,59.71,2023-05-25
SKU-041,2024-12-09,1.0,54.475,1,108.95,Bedding,Sheets,27.45,59.71,2023-05-25
SKU-041,2024-12-16,2.0,50.46666666666667,1,102.28999999999999,Bedding,Sheets,27.45,59.71,2023-05-25
SKU-041,2024-12-23,3.0,53.755,1,169.57,Bedding,Sheets,27.45,59.71,2023-05-25
SKU-041,2025-01-06,1.0,59.71,0,59.71,Bedding,Sheets,27.45,59.71,2023-05-25
SKU-041,2025-01-13,2.0,59.71,0,119.42,Bedding,Sheets,27.45,59.71,2023-05-25
SKU-041,2025-01-20,3.0,59.71,0,179.13,Bedding,Sheets,27.45,59.71,2023-05-25
SKU-041,2025-01-27,1.0,59.71,0,59.71,Bedding,Sheets,27.45,59.71,2023-05-25
SKU-041,2025-02-03,1.0,59.71,0,59.71,Bedding,Sheets,27.45,59.71,2023-05-25
SKU-041,2025-02-10,3.0,59.71,0,179.13,Bedding,Sheets,27.45,59.71,2023-05-25
SKU-041,2025-02-17,3.0,59.71,0,179.13,Bedding,Sheets,27.45,59.71,2023-05-25
SKU-041,2025-02-24,1.0,59.71,0,59.71,Bedding,Sheets,27.45,59.71,2023-05-25
SKU-041,2025-03-10,5.0,52.4525,1,254.67000000000002,Bedding,Sheets,27.45,59.71,2023-05-25
SKU-041,2025-03-24,2.0,59.71,0,119.42,Bedding,Sheets,27.45,59.71,2023-05-25
SKU-041,2025-03-31,2.0,59.71,0,119.42,Bedding,Sheets,27.45,59.71,2023-05-25
SKU-041,2025-04-07,1.0,59.71,0,59.71,Bedding,Sheets,27.45,59.71,2023-05-25
SKU-041,2025-04-14,1.0,59.71,0,59.71,Bedding,Sheets,27.45,59.71,2023-05-25
SKU-041,2025-04-28,2.0,59.71,0,119.42,Bedding,Sheets,27.45,59.71,2023-05-25
SKU-041,2025-05-05,2.0,59.71,0,179.13,Bedding,Sheets,27.45,59.71,2023-05-25
SKU-041,2025-05-12,0.0,59.71,0,0.0,Bedding,Sheets,27.45,59.71,2023-05-25
SKU-041,2025-05-19,0.0,45.93,1,0.0,Bedding,Sheets,27.45,59.71,2023-05-25
SKU-041,2025-05-26,1.0,46.89,1,46.89,Bedding,Sheets,27.45,59.71,2023-05-25
SKU-041,2025-06-02,1.0,59.71,0,59.71,Bedding,Sheets,27.45,59.71,2023-05-25
SKU-041,2025-06-09,1.0,59.71,0,59.71,Bedding,Sheets,27.45,59.71,2023-05-25
SKU-041,2025-06-16,2.0,59.71,0,119.42,Bedding,Sheets,27.45,59.71,2023-05-25
SKU-041,2025-06-23,2.0,59.71,0,119.42,Bedding,Sheets,27.45,59.71,2023-05-25
SKU-041,2025-06-30,0.0,48.05,1,0.0,Bedding,Sheets,27.45,59.71,2023-05-25
SKU-041,2025-07-07,2.0,59.71,0,119.42,Bedding,Sheets,27.45,59.71,2023-05-25
SKU-041,2025-07-21,1.0,59.71,0,59.71,Bedding,Sheets,27.45,59.71,2023-05-25
SKU-041,2025-07-28,1.0,59.71,0,59.71,Bedding,Sheets,27.45,59.71,2023-05-25
SKU-041,2025-08-11,5.0,47.7175,1,241.34,Bedding,Sheets,27.45,59.71,2023-05-25
SKU-041,2025-08-18,2.0,55.223333333333336,1,105.96000000000001,Bedding,Sheets,27.45,59.71,2023-05-25
SKU-041,2025-08-25,0.0,59.71,0,0.0,Bedding,Sheets,27.45,59.71,2023-05-25
SKU-041,2025-09-08,2.0,59.71,0,119.42,Bedding,Sheets,27.45,59.71,2023-05-25
SKU-041,2025-09-15,2.0,59.71,0,119.42,Bedding,Sheets,27.45,59.71,2023-05-25
SKU-041,2025-09-29,1.0,59.71,0,59.71,Bedding,Sheets,27.45,59.71,2023-05-25
SKU-041,2025-10-06,2.0,50.42,1,100.84,Bedding,Sheets,27.45,59.71,2023-05-25
SKU-041,2025-10-13,4.0,47.629999999999995,1,187.84,Bedding,Sheets,27.45,59.71,2023-05-25
SKU-041,2025-10-20,3.0,59.71,0,179.13,Bedding,Sheets,27.45,59.71,2023-05-25
SKU-041,2025-10-27,2.0,59.71,0,119.42,Bedding,Sheets,27.45,59.71,2023-05-25
SKU-041,2025-11-03,3.0,59.71,0,179.13,Bedding,Sheets,27.45,59.71,2023-05-25
SKU-041,2025-11-17,4.0,57.685,1,238.84,Bedding,Sheets,27.45,59.71,2023-05-25
SKU-041,2025-11-24,6.0,49.67333333333334,1,295.37,Bedding,Sheets,27.45,59.71,2023-05-25
SKU-041,2025-12-08,2.0,59.71,0,119.42,Bedding,Sheets,27.45,59.71,2023-05-25
SKU-041,2025-12-15,2.0,48.85,1,97.7,Bedding,Sheets,27.45,59.71,2023-05-25
SKU-041,2025-12-22,6.0,53.39666666666667,1,313.47,Bedding,Sheets,27.45,59.71,2023-05-25
SKU-041,2025-12-29,6.0,57.1175,1,327.15000000000003,Bedding,Sheets,27.45,59.71,2023-05-25
SKU-041,2026-01-05,0.0,59.71,0,0.0,Bedding,Sheets,27.45,59.71,2023-05-25
SKU-041,2026-01-12,2.0,59.71,0,119.42,Bedding,Sheets,27.45,59.71,2023-05-25
SKU-041,2026-01-19,1.0,59.71,0,59.71,Bedding,Sheets,27.45,59.71,2023-05-25
SKU-041,2026-01-26,1.0,59.71,0,59.71,Bedding,Sheets,27.45,59.71,2023-05-25
SKU-041,2026-02-02,1.0,59.71,0,59.71,Bedding,Sheets,27.45,59.71,2023-05-25
SKU-041,2026-02-09,4.0,59.71,0,238.84,Bedding,Sheets,27.45,59.71,2023-05-25
SKU-041,2026-02-16,4.0,54.355000000000004,1,202.96,Bedding,Sheets,27.45,59.71,2023-05-25
SKU-041,2026-02-23,5.0,59.71,0,298.55,Bedding,Sheets,27.45,59.71,2023-05-25
SKU-041,2026-03-02,1.0,59.71,0,59.71,Bedding,Sheets,27.45,59.71,2023-05-25
SKU-041,2026-03-09,6.0,58.424,1,345.4,Bedding,Sheets,27.45,59.71,2023-05-25
SKU-041,2026-03-23,2.0,59.71,0,179.13,Bedding,Sheets,27.45,59.71,2023-05-25
SKU-041,2026-03-30,2.0,59.71,0,119.42,Bedding,Sheets,27.45,59.71,2023-05-25
SKU-041,2026-04-06,3.0,59.71,0,179.13,Bedding,Sheets,27.45,59.71,2023-05-25
SKU-041,2026-04-20,2.0,59.71,0,119.42,Bedding,Sheets,27.45,59.71,2023-05-25
SKU-041,2026-04-27,3.0,59.71,0,179.13,Bedding,Sheets,27.45,59.71,2023-05-25
SKU-041,2026-05-04,2.0,59.71,0,119.42,Bedding,Sheets,27.45,59.71,2023-05-25
SKU-041,2026-05-25,0.0,59.71,0,0.0,Bedding,Sheets,27.45,59.71,2023-05-25
SKU-041,2026-06-01,1.0,59.71,0,59.71,Bedding,Sheets,27.45,59.71,2023-05-25
SKU-041,2026-06-08,2.0,59.71,0,119.42,Bedding,Sheets,27.45,59.71,2023-05-25
SKU-041,2026-06-22,1.0,59.71,0,59.71,Bedding,Sheets,27.45,59.71,2023-05-25
SKU-041,2026-06-29,4.0,48.6175,1,194.47,Bedding,Sheets,27.45,59.71,2023-05-25
SKU-041,2026-07-06,2.0,59.71,0,119.42,Bedding,Sheets,27.45,59.71,2023-05-25
SKU-041,2026-07-13,1.0,59.71,0,59.71,Bedding,Sheets,27.45,59.71,2023-05-25
SKU-041,2026-07-27,4.0,59.71,0,238.84,Bedding,Sheets,27.45,59.71,2023-05-25
SKU-041,2026-08-03,2.0,59.71,0,119.42,Bedding,Sheets,27.45,59.71,2023-05-25
SKU-041,2026-08-10,4.0,48.775,1,195.1,Bedding,Sheets,27.45,59.71,2023-05-25
SKU-041,2026-08-17,3.0,51.0475,1,154.32,Bedding,Sheets,27.45,59.71,2023-05-25
SKU-041,2026-08-24,1.0,59.71,0,59.71,Bedding,Sheets,27.45,59.71,2023-05-25
SKU-042,2024-05-13,15.0,57.2,0,858.0,Bedding,Comforters,26.93,57.2,2024-05-14
SKU-042,2024-05-20,25.0,57.2,0,1430.0,Bedding,Comforters,26.93,57.2,2024-05-14
SKU-042,2024-05-27,38.0,56.034000000000006,1,2126.96,Bedding,Comforters,26.93,57.2,2024-05-14
SKU-042,2024-06-03,24.0,57.2,0,1716.0,Bedding,Comforters,26.93,57.2,2024-05-14
SKU-042,2024-06-10,15.0,57.20000000000001,0,858.0,Bedding,Comforters,26.93,57.2,2024-05-14
SKU-042,2024-06-17,25.0,57.2,0,1430.0,Bedding,Comforters,26.93,57.2,2024-05-14
SKU-042,2024-06-24,44.0,57.20000000000001,0,2516.8,Bedding,Comforters,26.93,57.2,2024-05-14
SKU-042,2024-07-01,63.0,47.05571428571428,1,2944.75,Bedding,Comforters,26.93,57.2,2024-05-14
SKU-042,2024-07-08,31.0,57.2,0,1773.2,Bedding,Comforters,26.93,57.2,2024-05-14
SKU-042,2024-07-15,41.0,57.20000000000001,0,2345.2,Bedding,Comforters,26.93,57.2,2024-05-14
SKU-042,2024-07-22,27.0,57.2,0,1544.4,Bedding,Comforters,26.93,57.2,2024-05-14
SKU-042,2024-07-29,28.0,57.2,0,1601.6,Bedding,Comforters,26.93,57.2,2024-05-14
SKU-042,2024-08-05,51.0,53.278,1,2668.8,Bedding,Comforters,26.93,57.2,2024-05-14
SKU-042,2024-08-12,44.0,48.06333333333333,1,2126.74,Bedding,Comforters,26.93,57.2,2024-05-14
SKU-042,2024-08-19,61.0,53.370000000000005,1,3188.0099999999998,Bedding,Comforters,26.93,57.2,2024-05-14
SKU-042,2024-08-26,40.0,56.056000000000004,1,2213.64,Bedding,Comforters,26.93,57.2,2024-05-14
SKU-042,2024-09-02,76.0,52.419999999999995,1,3881.1800000000003,Bedding,Comforters,26.93,57.2,2024-05-14
SKU-042,2024-09-09,54.0,55.57833333333334,1,2933.12,Bedding,Comforters,26.93,57.2,2024-05-14
SKU-042,2024-09-16,21.0,57.2,0,1201.2,Bedding,Comforters,26.93,57.2,2024-05-14
SKU-042,2024-09-23,36.0,57.2,0,2059.2,Bedding,Comforters,26.93,57.2,2024-05-14
SKU-042,2024-09-30,68.0,57.20000000000001,0,3889.6,Bedding,Comforters,26.93,57.2,2024-05-14
SKU-042,2024-10-07,80.0,51.028000000000006,1,3950.1800000000003,Bedding,Comforters,26.93,57.2,2024-05-14
SKU-042,2024-10-14,112.0,53.251666666666665,1,5754.0,Bedding,Comforters,26.93,57.2,2024-05-14
SKU-042,2024-10-21,36.0,57.20000000000001,0,2059.2,Bedding,Comforters,26.93,57.2,2024-05-14
SKU-042,2024-10-28,85.0,57.2,0,4862.0,Bedding,Comforters,26.93,57.2,2024-05-14
SKU-042,2024-11-04,42.0,57.2,0,2402.4,Bedding,Comforters,26.93,57.2,2024-05-14
SKU-042,2024-11-11,44.0,57.2,0,2516.8,Bedding,Comforters,26.93,57.2,2024-05-14
SKU-042,2024-11-18,69.0,55.67333333333334,1,3745.2799999999997,Bedding,Comforters,26.93,57.2,2024-05-14
SKU-042,2024-11-25,115.0,48.16428571428571,1,5498.25,Bedding,Comforters,26.93,57.2,2024-05-14
SKU-042,2024-12-02,72.0,57.20000000000001,0,4118.4,Bedding,Comforters,26.93,57.2,2024-05-14
SKU-042,2024-12-09,92.0,55.370000000000005,1,5031.82,Bedding,Comforters,26.93,57.2,2024-05-14
SKU-042,2024-12-16,72.0,46.93,1,3345.35,Bedding,Comforters,26.93,57.2,2024-05-14
SKU-042,2024-12-23,41.0,53.580000000000005,1,2149.7200000000003,Bedding,Comforters,26.93,57.2,2024-05-14
SKU-042,2024-12-30,96.0,52.815,1,5030.72,Bedding,Comforters,26.93,57.2,2024-05-14
SKU-042,2025-01-06,43.0,57.2,0,2459.6,Bedding,Comforters,26.93,57.2,2024-05-14
SKU-042,2025-01-13,42.0,57.2,0,2402.4,Bedding,Comforters,26.93,57.2,2024-05-14
SKU-042,2025-01-20,74.0,57.20000000000001,0,4232.8,Bedding,Comforters,26.93,57.2,2024-05-14
SKU-042,2025-01-27,76.0,57.2,0,4347.2,Bedding,Comforters,26.93,57.2,2024-05-14
SKU-042,2025-02-03,62.0,57.2,0,3546.4,Bedding,Comforters,26.93,57.2,2024-05-14
SKU-042,2025-02-10,63.0,57.2,0,3603.6,Bedding,Comforters,26.93,57.2,2024-05-14
SKU-042,2025-02-17,50.0,52.288,1,2540.7599999999998,Bedding,Comforters,26.93,57.2,2024-05-14
SKU-042,2025-02-24,48.0,57.2,0,2745.6,Bedding,Comforters,26.93,57.2,2024-05-14
SKU-042,2025-03-03,33.0,57.2,0,2402.3999999999996,Bedding,Comforters,26.93,57.2,2024-05-14
SKU-042,2025-03-10,54.0,55.44833333333333,1,2920.64,Bedding,Comforters,26.93,57.2,2024-05-14
SKU-042,2025-03-17,78.0,49.20666666666667,1,3782.45,Bedding,Comforters,26.93,57.2,2024-05-14
SKU-042,2025-03-24,36.0,57.2,0,2059.2,Bedding,Comforters,26.93,57.2,2024-05-14
SKU-042,2025-03-31,48.0,57.2,0,2745.6,Bedding,Comforters,26.93,57.2,2024-05-14
SKU-042,2025-04-07,37.0,57.2,0,2116.4,Bedding,Comforters,26.93,57.2,2024-05-14
SKU-042,2025-04-14,24.0,57.20000000000001,0,1372.8,Bedding,Comforters,26.93,57.2,2024-05-14
SKU-042,2025-04-21,46.0,57.2,0,2631.2,Bedding,Comforters,26.93,57.2,2024-05-14
SKU-042,2025-04-28,28.0,57.2,0,1601.6,Bedding,Comforters,26.93,57.2,2024-05-14
SKU-042,2025-05-05,31.0,57.2,0,2059.2,Bedding,Comforters,26.93,57.2,2024-05-14
SKU-042,2025-05-12,26.0,57.2,0,1487.1999999999998,Bedding,Comforters,26.93,57.2,2024-05-14
SKU-042,2025-05-19,31.0,57.2,0,1773.2,Bedding,Comforters,26.93,57.2,2024-05-14
SKU-042,2025-05-26,30.0,48.05,1,2068.03,Bedding,Comforters,26.93,57.2,2024-05-14
SKU-042,2025-06-02,33.0,57.2,0,1887.6,Bedding,Comforters,26.93,57.2,2024-05-14
SKU-042,2025-06-09,30.0,57.2,0,1716.0,Bedding,Comforters,26.93,57.2,2024-05-14
SKU-042,2025-06-16,28.0,57.20000000000001,0,2345.2,Bedding,Comforters,26.93,57.2,2024-05-14
SKU-042,2025-06-23,28.0,57.2,0,1601.6,Bedding,Comforters,26.93,57.2,2024-05-14
SKU-042,2025-06-30,29.0,48.4125,1,1360.55,Bedding,Comforters,26.93,57.2,2024-05-14
SKU-042,2025-07-07,32.0,55.473333333333336,1,1997.04,Bedding,Comforters,26.93,57.2,2024-05-14
SKU-042,2025-07-14,37.0,57.20000000000001,0,2116.4,Bedding,Comforters,26.93,57.2,2024-05-14
SKU-042,2025-07-21,21.0,57.2,0,1201.2,Bedding,Comforters,26.93,57.2,2024-05-14
SKU-042,2025-07-28,38.0,57.20000000000001,0,2173.6,Bedding,Comforters,26.93,57.2,2024-05-14
SKU-042,2025-08-04,69.0,56.297142857142866,1,3814.08,Bedding,Comforters,26.93,57.2,2024-05-14
SKU-042,2025-08-11,76.0,47.2,1,3616.6000000000004,Bedding,Comforters,26.93,57.2,2024-05-14
SKU-042,2025-08-18,57.0,53.424,1,2970.36,Bedding,Comforters,26.93,57.2,2024-05-14
SKU-042,2025-08-25,33.0,57.2,0,1887.6,Bedding,Comforters,26.93,57.2,2024-05-14
SKU-042,2025-09-01,59.0,55.05166666666667,1,3197.91,Bedding,Comforters,26.93,57.2,2024-05-14
SKU-042,2025-09-08,29.0,55.667500000000004,1,1591.37,Bedding,Comforters,26.93,57.2,2024-05-14
SKU-042,2025-09-15,36.0,57.2,0,2059.2,Bedding,Comforters,26.93,57.2,2024-05-14
SKU-042,2025-09-22,36.0,57.2,0,2059.2,Bedding,Comforters,26.93,57.2,2024-05-14
SKU-042,2025-09-29,93.0,57.20000000000001,0,5319.599999999999,Bedding,Comforters,26.93,57.2,2024-05-14
SKU-042,2025-10-06,88.0,53.406000000000006,1,4628.19,Bedding,Comforters,26.93,57.2,2024-05-14
SKU-042,2025-10-13,92.0,49.843333333333334,1,4439.41,Bedding,Comforters,26.93,57.2,2024-05-14
SKU-042,2025-10-20,43.0,57.20000000000001,0,2459.6,Bedding,Comforters,26.93,57.2,2024-05-14
SKU-042,2025-10-27,43.0,57.2,0,2459.6,Bedding,Comforters,26.93,57.2,2024-05-14
SKU-042,2025-11-03,24.0,57.2,0,1372.8,Bedding,Comforters,26.93,57.2,2024-05-14
SKU-042,2025-11-10,57.0,57.2,0,3260.4,Bedding,Comforters,26.93,57.2,2024-05-14
SKU-042,2025-11-17,92.0,55.826666666666675,1,5039.92,Bedding,Comforters,26.93,57.2,2024-05-14
SKU-042,2025-11-24,94.0,46.734,1,4377.27,Bedding,Comforters,26.93,57.2,2024-05-14
SKU-042,2025-12-01,38.0,57.2,0,2173.6,Bedding,Comforters,26.93,57.2,2024-05-14
SKU-042,2025-12-08,53.0,57.20000000000001,0,3031.6,Bedding,Comforters,26.93,57.2,2024-05-14
SKU-042,2025-12-15,42.0,44.14000000000001,1,1856.6999999999998,Bedding,Comforters,26.93,57.2,2024-05-14
SKU-042,2025-12-22,59.0,51.525,1,2941.2,Bedding,Comforters,26.93,57.2,2024-05-14
SKU-042,2025-12-29,82.0,52.20666666666667,1,4151.84,Bedding,Comforters,26.93,57.2,2024-05-14
SKU-042,2026-01-05,48.0,57.2,0,3489.2,Bedding,Comforters,26.93,57.2,2024-05-14
SKU-042,2026-01-12,69.0,57.20000000000001,0,4747.6,Bedding,Comforters,26.93,57.2,2024-05-14
SKU-042,2026-01-19,55.0,57.2,0,3146.0,Bedding,Comforters,26.93,57.2,2024-05-14
SKU-042,2026-01-26,63.0,57.2,0,3603.6,Bedding,Comforters,26.93,57.2,2024-05-14
SKU-042,2026-02-02,49.0,57.20000000000001,0,2802.8,Bedding,Comforters,26.93,57.2,2024-05-14
SKU-042,2026-02-09,46.0,57.2,0,2631.2,Bedding,Comforters,26.93,57.2,2024-05-14
SKU-042,2026-02-16,60.0,55.982000000000006,1,3316.29,Bedding,Comforters,26.93,57.2,2024-05-14
SKU-042,2026-02-23,40.0,57.2,0,2288.0,Bedding,Comforters,26.93,57.2,2024-05-14
SKU-042,2026-03-02,24.0,57.2,0,1372.8,Bedding,Comforters,26.93,57.2,2024-05-14
SKU-042,2026-03-09,49.0,57.20000000000001,0,2802.8,Bedding,Comforters,26.93,57.2,2024-05-14
SKU-042,2026-03-16,78.0,47.948,1,3705.7,Bedding,Comforters,26.93,57.2,2024-05-14
SKU-042,2026-03-23,36.0,57.2,0,2059.2,Bedding,Comforters,26.93,57.2,2024-05-14
SKU-042,2026-03-30,49.0,57.20000000000001,0,2802.8,Bedding,Comforters,26.93,57.2,2024-05-14
SKU-042,2026-04-06,56.0,57.2,0,3203.2,Bedding,Comforters,26.93,57.2,2024-05-14
SKU-042,2026-04-13,42.0,57.2,0,2402.4,Bedding,Comforters,26.93,57.2,2024-05-14
SKU-042,2026-04-20,36.0,57.2,0,2059.2,Bedding,Comforters,26.93,57.2,2024-05-14
SKU-042,2026-04-27,20.0,57.2,0,1144.0,Bedding,Comforters,26.93,57.2,2024-05-14
SKU-042,2026-05-04,25.0,57.2,0,1430.0,Bedding,Comforters,26.93,57.2,2024-05-14
SKU-042,2026-05-11,36.0,57.20000000000001,0,2059.2,Bedding,Comforters,26.93,57.2,2024-05-14
SKU-042,2026-05-18,37.0,55.324,1,1994.46,Bedding,Comforters,26.93,57.2,2024-05-14
SKU-042,2026-05-25,38.0,51.85333333333333,1,2595.3999999999996,Bedding,Comforters,26.93,57.2,2024-05-14
SKU-042,2026-06-01,28.0,57.2,0,1601.6,Bedding,Comforters,26.93,57.2,2024-05-14
SKU-042,2026-06-08,39.0,57.20000000000001,0,2230.8,Bedding,Comforters,26.93,57.2,2024-05-14
SKU-042,2026-06-15,37.0,57.2,0,2116.4,Bedding,Comforters,26.93,57.2,2024-05-14
SKU-042,2026-06-22,28.0,57.2,0,1601.6000000000001,Bedding,Comforters,26.93,57.2,2024-05-14
SKU-042,2026-06-29,41.0,50.845,1,2075.4300000000003,Bedding,Comforters,26.93,57.2,2024-05-14
SKU-042,2026-07-06,41.0,54.01500000000001,1,2217.1,Bedding,Comforters,26.93,57.2,2024-05-14
SKU-042,2026-07-13,35.0,57.20000000000001,0,2002.0,Bedding,Comforters,26.93,57.2,2024-05-14
SKU-042,2026-07-20,38.0,57.20000000000001,0,2173.6,Bedding,Comforters,26.93,57.2,2024-05-14
SKU-042,2026-07-27,34.0,57.2,0,1944.8000000000002,Bedding,Comforters,26.93,57.2,2024-05-14
SKU-042,2026-08-03,62.0,57.20000000000001,0,3546.4,Bedding,Comforters,26.93,57.2,2024-05-14
SKU-042,2026-08-10,76.0,48.66,1,3691.0,Bedding,Comforters,26.93,57.2,2024-05-14
SKU-042,2026-08-17,52.0,48.9775,1,2524.86,Bedding,Comforters,26.93,57.2,2024-05-14
SKU-042,2026-08-24,61.0,57.20000000000001,0,3489.2,Bedding,Comforters,26.93,57.2,2024-05-14
SKU-042,2026-08-31,11.0,57.2,0,629.2,Bedding,Comforters,26.93,57.2,2024-05-14
SKU-043,2024-06-24,36.0,161.99,0,5831.64,Bedding,Sheets,67.52,161.99,2024-06-26
SKU-043,2024-07-01,42.0,138.56333333333333,1,5813.719999999999,Bedding,Sheets,67.52,161.99,2024-06-26
SKU-043,2024-07-08,35.0,161.99,0,5669.65,Bedding,Sheets,67.52,161.99,2024-06-26
SKU-043,2024-07-15,33.0,161.99,0,5345.67,Bedding,Sheets,67.52,161.99,2024-06-26
SKU-043,2024-07-22,38.0,161.99,0,6155.620000000001,Bedding,Sheets,67.52,161.99,2024-06-26
SKU-043,2024-07-29,76.0,161.99,0,12311.240000000002,Bedding,Sheets,67.52,161.99,2024-06-26
SKU-043,2024-08-05,69.0,152.51000000000002,1,10425.31,Bedding,Sheets,67.52,161.99,2024-06-26
SKU-043,2024-08-12,99.0,142.642,1,14116.02,Bedding,Sheets,67.52,161.99,2024-06-26
SKU-043,2024-08-19,54.0,161.99,0,8747.46,Bedding,Sheets,67.52,161.99,2024-06-26
SKU-043,2024-08-26,36.0,161.99,0,5831.64,Bedding,Sheets,67.52,161.99,2024-06-26
SKU-043,2024-09-02,47.0,143.144,1,8789.46,Bedding,Sheets,67.52,161.99,2024-06-26
SKU-043,2024-09-09,75.0,157.37714285714287,1,11729.48,Bedding,Sheets,67.52,161.99,2024-06-26
SKU-043,2024-09-16,52.0,161.99,0,8423.48,Bedding,Sheets,67.52,161.99,2024-06-26
SKU-043,2024-09-23,56.0,161.99,0,9071.44,Bedding,Sheets,67.52,161.99,2024-06-26
SKU-043,2024-09-30,57.0,161.99,0,9233.43,Bedding,Sheets,67.52,161.99,2024-06-26
SKU-043,2024-10-07,125.0,143.572,1,17494.59,Bedding,Sheets,67.52,161.99,2024-06-26
SKU-043,2024-10-14,90.0,148.395,1,13039.15,Bedding,Sheets,67.52,161.99,2024-06-26
SKU-043,2024-10-21,88.0,161.99,0,14255.12,Bedding,Sheets,67.52,161.99,2024-06-26
SKU-043,2024-10-28,106.0,161.99,0,17170.94,Bedding,Sheets,67.52,161.99,2024-06-26
SKU-043,2024-11-04,76.0,161.99,0,12311.24,Bedding,Sheets,67.52,161.99,2024-06-26
SKU-043,2024-11-11,79.0,161.99,0,12797.21,Bedding,Sheets,67.52,161.99,2024-06-26
SKU-043,2024-11-18,78.0,156.5,1,12174.060000000001,Bedding,Sheets,67.52,161.99,2024-06-26
SKU-043,2024-11-25,65.0,143.13,1,8940.35,Bedding,Sheets,67.52,161.99,2024-06-26
SKU-043,2024-12-02,83.0,161.99,0,13445.17,Bedding,Sheets,67.52,161.99,2024-06-26
SKU-043,2024-12-09,105.0,157.68857142857146,1,16346.53,Bedding,Sheets,67.52,161.99,2024-06-26
SKU-043,2024-12-16,124.0,136.272,1,16856.8,Bedding,Sheets,67.52,161.99,2024-06-26
SKU-043,2024-12-23,67.0,153.6475,1,10219.3,Bedding,Sheets,67.52,161.99,2024-06-26
SKU-043,2024-12-30,91.0,156.202,1,14191.23,Bedding,Sheets,67.52,161.99,2024-06-26
SKU-043,2025-01-06,74.0,161.99,0,11987.26,Bedding,Sheets,67.52,161.99,2024-06-26
SKU-043,2025-01-13,94.0,161.99,0,15227.060000000001,Bedding,Sheets,67.52,161.99,2024-06-26
SKU-043,2025-01-20,98.0,161.99,0,15875.02,Bedding,Sheets,67.52,161.99,2024-06-26
SKU-043,2025-01-27,86.0,161.99,0,13931.14,Bedding,Sheets,67.52,161.99,2024-06-26
SKU-043,2025-02-03,46.0,161.99,0,7451.54,Bedding,Sheets,67.52,161.99,2024-06-26
SKU-043,2025-02-10,67.0,161.99,0,10853.33,Bedding,Sheets,67.52,161.99,2024-06-26
SKU-043,2025-02-17,73.0,151.17,1,10573.39,Bedding,Sheets,67.52,161.99,2024-06-26
SKU-043,2025-02-24,74.0,161.99,0,11987.26,Bedding,Sheets,67.52,161.99,2024-06-26
SKU-043,2025-03-03,54.0,161.99,0,8747.460000000001,Bedding,Sheets,67.52,161.99,2024-06-26
SKU-043,2025-03-10,83.0,155.38166666666666,1,12823.380000000001,Bedding,Sheets,67.52,161.99,2024-06-26
SKU-043,2025-03-17,65.0,136.0375,1,8723.61,Bedding,Sheets,67.52,161.99,2024-06-26
SKU-043,2025-03-24,58.0,161.99,0,9395.42,Bedding,Sheets,67.52,161.99,2024-06-26
SKU-043,2025-03-31,21.0,161.99,0,3401.79,Bedding,Sheets,67.52,161.99,2024-06-26
SKU-043,2025-04-07,30.0,161.99,0,4859.700000000001,Bedding,Sheets,67.52,161.99,2024-06-26
SKU-043,2025-04-14,51.0,161.99,0,8261.49,Bedding,Sheets,67.52,161.99,2024-06-26
SKU-043,2025-04-21,51.0,161.99,0,8261.49,Bedding,Sheets,67.52,161.99,2024-06-26
SKU-043,2025-04-28,17.0,161.99,0,2753.83,Bedding,Sheets,67.52,161.99,2024-06-26
SKU-043,2025-05-05,18.0,161.99,0,2915.82,Bedding,Sheets,67.52,161.99,2024-06-26
SKU-043,2025-05-12,43.0,161.99,0,7937.51,Bedding,Sheets,67.52,161.99,2024-06-26
SKU-043,2025-05-19,40.0,156.92000000000002,1,6236.24,Bedding,Sheets,67.52,161.99,2024-06-26
SKU-043,2025-05-26,47.0,147.85500000000002,1,6680.62,Bedding,Sheets,67.52,161.99,2024-06-26
SKU-043,2025-06-02,37.0,161.99,0,5993.63,Bedding,Sheets,67.52,161.99,2024-06-26
SKU-043,2025-06-09,43.0,161.99,0,6965.57,Bedding,Sheets,67.52,161.99,2024-06-26
SKU-043,2025-06-16,50.0,161.99,0,8099.500000000001,Bedding,Sheets,67.52,161.99,2024-06-26
SKU-043,2025-06-23,33.0,161.99,0,5345.67,Bedding,Sheets,67.52,161.99,2024-06-26
SKU-043,2025-06-30,54.0,134.99200000000002,1,7354.13,Bedding,Sheets,67.52,161.99,2024-06-26
SKU-043,2025-07-07,43.0,156.73000000000002,1,6713.09,Bedding,Sheets,67.52,161.99,2024-06-26
SKU-043,2025-07-14,33.0,161.99,0,5345.67,Bedding,Sheets,67.52,161.99,2024-06-26
SKU-043,2025-07-21,41.0,161.99,0,6641.59,Bedding,Sheets,67.52,161.99,2024-06-26
SKU-043,2025-07-28,63.0,161.99,0,10205.37,Bedding,Sheets,67.52,161.99,2024-06-26
SKU-043,2025-08-04,48.0,155.0675,1,7194.030000000001,Bedding,Sheets,67.52,161.99,2024-06-26
SKU-043,2025-08-11,66.0,138.66333333333333,1,9186.68,Bedding,Sheets,67.52,161.99,2024-06-26
SKU-043,2025-08-18,90.0,142.866,1,12193.740000000002,Bedding,Sheets,67.52,161.99,2024-06-26
SKU-043,2025-08-25,82.0,161.99,0,13283.18,Bedding,Sheets,67.52,161.99,2024-06-26
SKU-043,2025-09-01,55.0,148.80833333333334,1,9947.93,Bedding,Sheets,67.52,161.99,2024-06-26
SKU-043,2025-09-08,34.0,150.56,1,4856.150000000001,Bedding,Sheets,67.52,161.99,2024-06-26
SKU-043,2025-09-15,73.0,161.99,0,11825.27,Bedding,Sheets,67.52,161.99,2024-06-26
SKU-043,2025-09-22,44.0,161.99,0,7127.5599999999995,Bedding,Sheets,67.52,161.99,2024-06-26
SKU-043,2025-09-29,49.0,161.99,0,7937.51,Bedding,Sheets,67.52,161.99,2024-06-26
SKU-043,2025-10-06,145.0,145.185,1,20854.24,Bedding,Sheets,67.52,161.99,2024-06-26
SKU-043,2025-10-13,100.0,147.634,1,14549.17,Bedding,Sheets,67.52,161.99,2024-06-26
SKU-043,2025-10-20,64.0,161.99,0,10367.36,Bedding,Sheets,67.52,161.99,2024-06-26
SKU-043,2025-10-27,108.0,161.99,0,17494.92,Bedding,Sheets,67.52,161.99,2024-06-26
SKU-043,2025-11-03,64.0,161.99,0,10367.36,Bedding,Sheets,67.52,161.99,2024-06-26
SKU-043,2025-11-10,90.0,161.99,0,14579.1,Bedding,Sheets,67.52,161.99,2024-06-26
SKU-043,2025-11-17,52.0,152.7,1,7698.86,Bedding,Sheets,67.52,161.99,2024-06-26
SKU-043,2025-11-24,99.0,135.49666666666667,1,13718.740000000002,Bedding,Sheets,67.52,161.99,2024-06-26
SKU-043,2025-12-01,69.0,161.99,0,13931.14,Bedding,Sheets,67.52,161.99,2024-06-26
SKU-043,2025-12-08,106.0,161.99,0,17170.940000000002,Bedding,Sheets,67.52,161.99,2024-06-26
SKU-043,2025-12-15,26.0,140.91,1,3663.66,Bedding,Sheets,67.52,161.99,2024-06-26
SKU-043,2025-12-22,96.0,137.2475,1,12981.18,Bedding,Sheets,67.52,161.99,2024-06-26
SKU-043,2025-12-29,122.0,151.38166666666666,1,18098.44,Bedding,Sheets,67.52,161.99,2024-06-26
SKU-043,2026-01-05,44.0,161.99,0,10205.369999999999,Bedding,Sheets,67.52,161.99,2024-06-26
SKU-043,2026-01-12,56.0,161.99,0,9071.439999999999,Bedding,Sheets,67.52,161.99,2024-06-26
SKU-043,2026-01-19,106.0,161.99,0,17170.94,Bedding,Sheets,67.52,161.99,2024-06-26
SKU-043,2026-01-26,75.0,161.99,0,12149.25,Bedding,Sheets,67.52,161.99,2024-06-26
SKU-043,2026-02-02,63.0,161.99,0,10205.37,Bedding,Sheets,67.52,161.99,2024-06-26
SKU-043,2026-02-09,57.0,161.99,0,9233.43,Bedding,Sheets,67.52,161.99,2024-06-26
SKU-043,2026-02-16,56.0,161.99,0,9071.44,Bedding,Sheets,67.52,161.99,2024-06-26
SKU-043,2026-02-23,36.0,161.99,0,5831.639999999999,Bedding,Sheets,67.52,161.99,2024-06-26
SKU-043,2026-03-02,35.0,161.99,0,5669.650000000001,Bedding,Sheets,67.52,161.99,2024-06-26
SKU-043,2026-03-09,58.0,156.54500000000002,1,9134.06,Bedding,Sheets,67.52,161.99,2024-06-26
SKU-043,2026-03-16,90.0,130.4525,1,11658.87,Bedding,Sheets,67.52,161.99,2024-06-26
SKU-043,2026-03-23,76.0,161.99,0,12311.24,Bedding,Sheets,67.52,161.99,2024-06-26
SKU-043,2026-03-30,54.0,161.99,0,8747.46,Bedding,Sheets,67.52,161.99,2024-06-26
SKU-043,2026-04-06,40.0,161.99,0,6479.6,Bedding,Sheets,67.52,161.99,2024-06-26
SKU-043,2026-04-13,31.0,161.99,0,5021.6900000000005,Bedding,Sheets,67.52,161.99,2024-06-26
SKU-043,2026-04-20,76.0,161.99,0,12311.24,Bedding,Sheets,67.52,161.99,2024-06-26
SKU-043,2026-04-27,36.0,161.99,0,5831.64,Bedding,Sheets,67.52,161.99,2024-06-26
SKU-043,2026-05-04,43.0,161.99,0,6965.570000000001,Bedding,Sheets,67.52,161.99,2024-06-26
SKU-043,2026-05-11,27.0,161.99,0,4373.7300000000005,Bedding,Sheets,67.52,161.99,2024-06-26
SKU-043,2026-05-18,39.0,161.99,0,6317.610000000001,Bedding,Sheets,67.52,161.99,2024-06-26
SKU-043,2026-05-25,67.0,147.8942857142857,1,9469.36,Bedding,Sheets,67.52,161.99,2024-06-26
SKU-043,2026-06-01,51.0,161.99,0,8261.490000000002,Bedding,Sheets,67.52,161.99,2024-06-26
SKU-043,2026-06-08,23.0,161.99,0,3725.7700000000004,Bedding,Sheets,67.52,161.99,2024-06-26
SKU-043,2026-06-15,50.0,161.99,0,8099.5,Bedding,Sheets,67.52,161.99,2024-06-26
SKU-043,2026-06-22,35.0,161.99,0,5669.650000000001,Bedding,Sheets,67.52,161.99,2024-06-26
SKU-043,2026-06-29,65.0,138.948,1,8870.31,Bedding,Sheets,67.52,161.99,2024-06-26
SKU-043,2026-07-06,63.0,149.918,1,9016.25,Bedding,Sheets,67.52,161.99,2024-06-26
SKU-043,2026-07-13,51.0,161.99,0,8261.49,Bedding,Sheets,67.52,161.99,2024-06-26
SKU-043,2026-07-20,48.0,161.99,0,7775.52,Bedding,Sheets,67.52,161.99,2024-06-26
SKU-043,2026-07-27,32.0,161.99,0,5183.68,Bedding,Sheets,67.52,161.99,2024-06-26
SKU-043,2026-08-03,78.0,161.99,0,12635.220000000001,Bedding,Sheets,67.52,161.99,2024-06-26
SKU-043,2026-08-10,106.0,129.686,1,13705.42,Bedding,Sheets,67.52,161.99,2024-06-26
SKU-043,2026-08-17,105.0,141.73,1,14588.650000000001,Bedding,Sheets,67.52,161.99,2024-06-26
SKU-043,2026-08-24,54.0,161.99,0,11177.310000000001,Bedding,Sheets,67.52,161.99,2024-06-26
SKU-044,2024-01-01,25.0,117.878,1,2934.21,Bedding,Sheets,57.39,125.02,2022-04-14
SKU-044,2024-01-08,15.0,125.02,0,1875.3,Bedding,Sheets,57.39,125.02,2022-04-14
SKU-044,2024-01-15,17.0,125.02000000000001,0,2125.34,Bedding,Sheets,57.39,125.02,2022-04-14
SKU-044,2024-01-22,24.0,125.02,0,3000.48,Bedding,Sheets,57.39,125.02,2022-04-14
SKU-044,2024-01-29,3.0,125.02,0,375.06,Bedding,Sheets,57.39,125.02,2022-04-14
SKU-044,2024-02-05,14.0,125.02000000000001,0,1750.28,Bedding,Sheets,57.39,125.02,2022-04-14
SKU-044,2024-02-12,18.0,112.69857142857143,1,1997.46,Bedding,Sheets,57.39,125.02,2022-04-14
SKU-044,2024-02-19,12.0,121.19200000000001,1,1461.96,Bedding,Sheets,57.39,125.02,2022-04-14
SKU-044,2024-02-26,12.0,125.02,0,1500.24,Bedding,Sheets,57.39,125.02,2022-04-14
SKU-044,2024-03-04,21.0,125.02,0,2625.42,Bedding,Sheets,57.39,125.02,2022-04-14
SKU-044,2024-03-11,27.0,115.6542857142857,1,2999.9,Bedding,Sheets,57.39,125.02,2022-04-14
SKU-044,2024-03-18,16.0,110.94333333333333,1,1744.37,Bedding,Sheets,57.39,125.02,2022-04-14
SKU-044,2024-03-25,18.0,125.02,0,2250.3599999999997,Bedding,Sheets,57.39,125.02,2022-04-14
SKU-044,2024-04-01,13.0,125.02,0,1625.26,Bedding,Sheets,57.39,125.02,2022-04-14
SKU-044,2024-04-08,8.0,125.02,0,1500.24,Bedding,Sheets,57.39,125.02,2022-04-14
SKU-044,2024-04-15,21.0,125.02000000000001,0,2625.42,Bedding,Sheets,57.39,125.02,2022-04-14
SKU-044,2024-04-22,11.0,125.02,0,1375.22,Bedding,Sheets,57.39,125.02,2022-04-14
SKU-044,2024-04-29,5.0,125.02,0,625.1,Bedding,Sheets,57.39,125.02,2022-04-14
SKU-044,2024-05-06,17.0,125.02000000000001,0,2125.34,Bedding,Sheets,57.39,125.02,2022-04-14
SKU-044,2024-05-13,3.0,125.02,0,375.06,Bedding,Sheets,57.39,125.02,2022-04-14
SKU-044,2024-05-20,8.0,125.02,0,1000.16,Bedding,Sheets,57.39,125.02,2022-04-14
SKU-044,2024-05-27,11.0,120.07666666666667,1,1271.41,Bedding,Sheets,57.39,125.02,2022-04-14
SKU-044,2024-06-03,5.0,125.02,0,625.1,Bedding,Sheets,57.39,125.02,2022-04-14
SKU-044,2024-06-10,15.0,125.02000000000001,0,1875.3,Bedding,Sheets,57.39,125.02,2022-04-14
SKU-044,2024-06-17,5.0,125.02,0,625.1,Bedding,Sheets,57.39,125.02,2022-04-14
SKU-044,2024-06-24,5.0,125.02,0,625.0999999999999,Bedding,Sheets,57.39,125.02,2022-04-14
SKU-044,2024-07-01,17.0,103.08,1,1748.72,Bedding,Sheets,57.39,125.02,2022-04-14
SKU-044,2024-07-08,19.0,125.02,0,2375.38,Bedding,Sheets,57.39,125.02,2022-04-14
SKU-044,2024-07-15,6.0,125.02,0,750.12,Bedding,Sheets,57.39,125.02,2022-04-14
SKU-044,2024-07-22,5.0,125.02,0,625.1,Bedding,Sheets,57.39,125.02,2022-04-14
SKU-044,2024-07-29,9.0,125.02,0,1125.1799999999998,Bedding,Sheets,57.39,125.02,2022-04-14
SKU-044,2024-08-05,8.0,120.25666666666666,1,957.29,Bedding,Sheets,57.39,125.02,2022-04-14
SKU-044,2024-08-12,17.0,107.85,1,1813.43,Bedding,Sheets,57.39,125.02,2022-04-14
SKU-044,2024-08-19,20.0,115.208,1,2264.08,Bedding,Sheets,57.39,125.02,2022-04-14
SKU-044,2024-08-26,17.0,125.02000000000001,0,2125.34,Bedding,Sheets,57.39,125.02,2022-04-14
SKU-044,2024-09-02,14.0,117.74666666666667,1,1663.0,Bedding,Sheets,57.39,125.02,2022-04-14
SKU-044,2024-09-16,11.0,125.02,0,1375.22,Bedding,Sheets,57.39,125.02,2022-04-14
SKU-044,2024-09-23,9.0,125.02000000000001,0,1500.24,Bedding,Sheets,57.39,125.02,2022-04-14
SKU-044,2024-09-30,28.0,125.02,0,3500.56,Bedding,Sheets,57.39,125.02,2022-04-14
SKU-044,2024-10-07,24.0,111.8825,1,2636.2,Bedding,Sheets,57.39,125.02,2022-04-14
SKU-044,2024-10-14,29.0,114.00285714285714,1,3234.0,Bedding,Sheets,57.39,125.02,2022-04-14
SKU-044,2024-10-21,7.0,125.02,0,875.14,Bedding,Sheets,57.39,125.02,2022-04-14
SKU-044,2024-10-28,20.0,125.02,0,2500.4,Bedding,Sheets,57.39,125.02,2022-04-14
SKU-044,2024-11-04,21.0,125.02000000000001,0,2625.42,Bedding,Sheets,57.39,125.02,2022-04-14
SKU-044,2024-11-11,17.0,125.02,0,2125.34,Bedding,Sheets,57.39,125.02,2022-04-14
SKU-044,2024-11-18,14.0,125.02,0,1750.28,Bedding,Sheets,57.39,125.02,2022-04-14
SKU-044,2024-11-25,25.0,105.14166666666667,1,2582.1,Bedding,Sheets,57.39,125.02,2022-04-14
SKU-044,2024-12-02,10.0,125.02,0,1250.2,Bedding,Sheets,57.39,125.02,2022-04-14
SKU-044,2024-12-09,16.0,119.79666666666667,1,1890.63,Bedding,Sheets,57.39,125.02,2022-04-14
SKU-044,2024-12-16,19.0,100.7,1,1891.14,Bedding,Sheets,57.39,125.02,2022-04-14
SKU-044,2024-12-23,29.0,112.622,1,3192.1,Bedding,Sheets,57.39,125.02,2022-04-14
SKU-044,2024-12-30,18.0,114.76599999999999,1,1989.47,Bedding,Sheets,57.39,125.02,2022-04-14
SKU-044,2025-01-06,4.0,125.02,0,500.08,Bedding,Sheets,57.39,125.02,2022-04-14
SKU-044,2025-01-13,18.0,125.02000000000001,0,2250.3599999999997,Bedding,Sheets,57.39,125.02,2022-04-14
SKU-044,2025-01-20,29.0,125.02,0,3625.58,Bedding,Sheets,57.39,125.02,2022-04-14
SKU-044,2025-01-27,6.0,125.02,0,750.12,Bedding,Sheets,57.39,125.02,2022-04-14
SKU-044,2025-02-03,15.0,125.02000000000001,0,1875.3,Bedding,Sheets,57.39,125.02,2022-04-14
SKU-044,2025-02-10,19.0,125.02,0,2375.38,Bedding,Sheets,57.39,125.02,2022-04-14
SKU-044,2025-02-17,20.0,117.99666666666667,1,2289.7000000000003,Bedding,Sheets,57.39,125.02,2022-04-14
SKU-044,2025-02-24,18.0,125.02000000000001,0,2250.36,Bedding,Sheets,57.39,125.02,2022-04-14
SKU-044,2025-03-03,13.0,125.02,0,1625.26,Bedding,Sheets,57.39,125.02,2022-04-14
SKU-044,2025-03-10,8.0,117.9975,1,1206.68,Bedding,Sheets,57.39,125.02,2022-04-14
SKU-044,2025-03-17,10.0,114.4325,1,1074.85,Bedding,Sheets,57.39,125.02,2022-04-14
SKU-044,2025-03-24,17.0,125.02,0,2125.34,Bedding,Sheets,57.39,125.02,2022-04-14
SKU-044,2025-03-31,13.0,125.02000000000001,0,1625.26,Bedding,Sheets,57.39,125.02,2022-04-14
SKU-044,2025-04-07,6.0,125.02,0,750.12,Bedding,Sheets,57.39,125.02,2022-04-14
SKU-044,2025-04-14,9.0,125.02,0,1125.18,Bedding,Sheets,57.39,125.02,2022-04-14
SKU-044,2025-04-21,19.0,125.02000000000001,0,2375.38,Bedding,Sheets,57.39,125.02,2022-04-14
SKU-044,2025-04-28,13.0,125.02000000000001,0,1625.26,Bedding,Sheets,57.39,125.02,2022-04-14
SKU-044,2025-05-05,6.0,125.02,0,750.12,Bedding,Sheets,57.39,125.02,2022-04-14
SKU-044,2025-05-12,5.0,125.02,0,625.1,Bedding,Sheets,57.39,125.02,2022-04-14
SKU-044,2025-05-19,13.0,119.50999999999999,1,1542.6100000000001,Bedding,Sheets,57.39,125.02,2022-04-14
SKU-044,2025-05-26,10.0,105.89,1,1062.23,Bedding,Sheets,57.39,125.02,2022-04-14
SKU-044,2025-06-02,12.0,125.02000000000001,0,1500.24,Bedding,Sheets,57.39,125.02,2022-04-14
SKU-044,2025-06-09,8.0,125.02,0,1000.16,Bedding,Sheets,57.39,125.02,2022-04-14
SKU-044,2025-06-16,19.0,125.02,0,2375.38,Bedding,Sheets,57.39,125.02,2022-04-14
SKU-044,2025-06-23,4.0,125.02,0,500.08,Bedding,Sheets,57.39,125.02,2022-04-14
SKU-044,2025-06-30,15.0,109.2325,1,1640.28,Bedding,Sheets,57.39,125.02,2022-04-14
SKU-044,2025-07-07,7.0,116.38,1,823.3,Bedding,Sheets,57.39,125.02,2022-04-14
SKU-044,2025-07-14,15.0,125.02,0,1875.3,Bedding,Sheets,57.39,125.02,2022-04-14
SKU-044,2025-07-21,9.0,125.02,0,1125.18,Bedding,Sheets,57.39,125.02,2022-04-14
SKU-044,2025-07-28,12.0,125.02000000000001,0,1500.24,Bedding,Sheets,57.39,125.02,2022-04-14
SKU-044,2025-08-04,8.0,125.02,0,1000.1600000000001,Bedding,Sheets,57.39,125.02,2022-04-14
SKU-044,2025-08-11,15.0,100.71000000000001,1,1514.85,Bedding,Sheets,57.39,125.02,2022-04-14
SKU-044,2025-08-18,16.0,119.856,1,1819.58,Bedding,Sheets,57.39,125.02,2022-04-14
SKU-044,2025-08-25,13.0,125.02,0,1875.3,Bedding,Sheets,57.39,125.02,2022-04-14
SKU-044,2025-09-01,14.0,121.82499999999999,1,1660.82,Bedding,Sheets,57.39,125.02,2022-04-14
SKU-044,2025-09-08,23.0,114.922,1,2586.17,Bedding,Sheets,57.39,125.02,2022-04-14
SKU-044,2025-09-15,6.0,125.02,0,1000.16,Bedding,Sheets,57.39,125.02,2022-04-14
SKU-044,2025-09-22,13.0,125.02000000000001,0,1625.26,Bedding,Sheets,57.39,125.02,2022-04-14
SKU-044,2025-09-29,20.0,125.02000000000001,0,2500.4,Bedding,Sheets,57.39,125.02,2022-04-14
SKU-044,2025-10-06,20.0,120.0675,1,2401.35,Bedding,Sheets,57.39,125.02,2022-04-14
SKU-044,2025-10-13,22.0,110.88666666666666,1,2468.05,Bedding,Sheets,57.39,125.02,2022-04-14
SKU-044,2025-10-20,21.0,125.02,0,2625.42,Bedding,Sheets,57.39,125.02,2022-04-14
SKU-044,2025-10-27,31.0,125.02,0,3875.62,Bedding,Sheets,57.39,125.02,2022-04-14
SKU-044,2025-11-03,12.0,125.02,0,1500.24,Bedding,Sheets,57.39,125.02,2022-04-14
SKU-044,2025-11-10,8.0,125.02,0,1625.26,Bedding,Sheets,57.39,125.02,2022-04-14
SKU-044,2025-11-17,19.0,125.02000000000001,0,2375.38,Bedding,Sheets,57.39,125.02,2022-04-14
SKU-044,2025-11-24,36.0,107.644,1,3841.48,Bedding,Sheets,57.39,125.02,2022-04-14
SKU-044,2025-12-01,26.0,125.02,0,3250.52,Bedding,Sheets,57.39,125.02,2022-04-14
SKU-044,2025-12-08,20.0,125.02000000000001,0,2500.4,Bedding,Sheets,57.39,125.02,2022-04-14
SKU-044,2025-12-15,27.0,101.93833333333333,1,2759.81,Bedding,Sheets,57.39,125.02,2022-04-14
SKU-044,2025-12-22,20.0,108.718,1,2156.33,Bedding,Sheets,57.39,125.02,2022-04-14
SKU-044,2025-12-29,19.0,114.95,1,2073.28,Bedding,Sheets,57.39,125.02,2022-04-14
SKU-044,2026-01-05,26.0,125.02,0,3250.52,Bedding,Sheets,57.39,125.02,2022-04-14
SKU-044,2026-01-12,10.0,125.02,0,1250.2,Bedding,Sheets,57.39,125.02,2022-04-14
SKU-044,2026-01-19,17.0,125.02,0,2125.34,Bedding,Sheets,57.39,125.02,2022-04-14
SKU-044,2026-01-26,10.0,125.02000000000001,0,1250.2,Bedding,Sheets,57.39,125.02,2022-04-14
SKU-044,2026-02-02,10.0,125.02,0,1250.2,Bedding,Sheets,57.39,125.02,2022-04-14
SKU-044,2026-02-09,12.0,125.02000000000001,0,1500.24,Bedding,Sheets,57.39,125.02,2022-04-14
SKU-044,2026-02-16,27.0,119.22,1,3143.54,Bedding,Sheets,57.39,125.02,2022-04-14
SKU-044,2026-02-23,9.0,125.02000000000001,0,1500.24,Bedding,Sheets,57.39,125.02,2022-04-14
SKU-044,2026-03-02,11.0,125.02,0,1375.22,Bedding,Sheets,57.39,125.02,2022-04-14
SKU-044,2026-03-09,7.0,120.925,1,842.38,Bedding,Sheets,57.39,125.02,2022-04-14
SKU-044,2026-03-16,24.0,103.026,1,2511.88,Bedding,Sheets,57.39,125.02,2022-04-14
SKU-044,2026-03-23,18.0,125.02000000000001,0,2250.36,Bedding,Sheets,57.39,125.02,2022-04-14
SKU-044,2026-03-30,16.0,125.02000000000001,0,2000.32,Bedding,Sheets,57.39,125.02,2022-04-14
SKU-044,2026-04-06,11.0,125.02000000000001,0,1375.22,Bedding,Sheets,57.39,125.02,2022-04-14
SKU-044,2026-04-13,13.0,125.02,0,1625.26,Bedding,Sheets,57.39,125.02,2022-04-14
SKU-044,2026-04-20,8.0,125.02,0,1000.16,Bedding,Sheets,57.39,125.02,2022-04-14
SKU-044,2026-04-27,8.0,125.02,0,1000.16,Bedding,Sheets,57.39,125.02,2022-04-14
SKU-044,2026-05-04,8.0,125.02000000000001,0,1000.16,Bedding,Sheets,57.39,125.02,2022-04-14
SKU-044,2026-05-11,7.0,125.02,0,875.14,Bedding,Sheets,57.39,125.02,2022-04-14
SKU-044,2026-05-18,17.0,120.97333333333331,1,2028.22,Bedding,Sheets,57.39,125.02,2022-04-14
SKU-044,2026-05-25,18.0,113.0,1,2031.21,Bedding,Sheets,57.39,125.02,2022-04-14
SKU-044,2026-06-01,12.0,125.02000000000001,0,1500.24,Bedding,Sheets,57.39,125.02,2022-04-14
SKU-044,2026-06-08,12.0,125.02000000000001,0,1500.24,Bedding,Sheets,57.39,125.02,2022-04-14
SKU-044,2026-06-15,11.0,125.02,0,1375.22,Bedding,Sheets,57.39,125.02,2022-04-14
SKU-044,2026-06-22,7.0,125.02,0,875.14,Bedding,Sheets,57.39,125.02,2022-04-14
SKU-044,2026-06-29,12.0,108.66000000000001,1,1308.74,Bedding,Sheets,57.39,125.02,2022-04-14
SKU-044,2026-07-06,18.0,115.556,1,2057.7,Bedding,Sheets,57.39,125.02,2022-04-14
SKU-044,2026-07-13,9.0,125.02,0,1125.18,Bedding,Sheets,57.39,125.02,2022-04-14
SKU-044,2026-07-20,10.0,125.02000000000001,0,1250.2,Bedding,Sheets,57.39,125.02,2022-04-14
SKU-044,2026-07-27,14.0,125.02,0,1750.28,Bedding,Sheets,57.39,125.02,2022-04-14
SKU-044,2026-08-03,5.0,125.02,0,625.0999999999999,Bedding,Sheets,57.39,125.02,2022-04-14
SKU-044,2026-08-10,26.0,98.656,1,2563.62,Bedding,Sheets,57.39,125.02,2022-04-14
SKU-044,2026-08-17,15.0,117.5975,1,1765.44,Bedding,Sheets,57.39,125.02,2022-04-14
SKU-044,2026-08-24,12.0,125.02,0,1750.28,Bedding,Sheets,57.39,125.02,2022-04-14
SKU-044,2026-08-31,2.0,125.02,0,250.04,Bedding,Sheets,57.39,125.02,2022-04-14
SKU-045,2024-01-01,18.0,156.3325,1,2694.83,Bedding,Sheets,75.21,180.06,2022-07-11
SKU-045,2024-01-08,13.0,180.06000000000003,0,2340.7799999999997,Bedding,Sheets,75.21,180.06,2022-07-11
SKU-045,2024-01-15,13.0,180.06000000000003,0,2340.7799999999997,Bedding,Sheets,75.21,180.06,2022-07-11
SKU-045,2024-01-22,3.0,180.06,0,540.1800000000001,Bedding,Sheets,75.21,180.06,2022-07-11
SKU-045,2024-01-29,7.0,180.06,0,1260.42,Bedding,Sheets,75.21,180.06,2022-07-11
SKU-045,2024-02-05,9.0,180.06,0,1620.54,Bedding,Sheets,75.21,180.06,2022-07-11
SKU-045,2024-02-12,13.0,170.714,1,2354.34,Bedding,Sheets,75.21,180.06,2022-07-11
SKU-045,2024-02-19,5.0,180.06,0,900.3,Bedding,Sheets,75.21,180.06,2022-07-11
SKU-045,2024-02-26,11.0,180.06,0,1980.6599999999999,Bedding,Sheets,75.21,180.06,2022-07-11
SKU-045,2024-03-04,4.0,180.06,0,900.3,Bedding,Sheets,75.21,180.06,2022-07-11
SKU-045,2024-03-11,7.0,166.5975,1,1490.3,Bedding,Sheets,75.21,180.06,2022-07-11
SKU-045,2024-03-18,10.0,153.95499999999998,1,1611.1599999999999,Bedding,Sheets,75.21,180.06,2022-07-11
SKU-045,2024-03-25,6.0,180.06,0,1080.36,Bedding,Sheets,75.21,180.06,2022-07-11
SKU-045,2024-04-01,5.0,180.06000000000003,0,900.3,Bedding,Sheets,75.21,180.06,2022-07-11
SKU-045,2024-04-08,7.0,180.06000000000003,0,1260.4199999999998,Bedding,Sheets,75.21,180.06,2022-07-11
SKU-045,2024-04-15,2.0,180.06,0,360.12,Bedding,Sheets,75.21,180.06,2022-07-11
SKU-045,2024-04-22,2.0,180.06,0,360.12,Bedding,Sheets,75.21,180.06,2022-07-11
SKU-045,2024-04-29,1.0,180.06,0,180.06,Bedding,Sheets,75.21,180.06,2022-07-11
SKU-045,2024-05-06,8.0,180.06,0,1440.48,Bedding,Sheets,75.21,180.06,2022-07-11
SKU-045,2024-05-13,5.0,180.06,0,900.3,Bedding,Sheets,75.21,180.06,2022-07-11
SKU-045,2024-05-20,3.0,158.715,1,497.49,Bedding,Sheets,75.21,180.06,2022-07-11
SKU-045,2024-05-27,5.0,171.86666666666667,1,851.14,Bedding,Sheets,75.21,180.06,2022-07-11
SKU-045,2024-06-03,2.0,180.06,0,360.12,Bedding,Sheets,75.21,180.06,2022-07-11
SKU-045,2024-06-10,2.0,180.06,0,360.12,Bedding,Sheets,75.21,180.06,2022-07-11
SKU-045,2024-06-17,1.0,180.06,0,180.06,Bedding,Sheets,75.21,180.06,2022-07-11
SKU-045,2024-06-24,4.0,180.06,0,720.24,Bedding,Sheets,75.21,180.06,2022-07-11
SKU-045,2024-07-01,3.0,158.04500000000002,1,477.43,Bedding,Sheets,75.21,180.06,2022-07-11
SKU-045,2024-07-08,5.0,180.06,0,900.3,Bedding,Sheets,75.21,180.06,2022-07-11
SKU-045,2024-07-15,7.0,180.06,0,1260.42,Bedding,Sheets,75.21,180.06,2022-07-11
SKU-045,2024-07-22,1.0,180.06,0,180.06,Bedding,Sheets,75.21,180.06,2022-07-11
SKU-045,2024-07-29,3.0,180.06,0,540.1800000000001,Bedding,Sheets,75.21,180.06,2022-07-11
SKU-045,2024-08-05,17.0,171.66666666666666,1,2882.62,Bedding,Sheets,75.21,180.06,2022-07-11
SKU-045,2024-08-12,8.0,150.6025,1,1204.82,Bedding,Sheets,75.21,180.06,2022-07-11
SKU-045,2024-08-19,5.0,174.88,1,1054.46,Bedding,Sheets,75.21,180.06,2022-07-11
SKU-045,2024-08-26,3.0,180.06,0,540.1800000000001,Bedding,Sheets,75.21,180.06,2022-07-11
SKU-045,2024-09-02,11.0,167.1875,1,1844.72,Bedding,Sheets,75.21,180.06,2022-07-11
SKU-045,2024-09-09,12.0,176.66,1,2439.24,Bedding,Sheets,75.21,180.06,2022-07-11
SKU-045,2024-09-16,3.0,180.06,0,540.1800000000001,Bedding,Sheets,75.21,180.06,2022-07-11
SKU-045,2024-09-23,10.0,180.06,0,1800.6,Bedding,Sheets,75.21,180.06,2022-07-11
SKU-045,2024-09-30,15.0,180.06000000000003,0,2700.9,Bedding,Sheets,75.21,180.06,2022-07-11
SKU-045,2024-10-07,14.0,166.822,1,2216.84,Bedding,Sheets,75.21,180.06,2022-07-11
SKU-045,2024-10-14,8.0,165.23,1,1329.4399999999998,Bedding,Sheets,75.21,180.06,2022-07-11
SKU-045,2024-10-21,8.0,180.06,0,1440.48,Bedding,Sheets,75.21,180.06,2022-07-11
SKU-045,2024-10-28,6.0,180.06000000000003,0,1080.36,Bedding,Sheets,75.21,180.06,2022-07-11
SKU-045,2024-11-04,7.0,180.06000000000003,0,1260.42,Bedding,Sheets,75.21,180.06,2022-07-11
SKU-045,2024-11-11,13.0,180.06,0,2340.78,Bedding,Sheets,75.21,180.06,2022-07-11
SKU-045,2024-11-18,9.0,174.00799999999998,1,1590.28,Bedding,Sheets,75.21,180.06,2022-07-11
SKU-045,2024-11-25,12.0,157.585,1,1821.34,Bedding,Sheets,75.21,180.06,2022-07-11
SKU-045,2024-12-02,8.0,180.06,0,1440.48,Bedding,Sheets,75.21,180.06,2022-07-11
SKU-045,2024-12-09,19.0,171.88,1,3175.74,Bedding,Sheets,75.21,180.06,2022-07-11
SKU-045,2024-12-16,21.0,149.25333333333333,1,3118.65,Bedding,Sheets,75.21,180.06,2022-07-11
SKU-045,2024-12-23,15.0,169.14600000000002,1,2538.22,Bedding,Sheets,75.21,180.06,2022-07-11
SKU-045,2024-12-30,10.0,172.7475,1,1742.1,Bedding,Sheets,75.21,180.06,2022-07-11
SKU-045,2025-01-06,11.0,180.06,0,1980.6599999999999,Bedding,Sheets,75.21,180.06,2022-07-11
SKU-045,2025-01-13,5.0,180.06000000000003,0,900.3,Bedding,Sheets,75.21,180.06,2022-07-11
SKU-045,2025-01-20,7.0,180.06,0,1260.42,Bedding,Sheets,75.21,180.06,2022-07-11
SKU-045,2025-01-27,10.0,180.06,0,1800.6,Bedding,Sheets,75.21,180.06,2022-07-11
SKU-045,2025-02-03,5.0,180.06,0,900.3,Bedding,Sheets,75.21,180.06,2022-07-11
SKU-045,2025-02-10,3.0,180.06000000000003,0,540.1800000000001,Bedding,Sheets,75.21,180.06,2022-07-11
SKU-045,2025-02-17,4.0,159.95666666666668,1,641.02,Bedding,Sheets,75.21,180.06,2022-07-11
SKU-045,2025-02-24,3.0,180.06,0,540.1800000000001,Bedding,Sheets,75.21,180.06,2022-07-11
SKU-045,2025-03-03,7.0,180.06,0,1260.4199999999998,Bedding,Sheets,75.21,180.06,2022-07-11
SKU-045,2025-03-10,3.0,160.99333333333334,1,482.98,Bedding,Sheets,75.21,180.06,2022-07-11
SKU-045,2025-03-17,12.0,155.19,1,1893.5,Bedding,Sheets,75.21,180.06,2022-07-11
SKU-045,2025-03-24,7.0,180.06,0,1260.42,Bedding,Sheets,75.21,180.06,2022-07-11
SKU-045,2025-03-31,12.0,180.06000000000003,0,2160.72,Bedding,Sheets,75.21,180.06,2022-07-11
SKU-045,2025-04-07,15.0,180.06,0,2700.8999999999996,Bedding,Sheets,75.21,180.06,2022-07-11
SKU-045,2025-04-14,2.0,180.06,0,360.12,Bedding,Sheets,75.21,180.06,2022-07-11
SKU-045,2025-04-21,4.0,180.06,0,720.24,Bedding,Sheets,75.21,180.06,2022-07-11
SKU-045,2025-04-28,4.0,180.06,0,720.24,Bedding,Sheets,75.21,180.06,2022-07-11
SKU-045,2025-05-05,5.0,180.06,0,900.3,Bedding,Sheets,75.21,180.06,2022-07-11
SKU-045,2025-05-12,4.0,180.06000000000003,0,720.24,Bedding,Sheets,75.21,180.06,2022-07-11
SKU-045,2025-05-19,4.0,180.06,0,720.24,Bedding,Sheets,75.21,180.06,2022-07-11
SKU-045,2025-05-26,9.0,149.7625,1,1343.03,Bedding,Sheets,75.21,180.06,2022-07-11
SKU-045,2025-06-02,5.0,180.06,0,900.3,Bedding,Sheets,75.21,180.06,2022-07-11
SKU-045,2025-06-09,8.0,180.06,0,1440.48,Bedding,Sheets,75.21,180.06,2022-07-11
SKU-045,2025-06-16,6.0,180.06,0,1080.3600000000001,Bedding,Sheets,75.21,180.06,2022-07-11
SKU-045,2025-06-23,3.0,180.06,0,540.18,Bedding,Sheets,75.21,180.06,2022-07-11
SKU-045,2025-06-30,7.0,151.95999999999998,1,1035.92,Bedding,Sheets,75.21,180.06,2022-07-11
SKU-045,2025-07-07,7.0,173.8325,1,1185.69,Bedding,Sheets,75.21,180.06,2022-07-11
SKU-045,2025-07-14,5.0,180.06,0,900.3,Bedding,Sheets,75.21,180.06,2022-07-11
SKU-045,2025-07-21,4.0,180.06,0,720.24,Bedding,Sheets,75.21,180.06,2022-07-11
SKU-045,2025-07-28,4.0,180.06,0,720.24,Bedding,Sheets,75.21,180.06,2022-07-11
SKU-045,2025-08-04,3.0,180.06,0,540.1800000000001,Bedding,Sheets,75.21,180.06,2022-07-11
SKU-045,2025-08-11,13.0,147.545,1,1873.8,Bedding,Sheets,75.21,180.06,2022-07-11
SKU-045,2025-08-18,4.0,157.47666666666666,1,764.8,Bedding,Sheets,75.21,180.06,2022-07-11
SKU-045,2025-08-25,1.0,180.06,0,180.06,Bedding,Sheets,75.21,180.06,2022-07-11
SKU-045,2025-09-01,7.0,168.27333333333334,1,1189.6999999999998,Bedding,Sheets,75.21,180.06,2022-07-11
SKU-045,2025-09-08,9.0,162.7575,1,1510.9599999999998,Bedding,Sheets,75.21,180.06,2022-07-11
SKU-045,2025-09-15,9.0,180.06000000000003,0,1620.54,Bedding,Sheets,75.21,180.06,2022-07-11
SKU-045,2025-09-22,3.0,180.06,0,540.18,Bedding,Sheets,75.21,180.06,2022-07-11
SKU-045,2025-09-29,17.0,180.06000000000003,0,3061.02,Bedding,Sheets,75.21,180.06,2022-07-11
SKU-045,2025-10-06,13.0,166.185,1,2148.4,Bedding,Sheets,75.21,180.06,2022-07-11
SKU-045,2025-10-13,13.0,169.75,1,2155.41,Bedding,Sheets,75.21,180.06,2022-07-11
SKU-045,2025-10-20,10.0,180.06,0,1800.6,Bedding,Sheets,75.21,180.06,2022-07-11
SKU-045,2025-10-27,17.0,180.06,0,3061.02,Bedding,Sheets,75.21,180.06,2022-07-11
SKU-045,2025-11-03,12.0,180.06,0,2160.72,Bedding,Sheets,75.21,180.06,2022-07-11
SKU-045,2025-11-10,8.0,180.06000000000003,0,1440.48,Bedding,Sheets,75.21,180.06,2022-07-11
SKU-045,2025-11-17,9.0,180.06000000000003,0,1620.54,Bedding,Sheets,75.21,180.06,2022-07-11
SKU-045,2025-11-24,14.0,153.2375,1,2179.58,Bedding,Sheets,75.21,180.06,2022-07-11
SKU-045,2025-12-01,6.0,180.06000000000003,0,1080.36,Bedding,Sheets,75.21,180.06,2022-07-11
SKU-045,2025-12-08,9.0,180.06,0,1620.54,Bedding,Sheets,75.21,180.06,2022-07-11
SKU-045,2025-12-15,15.0,156.6625,1,2332.52,Bedding,Sheets,75.21,180.06,2022-07-11
SKU-045,2025-12-22,18.0,154.5675,1,2735.08,Bedding,Sheets,75.21,180.06,2022-07-11
SKU-045,2025-12-29,7.0,154.58666666666667,1,1018.1800000000001,Bedding,Sheets,75.21,180.06,2022-07-11
SKU-045,2026-01-05,6.0,180.06000000000003,0,1080.3600000000001,Bedding,Sheets,75.21,180.06,2022-07-11
SKU-045,2026-01-12,11.0,180.06,0,1980.66,Bedding,Sheets,75.21,180.06,2022-07-11
SKU-045,2026-01-19,2.0,180.06,0,360.12,Bedding,Sheets,75.21,180.06,2022-07-11
SKU-045,2026-01-26,13.0,180.06,0,2340.7799999999997,Bedding,Sheets,75.21,180.06,2022-07-11
SKU-045,2026-02-02,3.0,180.06000000000003,0,540.1800000000001,Bedding,Sheets,75.21,180.06,2022-07-11
SKU-045,2026-02-09,7.0,180.06,0,1260.42,Bedding,Sheets,75.21,180.06,2022-07-11
SKU-045,2026-02-16,3.0,169.36666666666667,1,508.1,Bedding,Sheets,75.21,180.06,2022-07-11
SKU-045,2026-02-23,9.0,180.06000000000003,0,1620.54,Bedding,Sheets,75.21,180.06,2022-07-11
SKU-045,2026-03-02,1.0,180.06,0,180.06,Bedding,Sheets,75.21,180.06,2022-07-11
SKU-045,2026-03-09,11.0,180.06,0,1980.66,Bedding,Sheets,75.21,180.06,2022-07-11
SKU-045,2026-03-16,11.0,157.98,1,1749.2399999999998,Bedding,Sheets,75.21,180.06,2022-07-11
SKU-045,2026-03-23,8.0,180.06000000000003,0,1440.48,Bedding,Sheets,75.21,180.06,2022-07-11
SKU-045,2026-03-30,5.0,180.06000000000003,0,900.3,Bedding,Sheets,75.21,180.06,2022-07-11
SKU-045,2026-04-06,4.0,180.06000000000003,0,720.24,Bedding,Sheets,75.21,180.06,2022-07-11
SKU-045,2026-04-13,7.0,180.06,0,1260.42,Bedding,Sheets,75.21,180.06,2022-07-11
SKU-045,2026-04-20,3.0,180.06,0,540.1800000000001,Bedding,Sheets,75.21,180.06,2022-07-11
SKU-045,2026-04-27,7.0,180.06,0,1260.42,Bedding,Sheets,75.21,180.06,2022-07-11
SKU-045,2026-05-04,2.0,180.06,0,360.12,Bedding,Sheets,75.21,180.06,2022-07-11
SKU-045,2026-05-11,3.0,180.06000000000003,0,540.1800000000001,Bedding,Sheets,75.21,180.06,2022-07-11
SKU-045,2026-05-18,3.0,180.06,0,540.1800000000001,Bedding,Sheets,75.21,180.06,2022-07-11
SKU-045,2026-05-25,7.0,166.0025,1,1120.94,Bedding,Sheets,75.21,180.06,2022-07-11
SKU-045,2026-06-01,1.0,180.06,0,180.06,Bedding,Sheets,75.21,180.06,2022-07-11
SKU-045,2026-06-08,9.0,180.06000000000003,0,1980.6599999999999,Bedding,Sheets,75.21,180.06,2022-07-11
SKU-045,2026-06-15,1.0,180.06,0,180.06,Bedding,Sheets,75.21,180.06,2022-07-11
SKU-045,2026-06-22,2.0,180.06,0,360.12,Bedding,Sheets,75.21,180.06,2022-07-11
SKU-045,2026-06-29,8.0,146.38666666666666,1,1178.82,Bedding,Sheets,75.21,180.06,2022-07-11
SKU-045,2026-07-06,3.0,166.82333333333335,1,500.47,Bedding,Sheets,75.21,180.06,2022-07-11
SKU-045,2026-07-13,8.0,180.06000000000003,0,1440.48,Bedding,Sheets,75.21,180.06,2022-07-11
SKU-045,2026-07-20,1.0,180.06,0,180.06,Bedding,Sheets,75.21,180.06,2022-07-11
SKU-045,2026-07-27,4.0,180.06,0,720.24,Bedding,Sheets,75.21,180.06,2022-07-11
SKU-045,2026-08-03,10.0,180.06,0,1800.6,Bedding,Sheets,75.21,180.06,2022-07-11
SKU-045,2026-08-10,7.0,149.13666666666666,1,1045.79,Bedding,Sheets,75.21,180.06,2022-07-11
SKU-045,2026-08-17,20.0,166.48399999999998,1,3202.87,Bedding,Sheets,75.21,180.06,2022-07-11
SKU-045,2026-08-24,3.0,180.06000000000003,0,540.1800000000001,Bedding,Sheets,75.21,180.06,2022-07-11
SKU-046,2024-04-15,9.0,90.79,0,817.11,Bedding,Comforters,46.57,90.79,2024-04-12
SKU-046,2024-04-22,8.0,90.79,0,726.32,Bedding,Comforters,46.57,90.79,2024-04-12
SKU-046,2024-04-29,3.0,90.79,0,272.37,Bedding,Comforters,46.57,90.79,2024-04-12
SKU-046,2024-05-06,4.0,90.79,0,363.16,Bedding,Comforters,46.57,90.79,2024-04-12
SKU-046,2024-05-13,7.0,90.79,0,635.53,Bedding,Comforters,46.57,90.79,2024-04-12
SKU-046,2024-05-20,6.0,86.03333333333335,1,501.93000000000006,Bedding,Comforters,46.57,90.79,2024-04-12
SKU-046,2024-05-27,1.0,82.855,1,74.92,Bedding,Comforters,46.57,90.79,2024-04-12
SKU-046,2024-06-03,5.0,90.79,0,453.95000000000005,Bedding,Comforters,46.57,90.79,2024-04-12
SKU-046,2024-06-10,5.0,90.79,0,453.95000000000005,Bedding,Comforters,46.57,90.79,2024-04-12
SKU-046,2024-06-17,5.0,90.79,0,453.95000000000005,Bedding,Comforters,46.57,90.79,2024-04-12
SKU-046,2024-06-24,2.0,90.79,0,181.58,Bedding,Comforters,46.57,90.79,2024-04-12
SKU-046,2024-07-01,5.0,72.27000000000001,1,364.98,Bedding,Comforters,46.57,90.79,2024-04-12
SKU-046,2024-07-08,3.0,90.79,0,363.16,Bedding,Comforters,46.57,90.79,2024-04-12
SKU-046,2024-07-15,3.0,90.79,0,272.37,Bedding,Comforters,46.57,90.79,2024-04-12
SKU-046,2024-07-22,5.0,90.79,0,453.95000000000005,Bedding,Comforters,46.57,90.79,2024-04-12
SKU-046,2024-07-29,9.0,90.79,0,817.11,Bedding,Comforters,46.57,90.79,2024-04-12
SKU-046,2024-08-05,11.0,82.522,1,897.44,Bedding,Comforters,46.57,90.79,2024-04-12
SKU-046,2024-08-12,7.0,73.9175,1,521.24,Bedding,Comforters,46.57,90.79,2024-04-12
SKU-046,2024-08-19,3.0,83.665,1,243.87,Bedding,Comforters,46.57,90.79,2024-04-12
SKU-046,2024-08-26,6.0,90.79,0,544.74,Bedding,Comforters,46.57,90.79,2024-04-12
SKU-046,2024-09-02,3.0,81.79333333333334,1,245.38,Bedding,Comforters,46.57,90.79,2024-04-12
SKU-046,2024-09-09,10.0,88.93666666666667,1,885.6600000000001,Bedding,Comforters,46.57,90.79,2024-04-12
SKU-046,2024-09-16,5.0,90.79,0,453.95000000000005,Bedding,Comforters,46.57,90.79,2024-04-12
SKU-046,2024-09-23,1.0,90.79,0,90.79,Bedding,Comforters,46.57,90.79,2024-04-12
SKU-046,2024-09-30,6.0,90.79,0,544.74,Bedding,Comforters,46.57,90.79,2024-04-12
SKU-046,2024-10-07,19.0,77.212,1,1459.33,Bedding,Comforters,46.57,90.79,2024-04-12
SKU-046,2024-10-14,30.0,82.05333333333333,1,2428.05,Bedding,Comforters,46.57,90.79,2024-04-12
SKU-046,2024-10-21,6.0,90.79,0,544.74,Bedding,Comforters,46.57,90.79,2024-04-12
SKU-046,2024-10-28,3.0,90.79,0,272.37,Bedding,Comforters,46.57,90.79,2024-04-12
SKU-046,2024-11-04,9.0,90.79,0,817.1100000000001,Bedding,Comforters,46.57,90.79,2024-04-12
SKU-046,2024-11-11,7.0,90.79,0,635.53,Bedding,Comforters,46.57,90.79,2024-04-12
SKU-046,2024-11-18,12.0,86.91,1,1031.28,Bedding,Comforters,46.57,90.79,2024-04-12
SKU-046,2024-11-25,14.0,75.024,1,1050.78,Bedding,Comforters,46.57,90.79,2024-04-12
SKU-046,2024-12-02,7.0,90.79,0,635.53,Bedding,Comforters,46.57,90.79,2024-04-12
SKU-046,2024-12-09,9.0,90.79,0,817.11,Bedding,Comforters,46.57,90.79,2024-04-12
SKU-046,2024-12-16,11.0,73.985,1,808.44,Bedding,Comforters,46.57,90.79,2024-04-12
SKU-046,2024-12-23,13.0,84.315,1,1077.07,Bedding,Comforters,46.57,90.79,2024-04-12
SKU-046,2024-12-30,21.0,80.98666666666666,1,1741.76,Bedding,Comforters,46.57,90.79,2024-04-12
SKU-046,2025-01-06,12.0,90.79,0,1089.48,Bedding,Comforters,46.57,90.79,2024-04-12
SKU-046,2025-01-13,5.0,90.79,0,453.95000000000005,Bedding,Comforters,46.57,90.79,2024-04-12
SKU-046,2025-01-20,15.0,90.79,0,1361.8500000000001,Bedding,Comforters,46.57,90.79,2024-04-12
SKU-046,2025-01-27,14.0,90.79,0,1271.06,Bedding,Comforters,46.57,90.79,2024-04-12
SKU-046,2025-02-03,6.0,90.79,0,544.74,Bedding,Comforters,46.57,90.79,2024-04-12
SKU-046,2025-02-10,14.0,90.79,0,1271.06,Bedding,Comforters,46.57,90.79,2024-04-12
SKU-046,2025-02-17,7.0,81.7125,1,562.9100000000001,Bedding,Comforters,46.57,90.79,2024-04-12
SKU-046,2025-02-24,3.0,90.79,0,272.37,Bedding,Comforters,46.57,90.79,2024-04-12
SKU-046,2025-03-03,7.0,90.79,0,635.5300000000001,Bedding,Comforters,46.57,90.79,2024-04-12
SKU-046,2025-03-10,12.0,86.322,1,1044.8000000000002,Bedding,Comforters,46.57,90.79,2024-04-12
SKU-046,2025-03-17,7.0,75.2125,1,532.6800000000001,Bedding,Comforters,46.57,90.79,2024-04-12
SKU-046,2025-03-24,5.0,90.79,0,453.95000000000005,Bedding,Comforters,46.57,90.79,2024-04-12
SKU-046,2025-03-31,5.0,90.79,0,453.95000000000005,Bedding,Comforters,46.57,90.79,2024-04-12
SKU-046,2025-04-07,10.0,90.79,0,907.9000000000001,Bedding,Comforters,46.57,90.79,2024-04-12
SKU-046,2025-04-14,6.0,90.79,0,544.74,Bedding,Comforters,46.57,90.79,2024-04-12
SKU-046,2025-04-21,6.0,90.79,0,817.11,Bedding,Comforters,46.57,90.79,2024-04-12
SKU-046,2025-04-28,8.0,90.79,0,726.32,Bedding,Comforters,46.57,90.79,2024-04-12
SKU-046,2025-05-05,5.0,90.79,0,453.95000000000005,Bedding,Comforters,46.57,90.79,2024-04-12
SKU-046,2025-05-12,3.0,90.79,0,272.37,Bedding,Comforters,46.57,90.79,2024-04-12
SKU-046,2025-05-19,9.0,87.638,1,801.35,Bedding,Comforters,46.57,90.79,2024-04-12
SKU-046,2025-05-26,6.0,84.855,1,510.93,Bedding,Comforters,46.57,90.79,2024-04-12
SKU-046,2025-06-02,8.0,90.79,0,726.32,Bedding,Comforters,46.57,90.79,2024-04-12
SKU-046,2025-06-09,5.0,90.79,0,453.95000000000005,Bedding,Comforters,46.57,90.79,2024-04-12
SKU-046,2025-06-16,12.0,90.79,0,1089.48,Bedding,Comforters,46.57,90.79,2024-04-12
SKU-046,2025-06-23,9.0,90.79,0,817.11,Bedding,Comforters,46.57,90.79,2024-04-12
SKU-046,2025-06-30,5.0,80.905,1,399.63,Bedding,Comforters,46.57,90.79,2024-04-12
SKU-046,2025-07-07,6.0,90.79,0,544.74,Bedding,Comforters,46.57,90.79,2024-04-12
SKU-046,2025-07-14,5.0,90.79,0,453.95000000000005,Bedding,Comforters,46.57,90.79,2024-04-12
SKU-046,2025-07-21,6.0,90.79,0,544.74,Bedding,Comforters,46.57,90.79,2024-04-12
SKU-046,2025-07-28,6.0,90.79,0,544.74,Bedding,Comforters,46.57,90.79,2024-04-12
SKU-046,2025-08-04,7.0,90.79,0,635.5300000000001,Bedding,Comforters,46.57,90.79,2024-04-12
SKU-046,2025-08-11,21.0,75.93,1,1608.72,Bedding,Comforters,46.57,90.79,2024-04-12
SKU-046,2025-08-18,6.0,84.8,1,490.83000000000004,Bedding,Comforters,46.57,90.79,2024-04-12
SKU-046,2025-08-25,6.0,90.79,0,544.74,Bedding,Comforters,46.57,90.79,2024-04-12
SKU-046,2025-09-01,6.0,85.51333333333334,1,513.0799999999999,Bedding,Comforters,46.57,90.79,2024-04-12
SKU-046,2025-09-08,5.0,86.14666666666666,1,440.02000000000004,Bedding,Comforters,46.57,90.79,2024-04-12
SKU-046,2025-09-15,13.0,90.79,0,1180.27,Bedding,Comforters,46.57,90.79,2024-04-12
SKU-046,2025-09-22,3.0,90.79,0,272.37,Bedding,Comforters,46.57,90.79,2024-04-12
SKU-046,2025-09-29,6.0,90.79,0,544.74,Bedding,Comforters,46.57,90.79,2024-04-12
SKU-046,2025-10-06,8.0,87.81,1,690.5600000000001,Bedding,Comforters,46.57,90.79,2024-04-12
SKU-046,2025-10-13,21.0,79.12,1,1597.51,Bedding,Comforters,46.57,90.79,2024-04-12
SKU-046,2025-10-20,9.0,90.79,0,817.11,Bedding,Comforters,46.57,90.79,2024-04-12
SKU-046,2025-10-27,11.0,90.79,0,998.69,Bedding,Comforters,46.57,90.79,2024-04-12
SKU-046,2025-11-03,3.0,90.79,0,272.37,Bedding,Comforters,46.57,90.79,2024-04-12
SKU-046,2025-11-10,11.0,90.79,0,998.69,Bedding,Comforters,46.57,90.79,2024-04-12
SKU-046,2025-11-17,16.0,87.63250000000001,1,1326.3400000000001,Bedding,Comforters,46.57,90.79,2024-04-12
SKU-046,2025-11-24,6.0,74.97666666666667,1,444.35,Bedding,Comforters,46.57,90.79,2024-04-12
SKU-046,2025-12-01,7.0,90.79,0,635.5300000000001,Bedding,Comforters,46.57,90.79,2024-04-12
SKU-046,2025-12-08,8.0,90.79,0,726.32,Bedding,Comforters,46.57,90.79,2024-04-12
SKU-046,2025-12-15,19.0,73.42999999999999,1,1396.38,Bedding,Comforters,46.57,90.79,2024-04-12
SKU-046,2025-12-22,20.0,82.51857142857143,1,2028.0900000000001,Bedding,Comforters,46.57,90.79,2024-04-12
SKU-046,2025-12-29,15.0,86.432,1,1285.4,Bedding,Comforters,46.57,90.79,2024-04-12
SKU-046,2026-01-05,5.0,90.79,0,453.95000000000005,Bedding,Comforters,46.57,90.79,2024-04-12
SKU-046,2026-01-12,6.0,90.79,0,544.74,Bedding,Comforters,46.57,90.79,2024-04-12
SKU-046,2026-01-19,10.0,90.79,0,907.9000000000001,Bedding,Comforters,46.57,90.79,2024-04-12
SKU-046,2026-01-26,4.0,90.79,0,363.16,Bedding,Comforters,46.57,90.79,2024-04-12
SKU-046,2026-02-02,5.0,90.79,0,544.74,Bedding,Comforters,46.57,90.79,2024-04-12
SKU-046,2026-02-09,3.0,90.79,0,272.37,Bedding,Comforters,46.57,90.79,2024-04-12
SKU-046,2026-02-16,6.0,85.01,1,533.18,Bedding,Comforters,46.57,90.79,2024-04-12
SKU-046,2026-02-23,4.0,90.79,0,363.16,Bedding,Comforters,46.57,90.79,2024-04-12
SKU-046,2026-03-02,2.0,90.79,0,181.58,Bedding,Comforters,46.57,90.79,2024-04-12
SKU-046,2026-03-09,6.0,90.79,0,544.74,Bedding,Comforters,46.57,90.79,2024-04-12
SKU-046,2026-03-16,6.0,78.24333333333334,1,448.73,Bedding,Comforters,46.57,90.79,2024-04-12
SKU-046,2026-03-23,5.0,90.79,0,453.95000000000005,Bedding,Comforters,46.57,90.79,2024-04-12
SKU-046,2026-03-30,14.0,90.79,0,1271.06,Bedding,Comforters,46.57,90.79,2024-04-12
SKU-046,2026-04-06,8.0,90.79,0,726.32,Bedding,Comforters,46.57,90.79,2024-04-12
SKU-046,2026-04-13,6.0,90.79,0,544.74,Bedding,Comforters,46.57,90.79,2024-04-12
SKU-046,2026-04-20,3.0,90.79,0,272.37,Bedding,Comforters,46.57,90.79,2024-04-12
SKU-046,2026-04-27,5.0,90.79,0,453.95000000000005,Bedding,Comforters,46.57,90.79,2024-04-12
SKU-046,2026-05-04,6.0,90.79,0,544.74,Bedding,Comforters,46.57,90.79,2024-04-12
SKU-046,2026-05-11,5.0,90.79,0,453.95000000000005,Bedding,Comforters,46.57,90.79,2024-04-12
SKU-046,2026-05-18,3.0,90.79,0,272.37,Bedding,Comforters,46.57,90.79,2024-04-12
SKU-046,2026-05-25,4.0,82.775,1,331.1,Bedding,Comforters,46.57,90.79,2024-04-12
SKU-046,2026-06-01,5.0,90.79,0,453.95000000000005,Bedding,Comforters,46.57,90.79,2024-04-12
SKU-046,2026-06-08,3.0,90.79,0,272.37,Bedding,Comforters,46.57,90.79,2024-04-12
SKU-046,2026-06-15,7.0,90.79,0,635.53,Bedding,Comforters,46.57,90.79,2024-04-12
SKU-046,2026-06-22,8.0,90.79,0,726.32,Bedding,Comforters,46.57,90.79,2024-04-12
SKU-046,2026-06-29,7.0,83.6025,1,578.03,Bedding,Comforters,46.57,90.79,2024-04-12
SKU-046,2026-07-06,3.0,90.79,0,272.37,Bedding,Comforters,46.57,90.79,2024-04-12
SKU-046,2026-07-13,5.0,90.79,0,453.95000000000005,Bedding,Comforters,46.57,90.79,2024-04-12
SKU-046,2026-07-20,3.0,90.79,0,272.37,Bedding,Comforters,46.57,90.79,2024-04-12
SKU-046,2026-07-27,9.0,90.79,0,817.11,Bedding,Comforters,46.57,90.79,2024-04-12
SKU-046,2026-08-03,7.0,90.79,0,635.5300000000001,Bedding,Comforters,46.57,90.79,2024-04-12
SKU-046,2026-08-10,14.0,74.625,1,1043.04,Bedding,Comforters,46.57,90.79,2024-04-12
SKU-046,2026-08-17,16.0,81.03999999999999,1,1273.0,Bedding,Comforters,46.57,90.79,2024-04-12
SKU-046,2026-08-24,7.0,90.79,0,635.5300000000001,Bedding,Comforters,46.57,90.79,2024-04-12
SKU-046,2026-08-31,2.0,90.79,0,181.58,Bedding,Comforters,46.57,90.79,2024-04-12
SKU-047,2024-01-01,9.0,42.1075,1,382.03,Bedding,Mattress Toppers,25.7,46.3,2022-05-01
SKU-047,2024-01-08,2.0,46.3,0,92.6,Bedding,Mattress Toppers,25.7,46.3,2022-05-01
SKU-047,2024-01-15,6.0,46.3,0,277.79999999999995,Bedding,Mattress Toppers,25.7,46.3,2022-05-01
SKU-047,2024-01-22,0.0,46.3,0,0.0,Bedding,Mattress Toppers,25.7,46.3,2022-05-01
SKU-047,2024-01-29,4.0,46.29999999999999,0,185.20000000000002,Bedding,Mattress Toppers,25.7,46.3,2022-05-01
SKU-047,2024-02-05,4.0,46.29999999999999,0,185.2,Bedding,Mattress Toppers,25.7,46.3,2022-05-01
SKU-047,2024-02-12,9.0,40.555,1,369.18,Bedding,Mattress Toppers,25.7,46.3,2022-05-01
SKU-047,2024-02-19,4.0,44.413333333333334,1,173.88,Bedding,Mattress Toppers,25.7,46.3,2022-05-01
SKU-047,2024-02-26,5.0,46.3,0,324.1,Bedding,Mattress Toppers,25.7,46.3,2022-05-01
SKU-047,2024-03-04,6.0,46.3,0,277.79999999999995,Bedding,Mattress Toppers,25.7,46.3,2022-05-01
SKU-047,2024-03-11,3.0,39.61666666666667,1,118.85,Bedding,Mattress Toppers,25.7,46.3,2022-05-01
SKU-047,2024-03-18,10.0,42.164,1,413.2,Bedding,Mattress Toppers,25.7,46.3,2022-05-01
SKU-047,2024-03-25,6.0,46.29999999999999,0,277.79999999999995,Bedding,Mattress Toppers,25.7,46.3,2022-05-01
SKU-047,2024-04-01,9.0,46.3,0,416.7,Bedding,Mattress Toppers,25.7,46.3,2022-05-01
SKU-047,2024-04-08,7.0,46.3,0,324.09999999999997,Bedding,Mattress Toppers,25.7,46.3,2022-05-01
SKU-047,2024-04-15,4.0,46.3,0,185.2,Bedding,Mattress Toppers,25.7,46.3,2022-05-01
SKU-047,2024-04-22,2.0,46.3,0,92.6,Bedding,Mattress Toppers,25.7,46.3,2022-05-01
SKU-047,2024-04-29,5.0,46.3,0,231.5,Bedding,Mattress Toppers,25.7,46.3,2022-05-01
SKU-047,2024-05-06,4.0,46.3,0,185.2,Bedding,Mattress Toppers,25.7,46.3,2022-05-01
SKU-047,2024-05-20,2.0,46.29999999999999,0,138.89999999999998,Bedding,Mattress Toppers,25.7,46.3,2022-05-01
SKU-047,2024-05-27,2.0,46.3,0,92.6,Bedding,Mattress Toppers,25.7,46.3,2022-05-01
SKU-047,2024-06-03,5.0,46.3,0,231.5,Bedding,Mattress Toppers,25.7,46.3,2022-05-01
SKU-047,2024-06-10,3.0,46.3,0,138.89999999999998,Bedding,Mattress Toppers,25.7,46.3,2022-05-01
SKU-047,2024-06-17,1.0,46.3,0,46.3,Bedding,Mattress Toppers,25.7,46.3,2022-05-01
SKU-047,2024-06-24,3.0,46.29999999999999,0,138.89999999999998,Bedding,Mattress Toppers,25.7,46.3,2022-05-01
SKU-047,2024-07-01,2.0,36.41,1,72.82,Bedding,Mattress Toppers,25.7,46.3,2022-05-01
SKU-047,2024-07-08,4.0,46.29999999999999,0,185.2,Bedding,Mattress Toppers,25.7,46.3,2022-05-01
SKU-047,2024-07-15,3.0,46.29999999999999,0,138.89999999999998,Bedding,Mattress Toppers,25.7,46.3,2022-05-01
SKU-047,2024-07-22,4.0,46.3,0,231.5,Bedding,Mattress Toppers,25.7,46.3,2022-05-01
SKU-047,2024-07-29,5.0,46.29999999999999,0,231.5,Bedding,Mattress Toppers,25.7,46.3,2022-05-01
SKU-047,2024-08-05,8.0,43.635,1,350.08,Bedding,Mattress Toppers,25.7,46.3,2022-05-01
SKU-047,2024-08-12,6.0,38.084,1,228.87,Bedding,Mattress Toppers,25.7,46.3,2022-05-01
SKU-047,2024-08-19,6.0,43.5,1,244.2,Bedding,Mattress Toppers,25.7,46.3,2022-05-01
SKU-047,2024-08-26,8.0,44.97,1,363.75,Bedding,Mattress Toppers,25.7,46.3,2022-05-01
SKU-047,2024-09-02,1.0,46.3,0,46.3,Bedding,Mattress Toppers,25.7,46.3,2022-05-01
SKU-047,2024-09-09,13.0,44.8,1,571.9,Bedding,Mattress Toppers,25.7,46.3,2022-05-01
SKU-047,2024-09-23,4.0,46.3,0,185.2,Bedding,Mattress Toppers,25.7,46.3,2022-05-01
SKU-047,2024-09-30,4.0,46.29999999999999,0,185.2,Bedding,Mattress Toppers,25.7,46.3,2022-05-01
SKU-047,2024-10-07,2.0,46.3,0,92.6,Bedding,Mattress Toppers,25.7,46.3,2022-05-01
SKU-047,2024-10-14,6.0,42.19,1,244.92000000000002,Bedding,Mattress Toppers,25.7,46.3,2022-05-01
SKU-047,2024-10-21,6.0,46.29999999999999,0,277.79999999999995,Bedding,Mattress Toppers,25.7,46.3,2022-05-01
SKU-047,2024-10-28,7.0,46.3,0,324.09999999999997,Bedding,Mattress Toppers,25.7,46.3,2022-05-01
SKU-047,2024-11-04,9.0,46.3,0,416.7,Bedding,Mattress Toppers,25.7,46.3,2022-05-01
SKU-047,2024-11-11,6.0,46.3,0,277.8,Bedding,Mattress Toppers,25.7,46.3,2022-05-01
SKU-047,2024-11-18,10.0,43.872,1,426.44,Bedding,Mattress Toppers,25.7,46.3,2022-05-01
SKU-047,2024-11-25,9.0,40.092,1,380.96999999999997,Bedding,Mattress Toppers,25.7,46.3,2022-05-01
SKU-047,2024-12-02,3.0,46.3,0,138.9,Bedding,Mattress Toppers,25.7,46.3,2022-05-01
SKU-047,2024-12-09,4.0,46.3,0,185.2,Bedding,Mattress Toppers,25.7,46.3,2022-05-01
SKU-047,2024-12-16,6.0,40.89666666666667,1,244.91,Bedding,Mattress Toppers,25.7,46.3,2022-05-01
SKU-047,2024-12-30,9.0,40.776666666666664,1,366.99,Bedding,Mattress Toppers,25.7,46.3,2022-05-01
SKU-047,2025-01-06,4.0,46.29999999999999,0,185.2,Bedding,Mattress Toppers,25.7,46.3,2022-05-01
SKU-047,2025-01-13,6.0,46.3,0,277.8,Bedding,Mattress Toppers,25.7,46.3,2022-05-01
SKU-047,2025-01-20,10.0,46.29999999999999,0,463.0,Bedding,Mattress Toppers,25.7,46.3,2022-05-01
SKU-047,2025-01-27,2.0,46.3,0,92.6,Bedding,Mattress Toppers,25.7,46.3,2022-05-01
SKU-047,2025-02-03,2.0,46.3,0,92.6,Bedding,Mattress Toppers,25.7,46.3,2022-05-01
SKU-047,2025-02-10,4.0,46.3,0,185.2,Bedding,Mattress Toppers,25.7,46.3,2022-05-01
SKU-047,2025-02-17,8.0,44.37,1,351.1,Bedding,Mattress Toppers,25.7,46.3,2022-05-01
SKU-047,2025-02-24,3.0,46.29999999999999,0,138.89999999999998,Bedding,Mattress Toppers,25.7,46.3,2022-05-01
SKU-047,2025-03-03,4.0,46.3,0,185.2,Bedding,Mattress Toppers,25.7,46.3,2022-05-01
SKU-047,2025-03-10,1.0,37.3,1,37.3,Bedding,Mattress Toppers,25.7,46.3,2022-05-01
SKU-047,2025-03-17,10.0,42.515,1,417.47,Bedding,Mattress Toppers,25.7,46.3,2022-05-01
SKU-047,2025-03-24,7.0,46.3,0,324.09999999999997,Bedding,Mattress Toppers,25.7,46.3,2022-05-01
SKU-047,2025-03-31,7.0,46.3,0,324.09999999999997,Bedding,Mattress Toppers,25.7,46.3,2022-05-01
SKU-047,2025-04-07,2.0,46.3,0,92.6,Bedding,Mattress Toppers,25.7,46.3,2022-05-01
SKU-047,2025-04-14,9.0,46.3,0,416.69999999999993,Bedding,Mattress Toppers,25.7,46.3,2022-05-01
SKU-047,2025-04-21,6.0,46.3,0,277.79999999999995,Bedding,Mattress Toppers,25.7,46.3,2022-05-01
SKU-047,2025-04-28,3.0,46.29999999999999,0,138.89999999999998,Bedding,Mattress Toppers,25.7,46.3,2022-05-01
SKU-047,2025-05-05,2.0,46.3,0,92.6,Bedding,Mattress Toppers,25.7,46.3,2022-05-01
SKU-047,2025-05-12,4.0,46.3,0,231.5,Bedding,Mattress Toppers,25.7,46.3,2022-05-01
SKU-047,2025-05-19,0.0,46.3,0,0.0,Bedding,Mattress Toppers,25.7,46.3,2022-05-01
SKU-047,2025-05-26,4.0,39.812,1,161.5,Bedding,Mattress Toppers,25.7,46.3,2022-05-01
SKU-047,2025-06-02,4.0,46.3,0,185.2,Bedding,Mattress Toppers,25.7,46.3,2022-05-01
SKU-047,2025-06-09,2.0,46.3,0,92.6,Bedding,Mattress Toppers,25.7,46.3,2022-05-01
SKU-047,2025-06-16,1.0,46.3,0,46.3,Bedding,Mattress Toppers,25.7,46.3,2022-05-01
SKU-047,2025-06-23,3.0,46.3,0,138.89999999999998,Bedding,Mattress Toppers,25.7,46.3,2022-05-01
SKU-047,2025-06-30,1.0,36.22,1,36.22,Bedding,Mattress Toppers,25.7,46.3,2022-05-01
SKU-047,2025-07-07,8.0,42.75,1,317.15,Bedding,Mattress Toppers,25.7,46.3,2022-05-01
SKU-047,2025-07-14,3.0,46.29999999999999,0,138.89999999999998,Bedding,Mattress Toppers,25.7,46.3,2022-05-01
SKU-047,2025-07-21,5.0,46.29999999999999,0,231.5,Bedding,Mattress Toppers,25.7,46.3,2022-05-01
SKU-047,2025-07-28,1.0,46.3,0,46.3,Bedding,Mattress Toppers,25.7,46.3,2022-05-01
SKU-047,2025-08-04,9.0,44.64,1,375.2,Bedding,Mattress Toppers,25.7,46.3,2022-05-01
SKU-047,2025-08-11,8.0,36.6,1,307.82,Bedding,Mattress Toppers,25.7,46.3,2022-05-01
SKU-047,2025-08-18,4.0,41.11333333333334,1,163.04000000000002,Bedding,Mattress Toppers,25.7,46.3,2022-05-01
SKU-047,2025-08-25,2.0,46.3,0,92.6,Bedding,Mattress Toppers,25.7,46.3,2022-05-01
SKU-047,2025-09-01,1.0,46.3,0,46.3,Bedding,Mattress Toppers,25.7,46.3,2022-05-01
SKU-047,2025-09-08,7.0,44.438,1,305.48,Bedding,Mattress Toppers,25.7,46.3,2022-05-01
SKU-047,2025-09-15,5.0,46.3,0,231.5,Bedding,Mattress Toppers,25.7,46.3,2022-05-01
SKU-047,2025-09-22,3.0,46.3,0,138.89999999999998,Bedding,Mattress Toppers,25.7,46.3,2022-05-01
SKU-047,2025-09-29,6.0,46.29999999999999,0,277.8,Bedding,Mattress Toppers,25.7,46.3,2022-05-01
SKU-047,2025-10-06,7.0,41.137499999999996,1,270.12,Bedding,Mattress Toppers,25.7,46.3,2022-05-01
SKU-047,2025-10-13,8.0,40.32666666666666,1,310.86,Bedding,Mattress Toppers,25.7,46.3,2022-05-01
SKU-047,2025-10-20,5.0,46.29999999999999,0,231.5,Bedding,Mattress Toppers,25.7,46.3,2022-05-01
SKU-047,2025-10-27,7.0,46.3,0,324.1,Bedding,Mattress Toppers,25.7,46.3,2022-05-01
SKU-047,2025-11-03,4.0,46.3,0,185.2,Bedding,Mattress Toppers,25.7,46.3,2022-05-01
SKU-047,2025-11-10,3.0,46.3,0,138.89999999999998,Bedding,Mattress Toppers,25.7,46.3,2022-05-01
SKU-047,2025-11-17,6.0,43.633333333333326,1,261.79999999999995,Bedding,Mattress Toppers,25.7,46.3,2022-05-01
SKU-047,2025-11-24,9.0,37.6,1,340.1,Bedding,Mattress Toppers,25.7,46.3,2022-05-01
SKU-047,2025-12-01,6.0,46.29999999999999,0,277.8,Bedding,Mattress Toppers,25.7,46.3,2022-05-01
SKU-047,2025-12-08,7.0,46.3,0,324.09999999999997,Bedding,Mattress Toppers,25.7,46.3,2022-05-01
SKU-047,2025-12-15,12.0,37.582499999999996,1,448.63,Bedding,Mattress Toppers,25.7,46.3,2022-05-01
SKU-047,2025-12-22,8.0,39.58,1,319.44,Bedding,Mattress Toppers,25.7,46.3,2022-05-01
SKU-047,2025-12-29,14.0,43.646,1,587.98,Bedding,Mattress Toppers,25.7,46.3,2022-05-01
SKU-047,2026-01-05,8.0,46.29999999999999,0,370.4,Bedding,Mattress Toppers,25.7,46.3,2022-05-01
SKU-047,2026-01-12,6.0,46.3,0,277.79999999999995,Bedding,Mattress Toppers,25.7,46.3,2022-05-01
SKU-047,2026-01-19,5.0,46.29999999999999,0,231.5,Bedding,Mattress Toppers,25.7,46.3,2022-05-01
SKU-047,2026-01-26,7.0,46.3,0,324.1,Bedding,Mattress Toppers,25.7,46.3,2022-05-01
SKU-047,2026-02-02,8.0,46.3,0,370.4,Bedding,Mattress Toppers,25.7,46.3,2022-05-01
SKU-047,2026-02-09,4.0,46.3,0,185.2,Bedding,Mattress Toppers,25.7,46.3,2022-05-01
SKU-047,2026-02-16,4.0,42.714999999999996,1,161.88,Bedding,Mattress Toppers,25.7,46.3,2022-05-01
SKU-047,2026-02-23,3.0,46.3,0,138.89999999999998,Bedding,Mattress Toppers,25.7,46.3,2022-05-01
SKU-047,2026-03-02,4.0,46.3,0,185.2,Bedding,Mattress Toppers,25.7,46.3,2022-05-01
SKU-047,2026-03-09,4.0,43.495,1,179.59,Bedding,Mattress Toppers,25.7,46.3,2022-05-01
SKU-047,2026-03-16,12.0,36.546,1,437.07,Bedding,Mattress Toppers,25.7,46.3,2022-05-01
SKU-047,2026-03-23,2.0,46.3,0,92.6,Bedding,Mattress Toppers,25.7,46.3,2022-05-01
SKU-047,2026-03-30,4.0,46.29999999999999,0,231.5,Bedding,Mattress Toppers,25.7,46.3,2022-05-01
SKU-047,2026-04-06,6.0,46.29999999999999,0,277.8,Bedding,Mattress Toppers,25.7,46.3,2022-05-01
SKU-047,2026-04-13,4.0,46.29999999999999,0,185.2,Bedding,Mattress Toppers,25.7,46.3,2022-05-01
SKU-047,2026-04-20,3.0,46.3,0,138.89999999999998,Bedding,Mattress Toppers,25.7,46.3,2022-05-01
SKU-047,2026-04-27,3.0,46.3,0,138.89999999999998,Bedding,Mattress Toppers,25.7,46.3,2022-05-01
SKU-047,2026-05-04,5.0,46.29999999999999,0,231.5,Bedding,Mattress Toppers,25.7,46.3,2022-05-01
SKU-047,2026-05-11,1.0,46.3,0,46.3,Bedding,Mattress Toppers,25.7,46.3,2022-05-01
SKU-047,2026-05-18,5.0,44.083333333333336,1,218.2,Bedding,Mattress Toppers,25.7,46.3,2022-05-01
SKU-047,2026-05-25,4.0,46.3,0,185.2,Bedding,Mattress Toppers,25.7,46.3,2022-05-01
SKU-047,2026-06-01,6.0,46.29999999999999,0,277.8,Bedding,Mattress Toppers,25.7,46.3,2022-05-01
SKU-047,2026-06-08,6.0,46.29999999999999,0,277.8,Bedding,Mattress Toppers,25.7,46.3,2022-05-01
SKU-047,2026-06-22,8.0,46.3,0,370.4,Bedding,Mattress Toppers,25.7,46.3,2022-05-01
SKU-047,2026-06-29,10.0,41.174,1,392.63,Bedding,Mattress Toppers,25.7,46.3,2022-05-01
SKU-047,2026-07-06,5.0,41.644999999999996,1,212.88,Bedding,Mattress Toppers,25.7,46.3,2022-05-01
SKU-047,2026-07-13,2.0,46.3,0,92.6,Bedding,Mattress Toppers,25.7,46.3,2022-05-01
SKU-047,2026-07-20,3.0,46.3,0,138.89999999999998,Bedding,Mattress Toppers,25.7,46.3,2022-05-01
SKU-047,2026-07-27,2.0,46.3,0,92.6,Bedding,Mattress Toppers,25.7,46.3,2022-05-01
SKU-047,2026-08-03,3.0,46.3,0,138.89999999999998,Bedding,Mattress Toppers,25.7,46.3,2022-05-01
SKU-047,2026-08-10,6.0,40.65,1,243.16,Bedding,Mattress Toppers,25.7,46.3,2022-05-01
SKU-047,2026-08-17,12.0,42.48571428571428,1,517.39,Bedding,Mattress Toppers,25.7,46.3,2022-05-01
SKU-047,2026-08-24,6.0,46.29999999999999,0,277.8,Bedding,Mattress Toppers,25.7,46.3,2022-05-01
SKU-048,2024-01-01,45.0,165.86714285714285,1,8153.150000000001,Bedding,Mattress Toppers,75.22,176.74,2023-06-28
SKU-048,2024-01-08,40.0,176.74,0,7776.56,Bedding,Mattress Toppers,75.22,176.74,2023-06-28
SKU-048,2024-01-15,22.0,176.74,0,3888.28,Bedding,Mattress Toppers,75.22,176.74,2023-06-28
SKU-048,2024-01-22,32.0,176.74,0,5655.68,Bedding,Mattress Toppers,75.22,176.74,2023-06-28
SKU-048,2024-01-29,29.0,176.74,0,6185.900000000001,Bedding,Mattress Toppers,75.22,176.74,2023-06-28
SKU-048,2024-02-05,25.0,176.74,0,4418.5,Bedding,Mattress Toppers,75.22,176.74,2023-06-28
SKU-048,2024-02-12,26.0,152.4975,1,3919.94,Bedding,Mattress Toppers,75.22,176.74,2023-06-28
SKU-048,2024-02-19,21.0,169.774,1,3537.3900000000003,Bedding,Mattress Toppers,75.22,176.74,2023-06-28
SKU-048,2024-02-26,18.0,176.74,0,3181.32,Bedding,Mattress Toppers,75.22,176.74,2023-06-28
SKU-048,2024-03-04,25.0,176.74,0,4418.5,Bedding,Mattress Toppers,75.22,176.74,2023-06-28
SKU-048,2024-03-11,21.0,165.1275,1,3462.2000000000003,Bedding,Mattress Toppers,75.22,176.74,2023-06-28
SKU-048,2024-03-18,36.0,149.96,1,5352.88,Bedding,Mattress Toppers,75.22,176.74,2023-06-28
SKU-048,2024-03-25,24.0,176.74,0,4241.76,Bedding,Mattress Toppers,75.22,176.74,2023-06-28
SKU-048,2024-04-01,17.0,176.74,0,3004.58,Bedding,Mattress Toppers,75.22,176.74,2023-06-28
SKU-048,2024-04-08,20.0,176.74,0,3534.8,Bedding,Mattress Toppers,75.22,176.74,2023-06-28
SKU-048,2024-04-15,28.0,176.74,0,5125.46,Bedding,Mattress Toppers,75.22,176.74,2023-06-28
SKU-048,2024-04-22,7.0,176.74,0,1237.18,Bedding,Mattress Toppers,75.22,176.74,2023-06-28
SKU-048,2024-04-29,17.0,176.74,0,3004.58,Bedding,Mattress Toppers,75.22,176.74,2023-06-28
SKU-048,2024-05-06,11.0,176.74,0,1944.14,Bedding,Mattress Toppers,75.22,176.74,2023-06-28
SKU-048,2024-05-13,15.0,176.74,0,2651.1000000000004,Bedding,Mattress Toppers,75.22,176.74,2023-06-28
SKU-048,2024-05-20,15.0,170.68800000000002,1,2469.54,Bedding,Mattress Toppers,75.22,176.74,2023-06-28
SKU-048,2024-05-27,23.0,169.42666666666668,1,3713.9800000000005,Bedding,Mattress Toppers,75.22,176.74,2023-06-28
SKU-048,2024-06-03,23.0,176.74,0,4065.0200000000004,Bedding,Mattress Toppers,75.22,176.74,2023-06-28
SKU-048,2024-06-10,5.0,176.74,0,883.7,Bedding,Mattress Toppers,75.22,176.74,2023-06-28
SKU-048,2024-06-17,17.0,176.74,0,3004.58,Bedding,Mattress Toppers,75.22,176.74,2023-06-28
SKU-048,2024-06-24,21.0,176.74,0,3711.54,Bedding,Mattress Toppers,75.22,176.74,2023-06-28
SKU-048,2024-07-01,31.0,142.1,1,4382.25,Bedding,Mattress Toppers,75.22,176.74,2023-06-28
SKU-048,2024-07-08,21.0,176.74,0,3711.54,Bedding,Mattress Toppers,75.22,176.74,2023-06-28
SKU-048,2024-07-15,24.0,176.74,0,4241.76,Bedding,Mattress Toppers,75.22,176.74,2023-06-28
SKU-048,2024-07-22,15.0,176.74,0,2651.1000000000004,Bedding,Mattress Toppers,75.22,176.74,2023-06-28
SKU-048,2024-07-29,23.0,176.74,0,4065.0200000000004,Bedding,Mattress Toppers,75.22,176.74,2023-06-28
SKU-048,2024-08-05,17.0,164.546,1,2699.73,Bedding,Mattress Toppers,75.22,176.74,2023-06-28
SKU-048,2024-08-12,33.0,147.64000000000001,1,5488.42,Bedding,Mattress Toppers,75.22,176.74,2023-06-28
SKU-048,2024-08-19,24.0,168.33,1,3871.7200000000003,Bedding,Mattress Toppers,75.22,176.74,2023-06-28
SKU-048,2024-08-26,17.0,176.74,0,3004.58,Bedding,Mattress Toppers,75.22,176.74,2023-06-28
SKU-048,2024-09-02,9.0,169.1325,1,2761.1400000000003,Bedding,Mattress Toppers,75.22,176.74,2023-06-28
SKU-048,2024-09-09,13.0,176.74,0,2297.62,Bedding,Mattress Toppers,75.22,176.74,2023-06-28
SKU-048,2024-09-16,21.0,176.74,0,3711.54,Bedding,Mattress Toppers,75.22,176.74,2023-06-28
SKU-048,2024-09-23,22.0,176.74,0,3888.28,Bedding,Mattress Toppers,75.22,176.74,2023-06-28
SKU-048,2024-09-30,26.0,176.74,0,4595.24,Bedding,Mattress Toppers,75.22,176.74,2023-06-28
SKU-048,2024-10-07,51.0,160.78000000000003,1,7947.09,Bedding,Mattress Toppers,75.22,176.74,2023-06-28
SKU-048,2024-10-14,40.0,166.09833333333333,1,6538.8,Bedding,Mattress Toppers,75.22,176.74,2023-06-28
SKU-048,2024-10-21,19.0,176.74,0,3358.0600000000004,Bedding,Mattress Toppers,75.22,176.74,2023-06-28
SKU-048,2024-10-28,28.0,176.74,0,4948.72,Bedding,Mattress Toppers,75.22,176.74,2023-06-28
SKU-048,2024-11-04,44.0,176.74,0,7776.56,Bedding,Mattress Toppers,75.22,176.74,2023-06-28
SKU-048,2024-11-11,26.0,176.74,0,6716.120000000001,Bedding,Mattress Toppers,75.22,176.74,2023-06-28
SKU-048,2024-11-18,35.0,166.63500000000002,1,5587.75,Bedding,Mattress Toppers,75.22,176.74,2023-06-28
SKU-048,2024-11-25,70.0,152.02142857142857,1,12086.39,Bedding,Mattress Toppers,75.22,176.74,2023-06-28
SKU-048,2024-12-02,22.0,176.74,0,3888.28,Bedding,Mattress Toppers,75.22,176.74,2023-06-28
SKU-048,2024-12-09,24.0,167.0275,1,3853.26,Bedding,Mattress Toppers,75.22,176.74,2023-06-28
SKU-048,2024-12-16,50.0,151.224,1,7469.17,Bedding,Mattress Toppers,75.22,176.74,2023-06-28
SKU-048,2024-12-23,43.0,165.05333333333334,1,7559.700000000001,Bedding,Mattress Toppers,75.22,176.74,2023-06-28
SKU-048,2024-12-30,43.0,162.10333333333332,1,6691.3,Bedding,Mattress Toppers,75.22,176.74,2023-06-28
SKU-048,2025-01-06,37.0,176.74,0,6539.38,Bedding,Mattress Toppers,75.22,176.74,2023-06-28
SKU-048,2025-01-13,17.0,176.74,0,3004.58,Bedding,Mattress Toppers,75.22,176.74,2023-06-28
SKU-048,2025-01-20,16.0,176.74,0,3534.8,Bedding,Mattress Toppers,75.22,176.74,2023-06-28
SKU-048,2025-01-27,22.0,176.74,0,3888.28,Bedding,Mattress Toppers,75.22,176.74,2023-06-28
SKU-048,2025-02-03,25.0,176.74,0,4418.5,Bedding,Mattress Toppers,75.22,176.74,2023-06-28
SKU-048,2025-02-10,28.0,176.74,0,4948.72,Bedding,Mattress Toppers,75.22,176.74,2023-06-28
SKU-048,2025-02-17,36.0,165.45000000000002,1,5708.950000000001,Bedding,Mattress Toppers,75.22,176.74,2023-06-28
SKU-048,2025-02-24,14.0,176.74,0,2474.36,Bedding,Mattress Toppers,75.22,176.74,2023-06-28
SKU-048,2025-03-03,28.0,176.74,0,4948.72,Bedding,Mattress Toppers,75.22,176.74,2023-06-28
SKU-048,2025-03-10,24.0,168.07800000000003,1,4111.83,Bedding,Mattress Toppers,75.22,176.74,2023-06-28
SKU-048,2025-03-17,27.0,161.405,1,4348.02,Bedding,Mattress Toppers,75.22,176.74,2023-06-28
SKU-048,2025-03-24,18.0,176.74,0,3181.32,Bedding,Mattress Toppers,75.22,176.74,2023-06-28
SKU-048,2025-03-31,30.0,176.74,0,5302.200000000001,Bedding,Mattress Toppers,75.22,176.74,2023-06-28
SKU-048,2025-04-07,22.0,176.74,0,3888.28,Bedding,Mattress Toppers,75.22,176.74,2023-06-28
SKU-048,2025-04-14,28.0,176.74,0,6009.16,Bedding,Mattress Toppers,75.22,176.74,2023-06-28
SKU-048,2025-04-21,24.0,176.74,0,4241.76,Bedding,Mattress Toppers,75.22,176.74,2023-06-28
SKU-048,2025-04-28,21.0,176.74,0,3711.54,Bedding,Mattress Toppers,75.22,176.74,2023-06-28
SKU-048,2025-05-05,11.0,176.74,0,1944.14,Bedding,Mattress Toppers,75.22,176.74,2023-06-28
SKU-048,2025-05-12,10.0,176.74,0,1767.4,Bedding,Mattress Toppers,75.22,176.74,2023-06-28
SKU-048,2025-05-19,11.0,169.76500000000001,1,1860.44,Bedding,Mattress Toppers,75.22,176.74,2023-06-28
SKU-048,2025-05-26,8.0,141.43,1,1131.44,Bedding,Mattress Toppers,75.22,176.74,2023-06-28
SKU-048,2025-06-02,17.0,176.74,0,3004.58,Bedding,Mattress Toppers,75.22,176.74,2023-06-28
SKU-048,2025-06-09,18.0,176.74,0,3181.32,Bedding,Mattress Toppers,75.22,176.74,2023-06-28
SKU-048,2025-06-16,10.0,176.74,0,1767.4,Bedding,Mattress Toppers,75.22,176.74,2023-06-28
SKU-048,2025-06-23,6.0,176.74,0,1060.44,Bedding,Mattress Toppers,75.22,176.74,2023-06-28
SKU-048,2025-06-30,21.0,154.76999999999998,1,3204.88,Bedding,Mattress Toppers,75.22,176.74,2023-06-28
SKU-048,2025-07-07,16.0,176.74,0,2827.84,Bedding,Mattress Toppers,75.22,176.74,2023-06-28
SKU-048,2025-07-14,14.0,176.74,0,2474.36,Bedding,Mattress Toppers,75.22,176.74,2023-06-28
SKU-048,2025-07-21,13.0,176.74,0,2297.62,Bedding,Mattress Toppers,75.22,176.74,2023-06-28
SKU-048,2025-07-28,21.0,176.74,0,3711.54,Bedding,Mattress Toppers,75.22,176.74,2023-06-28
SKU-048,2025-08-04,36.0,173.97857142857146,1,6169.34,Bedding,Mattress Toppers,75.22,176.74,2023-06-28
SKU-048,2025-08-11,35.0,142.848,1,4952.45,Bedding,Mattress Toppers,75.22,176.74,2023-06-28
SKU-048,2025-08-18,32.0,160.98666666666668,1,5162.9800000000005,Bedding,Mattress Toppers,75.22,176.74,2023-06-28
SKU-048,2025-08-25,23.0,176.74,0,4065.0200000000004,Bedding,Mattress Toppers,75.22,176.74,2023-06-28
SKU-048,2025-09-01,21.0,172.782,1,3691.75,Bedding,Mattress Toppers,75.22,176.74,2023-06-28
SKU-048,2025-09-08,1.0,176.74,0,176.74,Bedding,Mattress Toppers,75.22,176.74,2023-06-28
SKU-048,2025-09-15,34.0,176.74,0,6009.16,Bedding,Mattress Toppers,75.22,176.74,2023-06-28
SKU-048,2025-09-22,36.0,176.74,0,6362.64,Bedding,Mattress Toppers,75.22,176.74,2023-06-28
SKU-048,2025-09-29,14.0,176.74,0,2474.36,Bedding,Mattress Toppers,75.22,176.74,2023-06-28
SKU-048,2025-10-06,33.0,169.2675,1,5563.41,Bedding,Mattress Toppers,75.22,176.74,2023-06-28
SKU-048,2025-10-13,42.0,158.948,1,6503.139999999999,Bedding,Mattress Toppers,75.22,176.74,2023-06-28
SKU-048,2025-10-20,27.0,176.74,0,4771.9800000000005,Bedding,Mattress Toppers,75.22,176.74,2023-06-28
SKU-048,2025-10-27,20.0,176.74,0,3534.8,Bedding,Mattress Toppers,75.22,176.74,2023-06-28
SKU-048,2025-11-03,17.0,176.74,0,3004.58,Bedding,Mattress Toppers,75.22,176.74,2023-06-28
SKU-048,2025-11-10,30.0,176.74,0,5302.200000000001,Bedding,Mattress Toppers,75.22,176.74,2023-06-28
SKU-048,2025-11-17,27.0,176.74,0,4771.9800000000005,Bedding,Mattress Toppers,75.22,176.74,2023-06-28
SKU-048,2025-11-24,41.0,149.624,1,6095.99,Bedding,Mattress Toppers,75.22,176.74,2023-06-28
SKU-048,2025-12-01,18.0,176.74,0,3181.32,Bedding,Mattress Toppers,75.22,176.74,2023-06-28
SKU-048,2025-12-08,32.0,176.74,0,5655.68,Bedding,Mattress Toppers,75.22,176.74,2023-06-28
SKU-048,2025-12-15,55.0,148.796,1,8096.5,Bedding,Mattress Toppers,75.22,176.74,2023-06-28
SKU-048,2025-12-22,51.0,161.59,1,7998.610000000001,Bedding,Mattress Toppers,75.22,176.74,2023-06-28
SKU-048,2025-12-29,35.0,161.222,1,5530.02,Bedding,Mattress Toppers,75.22,176.74,2023-06-28
SKU-048,2026-01-05,29.0,176.74,0,5125.46,Bedding,Mattress Toppers,75.22,176.74,2023-06-28
SKU-048,2026-01-12,34.0,176.74,0,6009.16,Bedding,Mattress Toppers,75.22,176.74,2023-06-28
SKU-048,2026-01-19,19.0,176.74,0,4595.24,Bedding,Mattress Toppers,75.22,176.74,2023-06-28
SKU-048,2026-01-26,35.0,176.74,0,6185.900000000001,Bedding,Mattress Toppers,75.22,176.74,2023-06-28
SKU-048,2026-02-02,19.0,176.74,0,3358.0600000000004,Bedding,Mattress Toppers,75.22,176.74,2023-06-28
SKU-048,2026-02-09,16.0,176.74,0,2827.84,Bedding,Mattress Toppers,75.22,176.74,2023-06-28
SKU-048,2026-02-16,23.0,170.52833333333334,1,5059.24,Bedding,Mattress Toppers,75.22,176.74,2023-06-28
SKU-048,2026-02-23,6.0,176.74,0,2474.36,Bedding,Mattress Toppers,75.22,176.74,2023-06-28
SKU-048,2026-03-02,20.0,176.74,0,3534.8,Bedding,Mattress Toppers,75.22,176.74,2023-06-28
SKU-048,2026-03-09,25.0,171.964,1,4322.9800000000005,Bedding,Mattress Toppers,75.22,176.74,2023-06-28
SKU-048,2026-03-16,32.0,148.4725,1,4711.7300000000005,Bedding,Mattress Toppers,75.22,176.74,2023-06-28
SKU-048,2026-03-23,27.0,176.74,0,4771.9800000000005,Bedding,Mattress Toppers,75.22,176.74,2023-06-28
SKU-048,2026-03-30,20.0,176.74,0,3534.8,Bedding,Mattress Toppers,75.22,176.74,2023-06-28
SKU-048,2026-04-06,21.0,176.74,0,3711.54,Bedding,Mattress Toppers,75.22,176.74,2023-06-28
SKU-048,2026-04-13,16.0,176.74,0,2827.84,Bedding,Mattress Toppers,75.22,176.74,2023-06-28
SKU-048,2026-04-20,17.0,176.74,0,3004.58,Bedding,Mattress Toppers,75.22,176.74,2023-06-28
SKU-048,2026-04-27,23.0,176.74,0,4065.0200000000004,Bedding,Mattress Toppers,75.22,176.74,2023-06-28
SKU-048,2026-05-04,8.0,176.74,0,1413.92,Bedding,Mattress Toppers,75.22,176.74,2023-06-28
SKU-048,2026-05-11,22.0,176.74,0,3888.28,Bedding,Mattress Toppers,75.22,176.74,2023-06-28
SKU-048,2026-05-18,25.0,170.09,1,4059.4,Bedding,Mattress Toppers,75.22,176.74,2023-06-28
SKU-048,2026-05-25,18.0,153.375,1,2652.62,Bedding,Mattress Toppers,75.22,176.74,2023-06-28
SKU-048,2026-06-01,13.0,176.74,0,2297.62,Bedding,Mattress Toppers,75.22,176.74,2023-06-28
SKU-048,2026-06-08,3.0,176.74,0,530.22,Bedding,Mattress Toppers,75.22,176.74,2023-06-28
SKU-048,2026-06-15,9.0,176.74,0,1590.66,Bedding,Mattress Toppers,75.22,176.74,2023-06-28
SKU-048,2026-06-22,16.0,176.74,0,2827.84,Bedding,Mattress Toppers,75.22,176.74,2023-06-28
SKU-048,2026-06-29,12.0,160.706,1,2033.52,Bedding,Mattress Toppers,75.22,176.74,2023-06-28
SKU-048,2026-07-06,19.0,168.4725,1,3159.6400000000003,Bedding,Mattress Toppers,75.22,176.74,2023-06-28
SKU-048,2026-07-13,17.0,176.74,0,3004.58,Bedding,Mattress Toppers,75.22,176.74,2023-06-28
SKU-048,2026-07-20,20.0,176.74,0,3534.8,Bedding,Mattress Toppers,75.22,176.74,2023-06-28
SKU-048,2026-07-27,21.0,176.74,0,3711.54,Bedding,Mattress Toppers,75.22,176.74,2023-06-28
SKU-048,2026-08-03,19.0,176.74,0,3358.0600000000004,Bedding,Mattress Toppers,75.22,176.74,2023-06-28
SKU-048,2026-08-10,37.0,145.48399999999998,1,5362.62,Bedding,Mattress Toppers,75.22,176.74,2023-06-28
SKU-048,2026-08-17,21.0,159.7575,1,3239.74,Bedding,Mattress Toppers,75.22,176.74,2023-06-28
SKU-048,2026-08-24,17.0,176.74,0,3004.58,Bedding,Mattress Toppers,75.22,176.74,2023-06-28
SKU-048,2026-08-31,1.0,176.74,0,176.74,Bedding,Mattress Toppers,75.22,176.74,2023-06-28
SKU-049,2024-05-20,1.0,139.33,0,139.33,Bedding,Pillows,60.28,139.33,2024-05-16
SKU-049,2024-05-27,2.0,122.59,1,245.18,Bedding,Pillows,60.28,139.33,2024-05-16
SKU-049,2024-06-03,1.0,139.33,0,139.33,Bedding,Pillows,60.28,139.33,2024-05-16
SKU-049,2024-06-10,1.0,139.33,0,139.33,Bedding,Pillows,60.28,139.33,2024-05-16
SKU-049,2024-06-17,2.0,139.33,0,278.66,Bedding,Pillows,60.28,139.33,2024-05-16
SKU-049,2024-06-24,1.0,139.33,0,139.33,Bedding,Pillows,60.28,139.33,2024-05-16
SKU-049,2024-07-01,7.0,116.01399999999998,1,811.74,Bedding,Pillows,60.28,139.33,2024-05-16
SKU-049,2024-07-08,5.0,139.33,0,696.6500000000001,Bedding,Pillows,60.28,139.33,2024-05-16
SKU-049,2024-07-15,2.0,139.33,0,278.66,Bedding,Pillows,60.28,139.33,2024-05-16
SKU-049,2024-07-22,3.0,139.33,0,417.99,Bedding,Pillows,60.28,139.33,2024-05-16
SKU-049,2024-07-29,3.0,139.33,0,417.99,Bedding,Pillows,60.28,139.33,2024-05-16
SKU-049,2024-08-05,1.0,139.33,0,139.33,Bedding,Pillows,60.28,139.33,2024-05-16
SKU-049,2024-08-12,5.0,109.95333333333333,1,549.72,Bedding,Pillows,60.28,139.33,2024-05-16
SKU-049,2024-08-19,3.0,134.565,1,417.99,Bedding,Pillows,60.28,139.33,2024-05-16
SKU-049,2024-08-26,4.0,139.33,0,557.32,Bedding,Pillows,60.28,139.33,2024-05-16
SKU-049,2024-09-02,5.0,124.83000000000001,1,638.65,Bedding,Pillows,60.28,139.33,2024-05-16
SKU-049,2024-09-09,3.0,133.91500000000002,1,396.33000000000004,Bedding,Pillows,60.28,139.33,2024-05-16
SKU-049,2024-09-16,3.0,139.33,0,417.99,Bedding,Pillows,60.28,139.33,2024-05-16
SKU-049,2024-09-23,3.0,139.33,0,417.99,Bedding,Pillows,60.28,139.33,2024-05-16
SKU-049,2024-09-30,4.0,139.33,0,557.32,Bedding,Pillows,60.28,139.33,2024-05-16
SKU-049,2024-10-07,4.0,125.53333333333335,1,515.9300000000001,Bedding,Pillows,60.28,139.33,2024-05-16
SKU-049,2024-10-14,2.0,115.53,1,231.06,Bedding,Pillows,60.28,139.33,2024-05-16
SKU-049,2024-10-21,4.0,139.33,0,557.32,Bedding,Pillows,60.28,139.33,2024-05-16
SKU-049,2024-10-28,6.0,139.33,0,835.98,Bedding,Pillows,60.28,139.33,2024-05-16
SKU-049,2024-11-04,4.0,139.33,0,557.32,Bedding,Pillows,60.28,139.33,2024-05-16
SKU-049,2024-11-11,4.0,139.33,0,696.6500000000001,Bedding,Pillows,60.28,139.33,2024-05-16
SKU-049,2024-11-18,5.0,129.978,1,649.89,Bedding,Pillows,60.28,139.33,2024-05-16
SKU-049,2024-11-25,11.0,115.94800000000001,1,1275.78,Bedding,Pillows,60.28,139.33,2024-05-16
SKU-049,2024-12-02,2.0,139.33,0,278.66,Bedding,Pillows,60.28,139.33,2024-05-16
SKU-049,2024-12-09,6.0,131.4375,1,741.27,Bedding,Pillows,60.28,139.33,2024-05-16
SKU-049,2024-12-16,9.0,115.53800000000001,1,1044.37,Bedding,Pillows,60.28,139.33,2024-05-16
SKU-049,2024-12-23,0.0,139.33,0,139.33,Bedding,Pillows,60.28,139.33,2024-05-16
SKU-049,2024-12-30,2.0,122.88,1,245.76,Bedding,Pillows,60.28,139.33,2024-05-16
SKU-049,2025-01-06,5.0,139.33,0,696.6500000000001,Bedding,Pillows,60.28,139.33,2024-05-16
SKU-049,2025-01-13,5.0,139.33,0,696.6500000000001,Bedding,Pillows,60.28,139.33,2024-05-16
SKU-049,2025-01-20,5.0,139.33,0,696.6500000000001,Bedding,Pillows,60.28,139.33,2024-05-16
SKU-049,2025-01-27,4.0,139.33,0,557.32,Bedding,Pillows,60.28,139.33,2024-05-16
SKU-049,2025-02-03,4.0,139.33,0,557.32,Bedding,Pillows,60.28,139.33,2024-05-16
SKU-049,2025-02-10,3.0,139.33,0,417.99,Bedding,Pillows,60.28,139.33,2024-05-16
SKU-049,2025-02-17,2.0,139.33,0,278.66,Bedding,Pillows,60.28,139.33,2024-05-16
SKU-049,2025-02-24,3.0,139.33,0,417.99,Bedding,Pillows,60.28,139.33,2024-05-16
SKU-049,2025-03-03,3.0,139.33,0,417.99,Bedding,Pillows,60.28,139.33,2024-05-16
SKU-049,2025-03-10,4.0,119.31,1,474.67999999999995,Bedding,Pillows,60.28,139.33,2024-05-16
SKU-049,2025-03-17,4.0,122.63,1,472.99,Bedding,Pillows,60.28,139.33,2024-05-16
SKU-049,2025-03-24,3.0,139.33,0,417.99,Bedding,Pillows,60.28,139.33,2024-05-16
SKU-049,2025-03-31,3.0,139.33,0,417.99,Bedding,Pillows,60.28,139.33,2024-05-16
SKU-049,2025-04-14,4.0,139.33,0,557.32,Bedding,Pillows,60.28,139.33,2024-05-16
SKU-049,2025-04-21,2.0,139.33,0,278.66,Bedding,Pillows,60.28,139.33,2024-05-16
SKU-049,2025-04-28,1.0,139.33,0,139.33,Bedding,Pillows,60.28,139.33,2024-05-16
SKU-049,2025-05-05,2.0,139.33,0,278.66,Bedding,Pillows,60.28,139.33,2024-05-16
SKU-049,2025-05-12,1.0,139.33,0,139.33,Bedding,Pillows,60.28,139.33,2024-05-16
SKU-049,2025-05-19,5.0,133.95333333333335,1,648.26,Bedding,Pillows,60.28,139.33,2024-05-16
SKU-049,2025-05-26,3.0,116.69,1,354.21,Bedding,Pillows,60.28,139.33,2024-05-16
SKU-049,2025-06-02,4.0,139.33,0,557.32,Bedding,Pillows,60.28,139.33,2024-05-16
SKU-049,2025-06-09,4.0,139.33,0,557.32,Bedding,Pillows,60.28,139.33,2024-05-16
SKU-049,2025-06-16,4.0,139.33,0,557.32,Bedding,Pillows,60.28,139.33,2024-05-16
SKU-049,2025-06-30,6.0,117.774,1,694.96,Bedding,Pillows,60.28,139.33,2024-05-16
SKU-049,2025-07-07,3.0,133.4466666666667,1,400.34000000000003,Bedding,Pillows,60.28,139.33,2024-05-16
SKU-049,2025-07-14,1.0,139.33,0,139.33,Bedding,Pillows,60.28,139.33,2024-05-16
SKU-049,2025-07-21,2.0,139.33,0,278.66,Bedding,Pillows,60.28,139.33,2024-05-16
SKU-049,2025-07-28,2.0,139.33,0,278.66,Bedding,Pillows,60.28,139.33,2024-05-16
SKU-049,2025-08-04,5.0,132.64000000000001,1,676.58,Bedding,Pillows,60.28,139.33,2024-05-16
SKU-049,2025-08-11,3.0,115.31,1,345.93,Bedding,Pillows,60.28,139.33,2024-05-16
SKU-049,2025-08-18,4.0,131.32666666666668,1,509.3,Bedding,Pillows,60.28,139.33,2024-05-16
SKU-049,2025-08-25,2.0,139.33,0,278.66,Bedding,Pillows,60.28,139.33,2024-05-16
SKU-049,2025-09-01,8.0,132.53500000000003,1,1060.28,Bedding,Pillows,60.28,139.33,2024-05-16
SKU-049,2025-09-08,4.0,127.85000000000001,1,488.44000000000005,Bedding,Pillows,60.28,139.33,2024-05-16
SKU-049,2025-09-15,2.0,139.33,0,278.66,Bedding,Pillows,60.28,139.33,2024-05-16
SKU-049,2025-09-22,1.0,139.33,0,139.33,Bedding,Pillows,60.28,139.33,2024-05-16
SKU-049,2025-09-29,4.0,139.33,0,557.32,Bedding,Pillows,60.28,139.33,2024-05-16
SKU-049,2025-10-06,4.0,121.59,1,486.36,Bedding,Pillows,60.28,139.33,2024-05-16
SKU-049,2025-10-13,7.0,130.48600000000002,1,909.0100000000001,Bedding,Pillows,60.28,139.33,2024-05-16
SKU-049,2025-10-20,3.0,139.33,0,417.99,Bedding,Pillows,60.28,139.33,2024-05-16
SKU-049,2025-10-27,14.0,139.33,0,1950.6200000000001,Bedding,Pillows,60.28,139.33,2024-05-16
SKU-049,2025-11-03,6.0,139.33,0,835.98,Bedding,Pillows,60.28,139.33,2024-05-16
SKU-049,2025-11-10,5.0,139.33,0,696.6500000000001,Bedding,Pillows,60.28,139.33,2024-05-16
SKU-049,2025-11-17,4.0,127.75,1,511.0,Bedding,Pillows,60.28,139.33,2024-05-16
SKU-049,2025-11-24,7.0,119.61,1,836.0699999999999,Bedding,Pillows,60.28,139.33,2024-05-16
SKU-049,2025-12-01,4.0,139.33,0,557.32,Bedding,Pillows,60.28,139.33,2024-05-16
SKU-049,2025-12-08,4.0,139.33,0,557.32,Bedding,Pillows,60.28,139.33,2024-05-16
SKU-049,2025-12-15,13.0,115.94200000000001,1,1508.96,Bedding,Pillows,60.28,139.33,2024-05-16
SKU-049,2025-12-22,5.0,122.7,1,587.34,Bedding,Pillows,60.28,139.33,2024-05-16
SKU-049,2025-12-29,3.0,139.33,0,417.99,Bedding,Pillows,60.28,139.33,2024-05-16
SKU-049,2026-01-05,5.0,139.33,0,696.6500000000001,Bedding,Pillows,60.28,139.33,2024-05-16
SKU-049,2026-01-12,5.0,139.33,0,696.6500000000001,Bedding,Pillows,60.28,139.33,2024-05-16
SKU-049,2026-01-19,9.0,139.33,0,1253.97,Bedding,Pillows,60.28,139.33,2024-05-16
SKU-049,2026-01-26,1.0,139.33,0,139.33,Bedding,Pillows,60.28,139.33,2024-05-16
SKU-049,2026-02-02,7.0,139.33,0,975.3100000000002,Bedding,Pillows,60.28,139.33,2024-05-16
SKU-049,2026-02-09,5.0,139.33,0,696.6500000000001,Bedding,Pillows,60.28,139.33,2024-05-16
SKU-049,2026-02-16,3.0,127.785,1,394.90000000000003,Bedding,Pillows,60.28,139.33,2024-05-16
SKU-049,2026-02-23,7.0,139.33,0,975.3100000000001,Bedding,Pillows,60.28,139.33,2024-05-16
SKU-049,2026-03-02,4.0,139.33,0,557.32,Bedding,Pillows,60.28,139.33,2024-05-16
SKU-049,2026-03-09,3.0,133.68,1,384.09000000000003,Bedding,Pillows,60.28,139.33,2024-05-16
SKU-049,2026-03-16,9.0,115.83,1,1043.77,Bedding,Pillows,60.28,139.33,2024-05-16
SKU-049,2026-03-23,6.0,139.33,0,835.9800000000001,Bedding,Pillows,60.28,139.33,2024-05-16
SKU-049,2026-03-30,4.0,139.33,0,557.32,Bedding,Pillows,60.28,139.33,2024-05-16
SKU-049,2026-04-06,5.0,139.33,0,696.6500000000001,Bedding,Pillows,60.28,139.33,2024-05-16
SKU-049,2026-04-13,2.0,139.33,0,278.66,Bedding,Pillows,60.28,139.33,2024-05-16
SKU-049,2026-04-20,4.0,139.33,0,557.32,Bedding,Pillows,60.28,139.33,2024-05-16
SKU-049,2026-04-27,5.0,139.33,0,696.6500000000001,Bedding,Pillows,60.28,139.33,2024-05-16
SKU-049,2026-05-04,2.0,139.33,0,278.66,Bedding,Pillows,60.28,139.33,2024-05-16
SKU-049,2026-05-11,3.0,139.33,0,417.99,Bedding,Pillows,60.28,139.33,2024-05-16
SKU-049,2026-05-18,3.0,139.33,0,417.99,Bedding,Pillows,60.28,139.33,2024-05-16
SKU-049,2026-05-25,3.0,121.4675,1,375.93,Bedding,Pillows,60.28,139.33,2024-05-16
SKU-049,2026-06-08,1.0,139.33,0,139.33,Bedding,Pillows,60.28,139.33,2024-05-16
SKU-049,2026-06-15,2.0,139.33,0,278.66,Bedding,Pillows,60.28,139.33,2024-05-16
SKU-049,2026-06-22,0.0,139.33,0,0.0,Bedding,Pillows,60.28,139.33,2024-05-16
SKU-049,2026-06-29,6.0,120.00333333333333,1,717.51,Bedding,Pillows,60.28,139.33,2024-05-16
SKU-049,2026-07-06,2.0,122.74000000000001,1,245.48000000000002,Bedding,Pillows,60.28,139.33,2024-05-16
SKU-049,2026-07-13,5.0,139.33,0,696.6500000000001,Bedding,Pillows,60.28,139.33,2024-05-16
SKU-049,2026-07-20,4.0,139.33,0,557.32,Bedding,Pillows,60.28,139.33,2024-05-16
SKU-049,2026-07-27,2.0,139.33,0,278.66,Bedding,Pillows,60.28,139.33,2024-05-16
SKU-049,2026-08-03,3.0,139.33,0,417.99,Bedding,Pillows,60.28,139.33,2024-05-16
SKU-049,2026-08-10,1.0,110.215,1,115.35,Bedding,Pillows,60.28,139.33,2024-05-16
SKU-049,2026-08-17,8.0,126.56750000000001,1,1012.5400000000001,Bedding,Pillows,60.28,139.33,2024-05-16
SKU-049,2026-08-24,6.0,139.33,0,835.98,Bedding,Pillows,60.28,139.33,2024-05-16
SKU-050,2025-04-14,1.0,200.32000000000002,0,200.32,Outdoor,Seating,81.98,200.32,2025-04-11
SKU-050,2025-04-21,1.0,200.32,0,200.32,Outdoor,Seating,81.98,200.32,2025-04-11
SKU-050,2025-04-28,1.0,200.32,0,200.32,Outdoor,Seating,81.98,200.32,2025-04-11
SKU-050,2025-05-05,2.0,200.32,0,400.64,Outdoor,Seating,81.98,200.32,2025-04-11
SKU-050,2025-05-12,1.0,200.32,0,200.32,Outdoor,Seating,81.98,200.32,2025-04-11
SKU-050,2025-05-19,2.0,185.9,1,357.38,Outdoor,Seating,81.98,200.32,2025-04-11
SKU-050,2025-05-26,1.0,158.33,1,158.33,Outdoor,Seating,81.98,200.32,2025-04-11
SKU-050,2025-06-02,1.0,200.32,0,400.64,Outdoor,Seating,81.98,200.32,2025-04-11
SKU-050,2025-06-23,0.0,200.32,0,0.0,Outdoor,Seating,81.98,200.32,2025-04-11
SKU-050,2025-06-30,1.0,170.56,1,170.56,Outdoor,Seating,81.98,200.32,2025-04-11
SKU-050,2025-07-07,1.0,200.32,0,200.32,Outdoor,Seating,81.98,200.32,2025-04-11
SKU-050,2025-07-14,1.0,200.32,0,200.32,Outdoor,Seating,81.98,200.32,2025-04-11
SKU-050,2025-07-21,2.0,200.32,0,400.64,Outdoor,Seating,81.98,200.32,2025-04-11
SKU-050,2025-07-28,3.0,200.32,0,600.96,Outdoor,Seating,81.98,200.32,2025-04-11
SKU-050,2025-08-04,1.0,200.32,0,200.32,Outdoor,Seating,81.98,200.32,2025-04-11
SKU-050,2025-08-11,7.0,163.955,1,1135.58,Outdoor,Seating,81.98,200.32,2025-04-11
SKU-050,2025-09-01,3.0,174.03333333333333,1,522.1,Outdoor,Seating,81.98,200.32,2025-04-11
SKU-050,2025-09-08,3.0,187.34666666666666,1,562.04,Outdoor,Seating,81.98,200.32,2025-04-11
SKU-050,2025-09-15,1.0,200.32,0,200.32,Outdoor,Seating,81.98,200.32,2025-04-11
SKU-050,2025-09-29,1.0,200.32,0,200.32,Outdoor,Seating,81.98,200.32,2025-04-11
SKU-050,2025-10-06,0.0,200.32,0,200.32,Outdoor,Seating,81.98,200.32,2025-04-11
SKU-050,2025-10-13,1.0,160.05,1,160.05,Outdoor,Seating,81.98,200.32,2025-04-11
SKU-050,2025-10-20,1.0,200.32,0,200.32,Outdoor,Seating,81.98,200.32,2025-04-11
SKU-050,2025-11-10,1.0,200.32,0,200.32,Outdoor,Seating,81.98,200.32,2025-04-11
SKU-050,2025-11-17,1.0,200.32,0,200.32,Outdoor,Seating,81.98,200.32,2025-04-11
SKU-050,2025-11-24,0.0,152.48,1,0.0,Outdoor,Seating,81.98,200.32,2025-04-11
SKU-050,2025-12-08,1.0,200.32,0,200.32,Outdoor,Seating,81.98,200.32,2025-04-11
SKU-050,2025-12-15,2.0,158.39,1,316.78,Outdoor,Seating,81.98,200.32,2025-04-11
SKU-050,2025-12-22,1.0,162.04,1,162.04,Outdoor,Seating,81.98,200.32,2025-04-11
SKU-050,2025-12-29,1.0,200.32,0,200.32,Outdoor,Seating,81.98,200.32,2025-04-11
SKU-050,2026-01-05,1.0,200.32,0,200.32,Outdoor,Seating,81.98,200.32,2025-04-11
SKU-050,2026-01-12,0.0,200.32,0,0.0,Outdoor,Seating,81.98,200.32,2025-04-11
SKU-050,2026-01-26,2.0,200.32,0,400.64,Outdoor,Seating,81.98,200.32,2025-04-11
SKU-050,2026-02-02,1.0,200.32,0,200.32,Outdoor,Seating,81.98,200.32,2025-04-11
SKU-050,2026-02-09,0.0,200.32,0,0.0,Outdoor,Seating,81.98,200.32,2025-04-11
SKU-050,2026-02-16,0.0,189.115,1,0.0,Outdoor,Seating,81.98,200.32,2025-04-11
SKU-050,2026-03-02,3.0,200.32000000000002,0,600.96,Outdoor,Seating,81.98,200.32,2025-04-11
SKU-050,2026-03-16,1.0,153.68,1,155.98,Outdoor,Seating,81.98,200.32,2025-04-11
SKU-050,2026-03-23,0.0,200.32,0,0.0,Outdoor,Seating,81.98,200.32,2025-04-11
SKU-050,2026-03-30,1.0,200.32000000000002,0,200.32,Outdoor,Seating,81.98,200.32,2025-04-11
SKU-050,2026-04-06,2.0,200.32,0,400.64,Outdoor,Seating,81.98,200.32,2025-04-11
SKU-050,2026-04-13,3.0,200.32000000000002,0,600.96,Outdoor,Seating,81.98,200.32,2025-04-11
SKU-050,2026-04-20,1.0,200.32,0,200.32,Outdoor,Seating,81.98,200.32,2025-04-11
SKU-050,2026-04-27,2.0,200.32,0,400.64,Outdoor,Seating,81.98,200.32,2025-04-11
SKU-050,2026-05-04,1.0,200.32,0,200.32,Outdoor,Seating,81.98,200.32,2025-04-11
SKU-050,2026-05-11,3.0,200.32000000000002,0,600.96,Outdoor,Seating,81.98,200.32,2025-04-11
SKU-050,2026-05-25,0.0,179.75,1,0.0,Outdoor,Seating,81.98,200.32,2025-04-11
SKU-050,2026-06-01,2.0,200.32,0,400.64,Outdoor,Seating,81.98,200.32,2025-04-11
SKU-050,2026-06-08,1.0,200.32000000000002,0,200.32,Outdoor,Seating,81.98,200.32,2025-04-11
SKU-050,2026-06-15,3.0,200.32000000000002,0,600.96,Outdoor,Seating,81.98,200.32,2025-04-11
SKU-050,2026-06-22,3.0,200.32000000000002,0,600.96,Outdoor,Seating,81.98,200.32,2025-04-11
SKU-050,2026-06-29,4.0,169.99333333333334,1,684.76,Outdoor,Seating,81.98,200.32,2025-04-11
SKU-050,2026-07-06,1.0,200.32,0,200.32,Outdoor,Seating,81.98,200.32,2025-04-11
SKU-050,2026-07-13,1.0,200.32,0,200.32,Outdoor,Seating,81.98,200.32,2025-04-11
SKU-050,2026-07-20,3.0,200.32,0,600.96,Outdoor,Seating,81.98,200.32,2025-04-11
SKU-050,2026-07-27,3.0,200.32000000000002,0,600.96,Outdoor,Seating,81.98,200.32,2025-04-11
SKU-050,2026-08-03,0.0,200.32,0,0.0,Outdoor,Seating,81.98,200.32,2025-04-11
SKU-050,2026-08-10,1.0,153.60500000000002,1,307.21000000000004,Outdoor,Seating,81.98,200.32,2025-04-11
SKU-050,2026-08-17,4.0,173.3975,1,865.46,Outdoor,Seating,81.98,200.32,2025-04-11
SKU-051,2024-01-01,6.0,56.9275,1,337.34000000000003,Outdoor,Accessories,27.39,59.04,2022-11-19
SKU-051,2024-01-08,6.0,59.04,0,354.24,Outdoor,Accessories,27.39,59.04,2022-11-19
SKU-051,2024-01-15,8.0,59.04,0,472.32,Outdoor,Accessories,27.39,59.04,2022-11-19
SKU-051,2024-01-22,13.0,59.04,0,767.52,Outdoor,Accessories,27.39,59.04,2022-11-19
SKU-051,2024-01-29,3.0,59.04,0,177.12,Outdoor,Accessories,27.39,59.04,2022-11-19
SKU-051,2024-02-05,3.0,59.04,0,177.12,Outdoor,Accessories,27.39,59.04,2022-11-19
SKU-051,2024-02-12,4.0,47.78,1,189.19,Outdoor,Accessories,27.39,59.04,2022-11-19
SKU-051,2024-02-19,9.0,56.5025,1,511.06,Outdoor,Accessories,27.39,59.04,2022-11-19
SKU-051,2024-02-26,7.0,59.04,0,413.28,Outdoor,Accessories,27.39,59.04,2022-11-19
SKU-051,2024-03-04,5.0,59.04,0,295.2,Outdoor,Accessories,27.39,59.04,2022-11-19
SKU-051,2024-03-11,19.0,52.085,1,927.02,Outdoor,Accessories,27.39,59.04,2022-11-19
SKU-051,2024-03-18,12.0,45.67666666666667,1,551.46,Outdoor,Accessories,27.39,59.04,2022-11-19
SKU-051,2024-03-25,9.0,59.04,0,531.36,Outdoor,Accessories,27.39,59.04,2022-11-19
SKU-051,2024-04-01,18.0,59.04,0,1062.72,Outdoor,Accessories,27.39,59.04,2022-11-19
SKU-051,2024-04-08,17.0,59.04,0,1003.68,Outdoor,Accessories,27.39,59.04,2022-11-19
SKU-051,2024-04-15,6.0,59.04,0,354.24,Outdoor,Accessories,27.39,59.04,2022-11-19
SKU-051,2024-04-22,7.0,59.04,0,413.28,Outdoor,Accessories,27.39,59.04,2022-11-19
SKU-051,2024-04-29,15.0,59.04,0,885.6,Outdoor,Accessories,27.39,59.04,2022-11-19
SKU-051,2024-05-06,18.0,59.04,0,1062.72,Outdoor,Accessories,27.39,59.04,2022-11-19
SKU-051,2024-05-13,21.0,59.04,0,1239.8400000000001,Outdoor,Accessories,27.39,59.04,2022-11-19
SKU-051,2024-05-20,29.0,57.34285714285714,1,1664.6399999999999,Outdoor,Accessories,27.39,59.04,2022-11-19
SKU-051,2024-05-27,14.0,57.79,1,807.81,Outdoor,Accessories,27.39,59.04,2022-11-19
SKU-051,2024-06-03,21.0,59.04,0,1239.84,Outdoor,Accessories,27.39,59.04,2022-11-19
SKU-051,2024-06-10,30.0,59.04,0,1771.1999999999998,Outdoor,Accessories,27.39,59.04,2022-11-19
SKU-051,2024-06-17,14.0,59.04,0,826.56,Outdoor,Accessories,27.39,59.04,2022-11-19
SKU-051,2024-06-24,20.0,59.04,0,1594.08,Outdoor,Accessories,27.39,59.04,2022-11-19
SKU-051,2024-07-01,35.0,50.71,1,1761.8,Outdoor,Accessories,27.39,59.04,2022-11-19
SKU-051,2024-07-08,22.0,59.04,0,1298.88,Outdoor,Accessories,27.39,59.04,2022-11-19
SKU-051,2024-07-15,15.0,59.04,0,885.5999999999999,Outdoor,Accessories,27.39,59.04,2022-11-19
SKU-051,2024-07-22,18.0,59.04,0,1062.72,Outdoor,Accessories,27.39,59.04,2022-11-19
SKU-051,2024-07-29,21.0,59.04,0,1239.84,Outdoor,Accessories,27.39,59.04,2022-11-19
SKU-051,2024-08-05,30.0,55.821666666666665,1,1684.42,Outdoor,Accessories,27.39,59.04,2022-11-19
SKU-051,2024-08-12,37.0,51.6175,1,1899.4299999999998,Outdoor,Accessories,27.39,59.04,2022-11-19
SKU-051,2024-08-19,17.0,56.53,1,933.4,Outdoor,Accessories,27.39,59.04,2022-11-19
SKU-051,2024-08-26,42.0,57.99714285714286,1,2450.48,Outdoor,Accessories,27.39,59.04,2022-11-19
SKU-051,2024-09-02,29.0,53.76571428571429,1,1608.12,Outdoor,Accessories,27.39,59.04,2022-11-19
SKU-051,2024-09-09,18.0,57.55800000000001,1,996.03,Outdoor,Accessories,27.39,59.04,2022-11-19
SKU-051,2024-09-16,23.0,59.04,0,1357.92,Outdoor,Accessories,27.39,59.04,2022-11-19
SKU-051,2024-09-23,16.0,59.04,0,944.64,Outdoor,Accessories,27.39,59.04,2022-11-19
SKU-051,2024-09-30,17.0,59.04,0,1003.6800000000001,Outdoor,Accessories,27.39,59.04,2022-11-19
SKU-051,2024-10-07,16.0,52.84,1,857.84,Outdoor,Accessories,27.39,59.04,2022-11-19
SKU-051,2024-10-14,16.0,57.37,1,917.92,Outdoor,Accessories,27.39,59.04,2022-11-19
SKU-051,2024-10-21,4.0,59.04,0,236.16,Outdoor,Accessories,27.39,59.04,2022-11-19
SKU-051,2024-10-28,20.0,59.04,0,1416.96,Outdoor,Accessories,27.39,59.04,2022-11-19
SKU-051,2024-11-04,11.0,59.04,0,649.44,Outdoor,Accessories,27.39,59.04,2022-11-19
SKU-051,2024-11-11,20.0,59.04,0,1180.8,Outdoor,Accessories,27.39,59.04,2022-11-19
SKU-051,2024-11-18,20.0,55.608000000000004,1,1221.94,Outdoor,Accessories,27.39,59.04,2022-11-19
SKU-051,2024-11-25,28.0,51.89833333333333,1,1438.87,Outdoor,Accessories,27.39,59.04,2022-11-19
SKU-051,2024-12-02,3.0,59.04,0,177.12,Outdoor,Accessories,27.39,59.04,2022-11-19
SKU-051,2024-12-09,5.0,57.2575,1,288.07,Outdoor,Accessories,27.39,59.04,2022-11-19
SKU-051,2024-12-16,15.0,47.89166666666667,1,718.69,Outdoor,Accessories,27.39,59.04,2022-11-19
SKU-051,2024-12-23,5.0,54.196666666666665,1,251.60999999999999,Outdoor,Accessories,27.39,59.04,2022-11-19
SKU-051,2024-12-30,10.0,54.007999999999996,1,535.84,Outdoor,Accessories,27.39,59.04,2022-11-19
SKU-051,2025-01-06,3.0,59.04,0,177.12,Outdoor,Accessories,27.39,59.04,2022-11-19
SKU-051,2025-01-13,3.0,59.04,0,177.12,Outdoor,Accessories,27.39,59.04,2022-11-19
SKU-051,2025-01-20,8.0,59.04,0,472.32,Outdoor,Accessories,27.39,59.04,2022-11-19
SKU-051,2025-01-27,6.0,59.04,0,354.24,Outdoor,Accessories,27.39,59.04,2022-11-19
SKU-051,2025-02-03,11.0,59.04,0,649.44,Outdoor,Accessories,27.39,59.04,2022-11-19
SKU-051,2025-02-10,7.0,59.04,0,413.28,Outdoor,Accessories,27.39,59.04,2022-11-19
SKU-051,2025-02-17,5.0,55.894000000000005,1,440.86,Outdoor,Accessories,27.39,59.04,2022-11-19
SKU-051,2025-02-24,5.0,59.04,0,295.2,Outdoor,Accessories,27.39,59.04,2022-11-19
SKU-051,2025-03-03,8.0,59.04,0,472.32,Outdoor,Accessories,27.39,59.04,2022-11-19
SKU-051,2025-03-10,24.0,54.758,1,1266.75,Outdoor,Accessories,27.39,59.04,2022-11-19
SKU-051,2025-03-17,37.0,51.70428571428572,1,1950.76,Outdoor,Accessories,27.39,59.04,2022-11-19
SKU-051,2025-03-24,24.0,59.04,0,1416.96,Outdoor,Accessories,27.39,59.04,2022-11-19
SKU-051,2025-03-31,13.0,59.04,0,767.52,Outdoor,Accessories,27.39,59.04,2022-11-19
SKU-051,2025-04-07,23.0,59.04,0,1357.92,Outdoor,Accessories,27.39,59.04,2022-11-19
SKU-051,2025-04-14,14.0,59.04,0,826.5600000000001,Outdoor,Accessories,27.39,59.04,2022-11-19
SKU-051,2025-04-21,21.0,59.04,0,1239.84,Outdoor,Accessories,27.39,59.04,2022-11-19
SKU-051,2025-04-28,16.0,59.04,0,944.64,Outdoor,Accessories,27.39,59.04,2022-11-19
SKU-051,2025-05-05,13.0,59.04,0,767.52,Outdoor,Accessories,27.39,59.04,2022-11-19
SKU-051,2025-05-12,11.0,59.04,0,649.44,Outdoor,Accessories,27.39,59.04,2022-11-19
SKU-051,2025-05-19,21.0,57.089999999999996,1,1142.34,Outdoor,Accessories,27.39,59.04,2022-11-19
SKU-051,2025-05-26,30.0,51.345,1,1496.91,Outdoor,Accessories,27.39,59.04,2022-11-19
SKU-051,2025-06-02,17.0,59.04,0,1003.6800000000001,Outdoor,Accessories,27.39,59.04,2022-11-19
SKU-051,2025-06-09,39.0,59.04,0,2302.56,Outdoor,Accessories,27.39,59.04,2022-11-19
SKU-051,2025-06-16,32.0,59.04,0,1889.28,Outdoor,Accessories,27.39,59.04,2022-11-19
SKU-051,2025-06-23,26.0,59.04,0,1535.04,Outdoor,Accessories,27.39,59.04,2022-11-19
SKU-051,2025-06-30,38.0,51.985,1,1993.46,Outdoor,Accessories,27.39,59.04,2022-11-19
SKU-051,2025-07-07,30.0,59.04,0,1771.1999999999998,Outdoor,Accessories,27.39,59.04,2022-11-19
SKU-051,2025-07-14,19.0,59.04,0,1121.76,Outdoor,Accessories,27.39,59.04,2022-11-19
SKU-051,2025-07-21,26.0,59.04,0,1535.04,Outdoor,Accessories,27.39,59.04,2022-11-19
SKU-051,2025-07-28,19.0,59.04,0,1121.76,Outdoor,Accessories,27.39,59.04,2022-11-19
SKU-051,2025-08-04,19.0,59.04,0,1121.76,Outdoor,Accessories,27.39,59.04,2022-11-19
SKU-051,2025-08-11,27.0,49.665,1,1347.72,Outdoor,Accessories,27.39,59.04,2022-11-19
SKU-051,2025-08-18,24.0,54.22,1,1269.38,Outdoor,Accessories,27.39,59.04,2022-11-19
SKU-051,2025-08-25,22.0,59.04,0,1298.8799999999999,Outdoor,Accessories,27.39,59.04,2022-11-19
SKU-051,2025-09-01,5.0,59.04,0,295.2,Outdoor,Accessories,27.39,59.04,2022-11-19
SKU-051,2025-09-08,11.0,59.04,0,649.44,Outdoor,Accessories,27.39,59.04,2022-11-19
SKU-051,2025-09-15,10.0,59.04,0,590.4,Outdoor,Accessories,27.39,59.04,2022-11-19
SKU-051,2025-09-22,5.0,59.04,0,295.2,Outdoor,Accessories,27.39,59.04,2022-11-19
SKU-051,2025-09-29,15.0,59.04,0,1003.68,Outdoor,Accessories,27.39,59.04,2022-11-19
SKU-051,2025-10-06,26.0,55.53142857142858,1,1395.0,Outdoor,Accessories,27.39,59.04,2022-11-19
SKU-051,2025-10-13,37.0,52.56333333333333,1,1877.29,Outdoor,Accessories,27.39,59.04,2022-11-19
SKU-051,2025-10-20,21.0,59.04,0,1239.84,Outdoor,Accessories,27.39,59.04,2022-11-19
SKU-051,2025-10-27,15.0,59.04,0,885.6,Outdoor,Accessories,27.39,59.04,2022-11-19
SKU-051,2025-11-03,10.0,59.04,0,590.4,Outdoor,Accessories,27.39,59.04,2022-11-19
SKU-051,2025-11-10,7.0,59.04,0,649.4399999999999,Outdoor,Accessories,27.39,59.04,2022-11-19
SKU-051,2025-11-17,13.0,56.096000000000004,1,782.56,Outdoor,Accessories,27.39,59.04,2022-11-19
SKU-051,2025-11-24,23.0,49.652,1,1133.0,Outdoor,Accessories,27.39,59.04,2022-11-19
SKU-051,2025-12-01,4.0,59.04,0,236.16,Outdoor,Accessories,27.39,59.04,2022-11-19
SKU-051,2025-12-08,9.0,59.04,0,531.36,Outdoor,Accessories,27.39,59.04,2022-11-19
SKU-051,2025-12-15,13.0,50.75,1,658.73,Outdoor,Accessories,27.39,59.04,2022-11-19
SKU-051,2025-12-22,9.0,53.031666666666666,1,478.57,Outdoor,Accessories,27.39,59.04,2022-11-19
SKU-051,2025-12-29,9.0,54.29,1,480.82000000000005,Outdoor,Accessories,27.39,59.04,2022-11-19
SKU-051,2026-01-05,6.0,59.04,0,354.24,Outdoor,Accessories,27.39,59.04,2022-11-19
SKU-051,2026-01-12,9.0,59.04,0,531.36,Outdoor,Accessories,27.39,59.04,2022-11-19
SKU-051,2026-01-19,10.0,59.04,0,590.4,Outdoor,Accessories,27.39,59.04,2022-11-19
SKU-051,2026-01-26,9.0,59.04,0,531.36,Outdoor,Accessories,27.39,59.04,2022-11-19
SKU-051,2026-02-02,7.0,59.04,0,413.28,Outdoor,Accessories,27.39,59.04,2022-11-19
SKU-051,2026-02-09,15.0,59.04,0,885.5999999999999,Outdoor,Accessories,27.39,59.04,2022-11-19
SKU-051,2026-02-16,15.0,55.81714285714286,1,795.36,Outdoor,Accessories,27.39,59.04,2022-11-19
SKU-051,2026-02-23,11.0,59.04,0,649.4399999999999,Outdoor,Accessories,27.39,59.04,2022-11-19
SKU-051,2026-03-02,19.0,59.04,0,1121.76,Outdoor,Accessories,27.39,59.04,2022-11-19
SKU-051,2026-03-09,10.0,54.74666666666667,1,500.24,Outdoor,Accessories,27.39,59.04,2022-11-19
SKU-051,2026-03-16,21.0,51.9225,1,1049.8899999999999,Outdoor,Accessories,27.39,59.04,2022-11-19
SKU-051,2026-03-23,10.0,59.04,0,590.4,Outdoor,Accessories,27.39,59.04,2022-11-19
SKU-051,2026-03-30,19.0,59.04,0,1121.76,Outdoor,Accessories,27.39,59.04,2022-11-19
SKU-051,2026-04-06,9.0,59.04,0,767.52,Outdoor,Accessories,27.39,59.04,2022-11-19
SKU-051,2026-04-13,10.0,59.04,0,590.4,Outdoor,Accessories,27.39,59.04,2022-11-19
SKU-051,2026-04-20,7.0,59.04,0,413.28,Outdoor,Accessories,27.39,59.04,2022-11-19
SKU-051,2026-04-27,3.0,59.04,0,177.12,Outdoor,Accessories,27.39,59.04,2022-11-19
SKU-051,2026-05-04,17.0,59.04,0,1003.68,Outdoor,Accessories,27.39,59.04,2022-11-19
SKU-051,2026-05-11,8.0,59.04,0,472.32,Outdoor,Accessories,27.39,59.04,2022-11-19
SKU-051,2026-05-18,13.0,59.04,0,767.52,Outdoor,Accessories,27.39,59.04,2022-11-19
SKU-051,2026-05-25,16.0,55.388,1,868.8199999999999,Outdoor,Accessories,27.39,59.04,2022-11-19
SKU-051,2026-06-01,5.0,59.04,0,295.2,Outdoor,Accessories,27.39,59.04,2022-11-19
SKU-051,2026-06-08,32.0,59.04,0,1889.28,Outdoor,Accessories,27.39,59.04,2022-11-19
SKU-051,2026-06-15,29.0,59.04,0,1712.1599999999999,Outdoor,Accessories,27.39,59.04,2022-11-19
SKU-051,2026-06-22,33.0,59.04,0,2479.68,Outdoor,Accessories,27.39,59.04,2022-11-19
SKU-051,2026-06-29,33.0,51.71,1,1675.02,Outdoor,Accessories,27.39,59.04,2022-11-19
SKU-051,2026-07-06,27.0,55.9275,1,1469.58,Outdoor,Accessories,27.39,59.04,2022-11-19
SKU-051,2026-07-13,21.0,59.04,0,1239.8400000000001,Outdoor,Accessories,27.39,59.04,2022-11-19
SKU-051,2026-07-20,18.0,59.04,0,1062.72,Outdoor,Accessories,27.39,59.04,2022-11-19
SKU-051,2026-07-27,30.0,59.04,0,1771.2,Outdoor,Accessories,27.39,59.04,2022-11-19
SKU-051,2026-08-03,22.0,59.04,0,1298.88,Outdoor,Accessories,27.39,59.04,2022-11-19
SKU-051,2026-08-10,32.0,51.230000000000004,1,1636.08,Outdoor,Accessories,27.39,59.04,2022-11-19
SKU-051,2026-08-17,21.0,48.055,1,996.3299999999999,Outdoor,Accessories,27.39,59.04,2022-11-19
SKU-051,2026-08-24,33.0,59.04,0,1948.32,Outdoor,Accessories,27.39,59.04,2022-11-19
SKU-052,2024-01-01,19.0,206.59,1,3744.66,Outdoor,Seating,97.35,221.24,2022-05-21
SKU-052,2024-01-08,15.0,221.24,0,3318.6000000000004,Outdoor,Seating,97.35,221.24,2022-05-21
SKU-052,2024-01-15,17.0,221.24,0,3761.08,Outdoor,Seating,97.35,221.24,2022-05-21
SKU-052,2024-01-22,15.0,221.24,0,3318.6000000000004,Outdoor,Seating,97.35,221.24,2022-05-21
SKU-052,2024-01-29,18.0,221.24,0,3982.32,Outdoor,Seating,97.35,221.24,2022-05-21
SKU-052,2024-02-05,5.0,221.24,0,1106.2,Outdoor,Seating,97.35,221.24,2022-05-21
SKU-052,2024-02-12,20.0,202.244,1,3951.52,Outdoor,Seating,97.35,221.24,2022-05-21
SKU-052,2024-02-19,23.0,214.032,1,4944.360000000001,Outdoor,Seating,97.35,221.24,2022-05-21
SKU-052,2024-02-26,19.0,221.24,0,4203.56,Outdoor,Seating,97.35,221.24,2022-05-21
SKU-052,2024-03-04,25.0,221.24,0,5531.0,Outdoor,Seating,97.35,221.24,2022-05-21
SKU-052,2024-03-11,23.0,197.85333333333335,1,4415.4800000000005,Outdoor,Seating,97.35,221.24,2022-05-21
SKU-052,2024-03-18,43.0,204.658,1,8724.08,Outdoor,Seating,97.35,221.24,2022-05-21
SKU-052,2024-03-25,22.0,221.24,0,4867.280000000001,Outdoor,Seating,97.35,221.24,2022-05-21
SKU-052,2024-04-01,14.0,221.24,0,3097.36,Outdoor,Seating,97.35,221.24,2022-05-21
SKU-052,2024-04-08,37.0,221.24,0,9070.84,Outdoor,Seating,97.35,221.24,2022-05-21
SKU-052,2024-04-15,19.0,221.24,0,4203.56,Outdoor,Seating,97.35,221.24,2022-05-21
SKU-052,2024-04-22,17.0,221.24,0,3761.08,Outdoor,Seating,97.35,221.24,2022-05-21
SKU-052,2024-04-29,17.0,221.24,0,3761.08,Outdoor,Seating,97.35,221.24,2022-05-21
SKU-052,2024-05-06,28.0,221.24,0,6194.72,Outdoor,Seating,97.35,221.24,2022-05-21
SKU-052,2024-05-13,7.0,221.24,0,1548.68,Outdoor,Seating,97.35,221.24,2022-05-21
SKU-052,2024-05-20,24.0,207.19000000000003,1,4803.96,Outdoor,Seating,97.35,221.24,2022-05-21
SKU-052,2024-05-27,14.0,221.24,0,3097.36,Outdoor,Seating,97.35,221.24,2022-05-21
SKU-052,2024-06-03,33.0,221.24,0,7300.92,Outdoor,Seating,97.35,221.24,2022-05-21
SKU-052,2024-06-10,53.0,221.24,0,11725.720000000001,Outdoor,Seating,97.35,221.24,2022-05-21
SKU-052,2024-06-17,45.0,221.24,0,9955.8,Outdoor,Seating,97.35,221.24,2022-05-21
SKU-052,2024-06-24,58.0,221.24,0,12831.92,Outdoor,Seating,97.35,221.24,2022-05-21
SKU-052,2024-07-01,42.0,183.77666666666667,1,7703.82,Outdoor,Seating,97.35,221.24,2022-05-21
SKU-052,2024-07-08,31.0,221.24,0,9070.84,Outdoor,Seating,97.35,221.24,2022-05-21
SKU-052,2024-07-15,45.0,221.24,0,9955.8,Outdoor,Seating,97.35,221.24,2022-05-21
SKU-052,2024-07-22,46.0,221.24,0,10177.04,Outdoor,Seating,97.35,221.24,2022-05-21
SKU-052,2024-07-29,18.0,221.24,0,3982.32,Outdoor,Seating,97.35,221.24,2022-05-21
SKU-052,2024-08-05,54.0,207.54166666666666,1,10932.62,Outdoor,Seating,97.35,221.24,2022-05-21
SKU-052,2024-08-12,70.0,180.348,1,12429.7,Outdoor,Seating,97.35,221.24,2022-05-21
SKU-052,2024-08-19,36.0,212.5575,1,7617.34,Outdoor,Seating,97.35,221.24,2022-05-21
SKU-052,2024-08-26,30.0,221.24,0,6637.2,Outdoor,Seating,97.35,221.24,2022-05-21
SKU-052,2024-09-02,43.0,190.35250000000002,1,7816.64,Outdoor,Seating,97.35,221.24,2022-05-21
SKU-052,2024-09-09,35.0,213.148,1,7379.26,Outdoor,Seating,97.35,221.24,2022-05-21
SKU-052,2024-09-16,28.0,221.24,0,6194.72,Outdoor,Seating,97.35,221.24,2022-05-21
SKU-052,2024-09-23,45.0,221.24,0,9955.800000000001,Outdoor,Seating,97.35,221.24,2022-05-21
SKU-052,2024-09-30,25.0,221.24,0,5531.0,Outdoor,Seating,97.35,221.24,2022-05-21
SKU-052,2024-10-07,32.0,198.4675,1,6209.030000000001,Outdoor,Seating,97.35,221.24,2022-05-21
SKU-052,2024-10-14,27.0,203.62666666666667,1,5392.24,Outdoor,Seating,97.35,221.24,2022-05-21
SKU-052,2024-10-21,29.0,221.24,0,7300.92,Outdoor,Seating,97.35,221.24,2022-05-21
SKU-052,2024-10-28,37.0,221.24,0,8185.88,Outdoor,Seating,97.35,221.24,2022-05-21
SKU-052,2024-11-04,21.0,221.24,0,4646.04,Outdoor,Seating,97.35,221.24,2022-05-21
SKU-052,2024-11-11,30.0,221.24,0,6637.200000000001,Outdoor,Seating,97.35,221.24,2022-05-21
SKU-052,2024-11-18,28.0,209.47500000000002,1,5677.06,Outdoor,Seating,97.35,221.24,2022-05-21
SKU-052,2024-11-25,19.0,186.3025,1,3449.36,Outdoor,Seating,97.35,221.24,2022-05-21
SKU-052,2024-12-02,15.0,221.24,0,3318.6000000000004,Outdoor,Seating,97.35,221.24,2022-05-21
SKU-052,2024-12-09,10.0,213.5325,1,2150.74,Outdoor,Seating,97.35,221.24,2022-05-21
SKU-052,2024-12-16,33.0,187.58333333333334,1,7316.59,Outdoor,Seating,97.35,221.24,2022-05-21
SKU-052,2024-12-23,4.0,177.87,1,711.48,Outdoor,Seating,97.35,221.24,2022-05-21
SKU-052,2024-12-30,19.0,205.204,1,3898.0,Outdoor,Seating,97.35,221.24,2022-05-21
SKU-052,2025-01-06,8.0,221.24,0,1769.92,Outdoor,Seating,97.35,221.24,2022-05-21
SKU-052,2025-01-13,6.0,221.24,0,1327.44,Outdoor,Seating,97.35,221.24,2022-05-21
SKU-052,2025-01-20,15.0,221.24,0,3318.6000000000004,Outdoor,Seating,97.35,221.24,2022-05-21
SKU-052,2025-01-27,15.0,221.24,0,3318.6000000000004,Outdoor,Seating,97.35,221.24,2022-05-21
SKU-052,2025-02-03,13.0,221.24,0,2876.12,Outdoor,Seating,97.35,221.24,2022-05-21
SKU-052,2025-02-10,12.0,221.24,0,3982.32,Outdoor,Seating,97.35,221.24,2022-05-21
SKU-052,2025-02-17,0.0,221.24,0,221.24,Outdoor,Seating,97.35,221.24,2022-05-21
SKU-052,2025-02-24,23.0,221.24,0,5088.52,Outdoor,Seating,97.35,221.24,2022-05-21
SKU-052,2025-03-03,33.0,221.24,0,7300.92,Outdoor,Seating,97.35,221.24,2022-05-21
SKU-052,2025-03-10,23.0,221.24,0,5088.52,Outdoor,Seating,97.35,221.24,2022-05-21
SKU-052,2025-03-17,19.0,187.27,1,3569.08,Outdoor,Seating,97.35,221.24,2022-05-21
SKU-052,2025-03-24,33.0,221.24,0,7300.92,Outdoor,Seating,97.35,221.24,2022-05-21
SKU-052,2025-03-31,15.0,221.24,0,3318.6000000000004,Outdoor,Seating,97.35,221.24,2022-05-21
SKU-052,2025-04-07,18.0,221.24,0,3982.32,Outdoor,Seating,97.35,221.24,2022-05-21
SKU-052,2025-04-14,30.0,221.24,0,6637.200000000001,Outdoor,Seating,97.35,221.24,2022-05-21
SKU-052,2025-04-21,34.0,221.24,0,7522.16,Outdoor,Seating,97.35,221.24,2022-05-21
SKU-052,2025-04-28,27.0,221.24,0,5973.4800000000005,Outdoor,Seating,97.35,221.24,2022-05-21
SKU-052,2025-05-05,30.0,221.24,0,6637.200000000001,Outdoor,Seating,97.35,221.24,2022-05-21
SKU-052,2025-05-12,24.0,221.24,0,5309.76,Outdoor,Seating,97.35,221.24,2022-05-21
SKU-052,2025-05-19,36.0,221.24,0,7964.64,Outdoor,Seating,97.35,221.24,2022-05-21
SKU-052,2025-05-26,44.0,193.788,1,9502.779999999999,Outdoor,Seating,97.35,221.24,2022-05-21
SKU-052,2025-06-02,45.0,221.24,0,9955.8,Outdoor,Seating,97.35,221.24,2022-05-21
SKU-052,2025-06-09,47.0,221.24,0,10398.28,Outdoor,Seating,97.35,221.24,2022-05-21
SKU-052,2025-06-16,58.0,221.24,0,12831.92,Outdoor,Seating,97.35,221.24,2022-05-21
SKU-052,2025-06-23,38.0,221.24,0,8407.119999999999,Outdoor,Seating,97.35,221.24,2022-05-21
SKU-052,2025-06-30,65.0,189.36,1,11928.96,Outdoor,Seating,97.35,221.24,2022-05-21
SKU-052,2025-07-07,68.0,214.98142857142858,1,14387.17,Outdoor,Seating,97.35,221.24,2022-05-21
SKU-052,2025-07-14,53.0,221.24,0,11725.720000000001,Outdoor,Seating,97.35,221.24,2022-05-21
SKU-052,2025-07-21,53.0,221.24,0,11725.720000000001,Outdoor,Seating,97.35,221.24,2022-05-21
SKU-052,2025-07-28,43.0,221.24,0,9513.32,Outdoor,Seating,97.35,221.24,2022-05-21
SKU-052,2025-08-04,52.0,214.158,1,11008.74,Outdoor,Seating,97.35,221.24,2022-05-21
SKU-052,2025-08-11,72.0,180.7375,1,13165.99,Outdoor,Seating,97.35,221.24,2022-05-21
SKU-052,2025-08-18,47.0,205.02400000000003,1,9717.58,Outdoor,Seating,97.35,221.24,2022-05-21
SKU-052,2025-08-25,32.0,221.24,0,7079.68,Outdoor,Seating,97.35,221.24,2022-05-21
SKU-052,2025-09-01,24.0,214.08666666666667,1,5009.32,Outdoor,Seating,97.35,221.24,2022-05-21
SKU-052,2025-09-08,39.0,213.81333333333336,1,8271.880000000001,Outdoor,Seating,97.35,221.24,2022-05-21
SKU-052,2025-09-15,55.0,221.24,0,12168.2,Outdoor,Seating,97.35,221.24,2022-05-21
SKU-052,2025-09-22,31.0,221.24,0,6858.4400000000005,Outdoor,Seating,97.35,221.24,2022-05-21
SKU-052,2025-09-29,20.0,221.24,0,4424.8,Outdoor,Seating,97.35,221.24,2022-05-21
SKU-052,2025-10-06,53.0,206.27428571428572,1,10694.980000000001,Outdoor,Seating,97.35,221.24,2022-05-21
SKU-052,2025-10-13,44.0,202.88,1,8556.32,Outdoor,Seating,97.35,221.24,2022-05-21
SKU-052,2025-10-20,38.0,221.24,0,8407.12,Outdoor,Seating,97.35,221.24,2022-05-21
SKU-052,2025-10-27,27.0,221.24,0,5973.4800000000005,Outdoor,Seating,97.35,221.24,2022-05-21
SKU-052,2025-11-03,40.0,221.24,0,8849.6,Outdoor,Seating,97.35,221.24,2022-05-21
SKU-052,2025-11-10,17.0,221.24,0,3761.08,Outdoor,Seating,97.35,221.24,2022-05-21
SKU-052,2025-11-17,16.0,221.24,0,3539.84,Outdoor,Seating,97.35,221.24,2022-05-21
SKU-052,2025-11-24,45.0,188.89333333333335,1,9627.9,Outdoor,Seating,97.35,221.24,2022-05-21
SKU-052,2025-12-01,7.0,221.24,0,1548.68,Outdoor,Seating,97.35,221.24,2022-05-21
SKU-052,2025-12-08,11.0,221.24,0,2433.6400000000003,Outdoor,Seating,97.35,221.24,2022-05-21
SKU-052,2025-12-15,29.0,180.90666666666667,1,5194.26,Outdoor,Seating,97.35,221.24,2022-05-21
SKU-052,2025-12-22,20.0,195.152,1,3936.21,Outdoor,Seating,97.35,221.24,2022-05-21
SKU-052,2025-12-29,22.0,198.154,1,4275.54,Outdoor,Seating,97.35,221.24,2022-05-21
SKU-052,2026-01-05,18.0,221.24,0,3982.32,Outdoor,Seating,97.35,221.24,2022-05-21
SKU-052,2026-01-12,15.0,221.24,0,3318.6000000000004,Outdoor,Seating,97.35,221.24,2022-05-21
SKU-052,2026-01-19,10.0,221.24,0,2212.4,Outdoor,Seating,97.35,221.24,2022-05-21
SKU-052,2026-01-26,4.0,221.24,0,884.96,Outdoor,Seating,97.35,221.24,2022-05-21
SKU-052,2026-02-02,15.0,221.24,0,3318.6000000000004,Outdoor,Seating,97.35,221.24,2022-05-21
SKU-052,2026-02-09,11.0,221.24,0,2433.6400000000003,Outdoor,Seating,97.35,221.24,2022-05-21
SKU-052,2026-02-16,25.0,207.654,1,5095.700000000001,Outdoor,Seating,97.35,221.24,2022-05-21
SKU-052,2026-02-23,12.0,221.24,0,2654.88,Outdoor,Seating,97.35,221.24,2022-05-21
SKU-052,2026-03-02,24.0,221.24,0,5309.76,Outdoor,Seating,97.35,221.24,2022-05-21
SKU-052,2026-03-09,47.0,216.17833333333337,1,10064.210000000001,Outdoor,Seating,97.35,221.24,2022-05-21
SKU-052,2026-03-16,40.0,189.602,1,7417.11,Outdoor,Seating,97.35,221.24,2022-05-21
SKU-052,2026-03-23,17.0,221.24,0,3761.08,Outdoor,Seating,97.35,221.24,2022-05-21
SKU-052,2026-03-30,7.0,221.24,0,1548.68,Outdoor,Seating,97.35,221.24,2022-05-21
SKU-052,2026-04-06,31.0,221.24,0,6858.4400000000005,Outdoor,Seating,97.35,221.24,2022-05-21
SKU-052,2026-04-13,17.0,221.24,0,3761.08,Outdoor,Seating,97.35,221.24,2022-05-21
SKU-052,2026-04-20,12.0,221.24,0,2654.88,Outdoor,Seating,97.35,221.24,2022-05-21
SKU-052,2026-04-27,25.0,221.24,0,5531.0,Outdoor,Seating,97.35,221.24,2022-05-21
SKU-052,2026-05-04,29.0,221.24,0,6415.96,Outdoor,Seating,97.35,221.24,2022-05-21
SKU-052,2026-05-11,41.0,221.24,0,9070.84,Outdoor,Seating,97.35,221.24,2022-05-21
SKU-052,2026-05-18,33.0,216.11166666666668,1,7054.76,Outdoor,Seating,97.35,221.24,2022-05-21
SKU-052,2026-05-25,20.0,209.5,1,5599.66,Outdoor,Seating,97.35,221.24,2022-05-21
SKU-052,2026-06-01,54.0,221.24,0,11946.96,Outdoor,Seating,97.35,221.24,2022-05-21
SKU-052,2026-06-08,19.0,221.24,0,4203.56,Outdoor,Seating,97.35,221.24,2022-05-21
SKU-052,2026-06-15,53.0,221.24,0,11725.720000000001,Outdoor,Seating,97.35,221.24,2022-05-21
SKU-052,2026-06-22,40.0,221.24,0,8849.6,Outdoor,Seating,97.35,221.24,2022-05-21
SKU-052,2026-06-29,67.0,183.168,1,12160.029999999999,Outdoor,Seating,97.35,221.24,2022-05-21
SKU-052,2026-07-06,37.0,200.04250000000002,1,7291.780000000001,Outdoor,Seating,97.35,221.24,2022-05-21
SKU-052,2026-07-13,52.0,221.24,0,11504.48,Outdoor,Seating,97.35,221.24,2022-05-21
SKU-052,2026-07-20,45.0,221.24,0,9955.800000000001,Outdoor,Seating,97.35,221.24,2022-05-21
SKU-052,2026-07-27,40.0,221.24,0,10177.04,Outdoor,Seating,97.35,221.24,2022-05-21
SKU-052,2026-08-03,48.0,221.24,0,10619.52,Outdoor,Seating,97.35,221.24,2022-05-21
SKU-052,2026-08-10,98.0,185.36666666666667,1,18187.42,Outdoor,Seating,97.35,221.24,2022-05-21
SKU-052,2026-08-17,65.0,191.23333333333335,1,11960.6,Outdoor,Seating,97.35,221.24,2022-05-21
SKU-052,2026-08-24,60.0,221.24,0,13274.4,Outdoor,Seating,97.35,221.24,2022-05-21
SKU-052,2026-08-31,13.0,221.24,0,2876.12,Outdoor,Seating,97.35,221.24,2022-05-21
SKU-053,2024-04-01,10.0,86.24,0,862.4,Outdoor,Seating,35.59,86.24,2024-04-06
SKU-053,2024-04-08,95.0,86.24,0,8192.8,Outdoor,Seating,35.59,86.24,2024-04-06
SKU-053,2024-04-15,57.0,86.24,0,4915.679999999999,Outdoor,Seating,35.59,86.24,2024-04-06
SKU-053,2024-04-22,61.0,86.24,0,5260.639999999999,Outdoor,Seating,35.59,86.24,2024-04-06
SKU-053,2024-04-29,80.0,86.24,0,6899.2,Outdoor,Seating,35.59,86.24,2024-04-06
SKU-053,2024-05-06,3.0,86.24,0,258.72,Outdoor,Seating,35.59,86.24,2024-04-06
SKU-053,2024-05-13,53.0,86.24,0,4570.719999999999,Outdoor,Seating,35.59,86.24,2024-04-06
SKU-053,2024-05-20,87.0,83.32428571428571,1,7155.91,Outdoor,Seating,35.59,86.24,2024-04-06
SKU-053,2024-05-27,87.0,82.574,1,6934.65,Outdoor,Seating,35.59,86.24,2024-04-06
SKU-053,2024-06-03,96.0,86.24,0,8279.04,Outdoor,Seating,35.59,86.24,2024-04-06
SKU-053,2024-06-10,114.0,86.24,0,9831.36,Outdoor,Seating,35.59,86.24,2024-04-06
SKU-053,2024-06-17,69.0,86.24,0,5950.5599999999995,Outdoor,Seating,35.59,86.24,2024-04-06
SKU-053,2024-06-24,143.0,86.24,0,12332.32,Outdoor,Seating,35.59,86.24,2024-04-06
SKU-053,2024-07-01,89.0,73.60333333333334,1,6538.33,Outdoor,Seating,35.59,86.24,2024-04-06
SKU-053,2024-07-08,93.0,86.24,0,8020.32,Outdoor,Seating,35.59,86.24,2024-04-06
SKU-053,2024-07-15,120.0,86.24,0,10348.8,Outdoor,Seating,35.59,86.24,2024-04-06
SKU-053,2024-07-22,100.0,86.24,0,8624.0,Outdoor,Seating,35.59,86.24,2024-04-06
SKU-053,2024-07-29,71.0,86.24,0,6123.04,Outdoor,Seating,35.59,86.24,2024-04-06
SKU-053,2024-08-05,39.0,86.24,0,3363.3599999999997,Outdoor,Seating,35.59,86.24,2024-04-06
SKU-053,2024-08-12,99.0,68.56,1,6756.91,Outdoor,Seating,35.59,86.24,2024-04-06
SKU-053,2024-08-19,72.0,81.34333333333332,1,5812.65,Outdoor,Seating,35.59,86.24,2024-04-06
SKU-053,2024-08-26,105.0,84.32,1,8836.32,Outdoor,Seating,35.59,86.24,2024-04-06
SKU-053,2024-09-02,105.0,76.90833333333333,1,7890.14,Outdoor,Seating,35.59,86.24,2024-04-06
SKU-053,2024-09-09,70.0,82.7675,1,5689.55,Outdoor,Seating,35.59,86.24,2024-04-06
SKU-053,2024-09-16,58.0,86.24,0,5001.92,Outdoor,Seating,35.59,86.24,2024-04-06
SKU-053,2024-09-23,47.0,86.24,0,4053.28,Outdoor,Seating,35.59,86.24,2024-04-06
SKU-053,2024-09-30,53.0,86.24,0,6036.799999999999,Outdoor,Seating,35.59,86.24,2024-04-06
SKU-053,2024-10-07,106.0,75.90333333333332,1,8199.78,Outdoor,Seating,35.59,86.24,2024-04-06
SKU-053,2024-10-14,36.0,79.745,1,2805.87,Outdoor,Seating,35.59,86.24,2024-04-06
SKU-053,2024-10-21,85.0,86.24,0,7330.4,Outdoor,Seating,35.59,86.24,2024-04-06
SKU-053,2024-10-28,80.0,86.24,0,6899.2,Outdoor,Seating,35.59,86.24,2024-04-06
SKU-053,2024-11-04,74.0,86.24,0,6381.76,Outdoor,Seating,35.59,86.24,2024-04-06
SKU-053,2024-11-11,30.0,86.24,0,2587.2,Outdoor,Seating,35.59,86.24,2024-04-06
SKU-053,2024-11-18,60.0,86.24,0,5174.4,Outdoor,Seating,35.59,86.24,2024-04-06
SKU-053,2024-11-25,82.0,73.0475,1,5961.15,Outdoor,Seating,35.59,86.24,2024-04-06
SKU-053,2024-12-02,39.0,86.24,0,3363.3599999999997,Outdoor,Seating,35.59,86.24,2024-04-06
SKU-053,2024-12-09,17.0,86.24,0,1466.0800000000002,Outdoor,Seating,35.59,86.24,2024-04-06
SKU-053,2024-12-16,43.0,69.53333333333333,1,2986.3,Outdoor,Seating,35.59,86.24,2024-04-06
SKU-053,2024-12-23,31.0,79.896,1,2521.16,Outdoor,Seating,35.59,86.24,2024-04-06
SKU-053,2024-12-30,31.0,76.17999999999999,1,2289.72,Outdoor,Seating,35.59,86.24,2024-04-06
SKU-053,2025-01-06,21.0,86.24,0,1811.04,Outdoor,Seating,35.59,86.24,2024-04-06
SKU-053,2025-01-13,38.0,86.24,0,3277.12,Outdoor,Seating,35.59,86.24,2024-04-06
SKU-053,2025-01-20,35.0,86.24,0,3018.3999999999996,Outdoor,Seating,35.59,86.24,2024-04-06
SKU-053,2025-01-27,38.0,86.24,0,3622.08,Outdoor,Seating,35.59,86.24,2024-04-06
SKU-053,2025-02-03,37.0,86.24,0,3190.88,Outdoor,Seating,35.59,86.24,2024-04-06
SKU-053,2025-02-10,25.0,86.24,0,2156.0,Outdoor,Seating,35.59,86.24,2024-04-06
SKU-053,2025-02-17,45.0,78.032,1,3491.27,Outdoor,Seating,35.59,86.24,2024-04-06
SKU-053,2025-02-24,51.0,86.24,0,4398.24,Outdoor,Seating,35.59,86.24,2024-04-06
SKU-053,2025-03-03,25.0,86.24,0,2156.0,Outdoor,Seating,35.59,86.24,2024-04-06
SKU-053,2025-03-10,79.0,84.72666666666666,1,6694.92,Outdoor,Seating,35.59,86.24,2024-04-06
SKU-053,2025-03-17,106.0,76.506,1,7976.02,Outdoor,Seating,35.59,86.24,2024-04-06
SKU-053,2025-03-24,71.0,86.24,0,6123.04,Outdoor,Seating,35.59,86.24,2024-04-06
SKU-053,2025-03-31,12.0,86.24,0,1034.88,Outdoor,Seating,35.59,86.24,2024-04-06
SKU-053,2025-04-07,52.0,86.24,0,4484.48,Outdoor,Seating,35.59,86.24,2024-04-06
SKU-053,2025-04-14,65.0,86.24,0,5605.6,Outdoor,Seating,35.59,86.24,2024-04-06
SKU-053,2025-04-21,79.0,86.24,0,6812.96,Outdoor,Seating,35.59,86.24,2024-04-06
SKU-053,2025-04-28,74.0,86.24,0,6381.76,Outdoor,Seating,35.59,86.24,2024-04-06
SKU-053,2025-05-05,73.0,86.24,0,6295.5199999999995,Outdoor,Seating,35.59,86.24,2024-04-06
SKU-053,2025-05-12,62.0,86.24,0,5346.879999999999,Outdoor,Seating,35.59,86.24,2024-04-06
SKU-053,2025-05-19,51.0,79.21666666666665,1,3976.84,Outdoor,Seating,35.59,86.24,2024-04-06
SKU-053,2025-05-26,116.0,73.15333333333334,1,10094.92,Outdoor,Seating,35.59,86.24,2024-04-06
SKU-053,2025-06-02,88.0,86.24,0,7589.12,Outdoor,Seating,35.59,86.24,2024-04-06
SKU-053,2025-06-09,86.0,86.24,0,7416.639999999999,Outdoor,Seating,35.59,86.24,2024-04-06
SKU-053,2025-06-16,91.0,86.24,0,7847.839999999999,Outdoor,Seating,35.59,86.24,2024-04-06
SKU-053,2025-06-23,148.0,86.24,0,12763.52,Outdoor,Seating,35.59,86.24,2024-04-06
SKU-053,2025-06-30,198.0,75.85333333333334,1,14837.59,Outdoor,Seating,35.59,86.24,2024-04-06
SKU-053,2025-07-07,99.0,80.85249999999999,1,7999.01,Outdoor,Seating,35.59,86.24,2024-04-06
SKU-053,2025-07-14,93.0,86.24,0,8020.32,Outdoor,Seating,35.59,86.24,2024-04-06
SKU-053,2025-07-21,79.0,86.24,0,6812.96,Outdoor,Seating,35.59,86.24,2024-04-06
SKU-053,2025-07-28,94.0,86.24,0,8106.56,Outdoor,Seating,35.59,86.24,2024-04-06
SKU-053,2025-08-04,149.0,82.77333333333333,1,11934.56,Outdoor,Seating,35.59,86.24,2024-04-06
SKU-053,2025-08-11,196.0,70.97166666666668,1,14069.21,Outdoor,Seating,35.59,86.24,2024-04-06
SKU-053,2025-08-18,102.0,81.8475,1,8216.67,Outdoor,Seating,35.59,86.24,2024-04-06
SKU-053,2025-08-25,117.0,86.24,0,10090.08,Outdoor,Seating,35.59,86.24,2024-04-06
SKU-053,2025-09-01,55.0,82.24,1,4455.2,Outdoor,Seating,35.59,86.24,2024-04-06
SKU-053,2025-09-08,69.0,79.8575,1,5455.04,Outdoor,Seating,35.59,86.24,2024-04-06
SKU-053,2025-09-15,45.0,86.24,0,3880.7999999999997,Outdoor,Seating,35.59,86.24,2024-04-06
SKU-053,2025-09-22,90.0,86.24,0,7761.599999999999,Outdoor,Seating,35.59,86.24,2024-04-06
SKU-053,2025-09-29,56.0,86.24,0,4829.44,Outdoor,Seating,35.59,86.24,2024-04-06
SKU-053,2025-10-06,76.0,78.78999999999999,1,5773.04,Outdoor,Seating,35.59,86.24,2024-04-06
SKU-053,2025-10-13,57.0,83.715,1,4693.48,Outdoor,Seating,35.59,86.24,2024-04-06
SKU-053,2025-10-20,46.0,86.24,0,3967.04,Outdoor,Seating,35.59,86.24,2024-04-06
SKU-053,2025-10-27,58.0,86.24,0,5001.92,Outdoor,Seating,35.59,86.24,2024-04-06
SKU-053,2025-11-03,45.0,86.24,0,3880.8,Outdoor,Seating,35.59,86.24,2024-04-06
SKU-053,2025-11-10,55.0,86.24,0,4743.2,Outdoor,Seating,35.59,86.24,2024-04-06
SKU-053,2025-11-17,46.0,86.24,0,3967.04,Outdoor,Seating,35.59,86.24,2024-04-06
SKU-053,2025-11-24,140.0,69.93833333333333,1,9851.43,Outdoor,Seating,35.59,86.24,2024-04-06
SKU-053,2025-12-01,44.0,86.24,0,3794.56,Outdoor,Seating,35.59,86.24,2024-04-06
SKU-053,2025-12-08,40.0,86.24,0,3449.6,Outdoor,Seating,35.59,86.24,2024-04-06
SKU-053,2025-12-15,17.0,75.33500000000001,1,1284.19,Outdoor,Seating,35.59,86.24,2024-04-06
SKU-053,2025-12-22,48.0,75.856,1,3554.48,Outdoor,Seating,35.59,86.24,2024-04-06
SKU-053,2025-12-29,33.0,78.6525,1,2520.3900000000003,Outdoor,Seating,35.59,86.24,2024-04-06
SKU-053,2026-01-05,20.0,86.24,0,1724.8,Outdoor,Seating,35.59,86.24,2024-04-06
SKU-053,2026-01-12,17.0,86.24,0,1466.08,Outdoor,Seating,35.59,86.24,2024-04-06
SKU-053,2026-01-19,32.0,86.24,0,2759.68,Outdoor,Seating,35.59,86.24,2024-04-06
SKU-053,2026-01-26,11.0,86.24,0,948.64,Outdoor,Seating,35.59,86.24,2024-04-06
SKU-053,2026-02-02,47.0,86.24,0,4053.2799999999997,Outdoor,Seating,35.59,86.24,2024-04-06
SKU-053,2026-02-09,22.0,86.24,0,1897.2800000000002,Outdoor,Seating,35.59,86.24,2024-04-06
SKU-053,2026-02-16,35.0,82.8775,1,2897.35,Outdoor,Seating,35.59,86.24,2024-04-06
SKU-053,2026-02-23,37.0,86.24,0,3190.88,Outdoor,Seating,35.59,86.24,2024-04-06
SKU-053,2026-03-02,69.0,86.24,0,5950.5599999999995,Outdoor,Seating,35.59,86.24,2024-04-06
SKU-053,2026-03-09,69.0,86.24,0,5950.5599999999995,Outdoor,Seating,35.59,86.24,2024-04-06
SKU-053,2026-03-16,44.0,71.22333333333334,1,3131.77,Outdoor,Seating,35.59,86.24,2024-04-06
SKU-053,2026-03-23,51.0,86.24,0,4398.24,Outdoor,Seating,35.59,86.24,2024-04-06
SKU-053,2026-03-30,64.0,86.24,0,5519.36,Outdoor,Seating,35.59,86.24,2024-04-06
SKU-053,2026-04-06,67.0,86.24,0,5778.08,Outdoor,Seating,35.59,86.24,2024-04-06
SKU-053,2026-04-13,53.0,86.24,0,4570.72,Outdoor,Seating,35.59,86.24,2024-04-06
SKU-053,2026-04-20,51.0,86.24,0,4398.24,Outdoor,Seating,35.59,86.24,2024-04-06
SKU-053,2026-04-27,68.0,86.24,0,5864.32,Outdoor,Seating,35.59,86.24,2024-04-06
SKU-053,2026-05-04,54.0,86.24,0,4656.959999999999,Outdoor,Seating,35.59,86.24,2024-04-06
SKU-053,2026-05-11,57.0,86.24,0,4915.679999999999,Outdoor,Seating,35.59,86.24,2024-04-06
SKU-053,2026-05-18,69.0,86.24,0,5950.5599999999995,Outdoor,Seating,35.59,86.24,2024-04-06
SKU-053,2026-05-25,42.0,81.08333333333333,1,3343.62,Outdoor,Seating,35.59,86.24,2024-04-06
SKU-053,2026-06-01,78.0,86.24,0,6726.719999999999,Outdoor,Seating,35.59,86.24,2024-04-06
SKU-053,2026-06-08,81.0,86.24,0,6985.44,Outdoor,Seating,35.59,86.24,2024-04-06
SKU-053,2026-06-15,93.0,86.24,0,8020.32,Outdoor,Seating,35.59,86.24,2024-04-06
SKU-053,2026-06-22,118.0,86.24,0,10176.32,Outdoor,Seating,35.59,86.24,2024-04-06
SKU-053,2026-06-29,135.0,76.145,1,10129.720000000001,Outdoor,Seating,35.59,86.24,2024-04-06
SKU-053,2026-07-06,98.0,83.06,1,7955.4400000000005,Outdoor,Seating,35.59,86.24,2024-04-06
SKU-053,2026-07-13,74.0,86.24,0,6381.76,Outdoor,Seating,35.59,86.24,2024-04-06
SKU-053,2026-07-20,105.0,86.24,0,9055.2,Outdoor,Seating,35.59,86.24,2024-04-06
SKU-053,2026-07-27,87.0,86.24,0,7502.879999999999,Outdoor,Seating,35.59,86.24,2024-04-06
SKU-053,2026-08-03,67.0,86.24,0,5778.08,Outdoor,Seating,35.59,86.24,2024-04-06
SKU-053,2026-08-10,115.0,71.175,1,8175.34,Outdoor,Seating,35.59,86.24,2024-04-06
SKU-053,2026-08-17,134.0,78.856,1,10291.0,Outdoor,Seating,35.59,86.24,2024-04-06
SKU-053,2026-08-24,62.0,86.24,0,5346.88,Outdoor,Seating,35.59,86.24,2024-04-06
SKU-053,2026-08-31,13.0,86.24,0,1121.12,Outdoor,Seating,35.59,86.24,2024-04-06
SKU-054,2025-03-31,18.0,217.3,0,3911.4,Outdoor,Seating,97.29,217.3,2025-03-31
SKU-054,2025-04-07,9.0,217.30000000000004,0,1955.6999999999998,Outdoor,Seating,97.29,217.3,2025-03-31
SKU-054,2025-04-14,2.0,217.3,0,434.6,Outdoor,Seating,97.29,217.3,2025-03-31
SKU-054,2025-04-21,16.0,217.30000000000004,0,3476.8,Outdoor,Seating,97.29,217.3,2025-03-31
SKU-054,2025-04-28,8.0,217.30000000000004,0,2824.9,Outdoor,Seating,97.29,217.3,2025-03-31
SKU-054,2025-05-05,10.0,217.3,0,2173.0,Outdoor,Seating,97.29,217.3,2025-03-31
SKU-054,2025-05-12,14.0,217.3,0,3042.2,Outdoor,Seating,97.29,217.3,2025-03-31
SKU-054,2025-05-19,16.0,210.62,1,3236.32,Outdoor,Seating,97.29,217.3,2025-03-31
SKU-054,2025-05-26,13.0,177.23666666666668,1,2342.85,Outdoor,Seating,97.29,217.3,2025-03-31
SKU-054,2025-06-02,20.0,217.3,0,4346.0,Outdoor,Seating,97.29,217.3,2025-03-31
SKU-054,2025-06-09,22.0,217.3,0,4780.6,Outdoor,Seating,97.29,217.3,2025-03-31
SKU-054,2025-06-16,21.0,217.3,0,4563.3,Outdoor,Seating,97.29,217.3,2025-03-31
SKU-054,2025-06-23,37.0,217.30000000000004,0,8040.1,Outdoor,Seating,97.29,217.3,2025-03-31
SKU-054,2025-06-30,20.0,181.67000000000002,1,3646.13,Outdoor,Seating,97.29,217.3,2025-03-31
SKU-054,2025-07-07,28.0,211.285,1,5867.86,Outdoor,Seating,97.29,217.3,2025-03-31
SKU-054,2025-07-14,10.0,217.3,0,2173.0,Outdoor,Seating,97.29,217.3,2025-03-31
SKU-054,2025-07-21,15.0,217.3,0,3259.5,Outdoor,Seating,97.29,217.3,2025-03-31
SKU-054,2025-07-28,8.0,217.30000000000004,0,1738.4,Outdoor,Seating,97.29,217.3,2025-03-31
SKU-054,2025-08-04,31.0,217.30000000000004,0,6736.299999999999,Outdoor,Seating,97.29,217.3,2025-03-31
SKU-054,2025-08-11,21.0,170.76749999999998,1,3539.16,Outdoor,Seating,97.29,217.3,2025-03-31
SKU-054,2025-08-18,50.0,203.95857142857145,1,10750.34,Outdoor,Seating,97.29,217.3,2025-03-31
SKU-054,2025-08-25,15.0,217.3,0,3259.5,Outdoor,Seating,97.29,217.3,2025-03-31
SKU-054,2025-09-01,15.0,210.72500000000002,1,3154.3,Outdoor,Seating,97.29,217.3,2025-03-31
SKU-054,2025-09-08,17.0,206.38750000000002,1,3257.6,Outdoor,Seating,97.29,217.3,2025-03-31
SKU-054,2025-09-15,15.0,217.3,0,3259.5,Outdoor,Seating,97.29,217.3,2025-03-31
SKU-054,2025-09-22,19.0,217.3,0,4128.7,Outdoor,Seating,97.29,217.3,2025-03-31
SKU-054,2025-09-29,15.0,217.30000000000004,0,3259.5,Outdoor,Seating,97.29,217.3,2025-03-31
SKU-054,2025-10-06,14.0,206.57833333333335,1,3315.8,Outdoor,Seating,97.29,217.3,2025-03-31
SKU-054,2025-10-13,12.0,192.785,1,2267.73,Outdoor,Seating,97.29,217.3,2025-03-31
SKU-054,2025-10-20,16.0,217.30000000000004,0,3476.8,Outdoor,Seating,97.29,217.3,2025-03-31
SKU-054,2025-10-27,19.0,217.30000000000004,0,4128.7,Outdoor,Seating,97.29,217.3,2025-03-31
SKU-054,2025-11-03,14.0,217.3,0,3042.2,Outdoor,Seating,97.29,217.3,2025-03-31
SKU-054,2025-11-10,14.0,217.30000000000004,0,3042.2,Outdoor,Seating,97.29,217.3,2025-03-31
SKU-054,2025-11-17,11.0,207.5725,1,2273.5699999999997,Outdoor,Seating,97.29,217.3,2025-03-31
SKU-054,2025-11-24,12.0,171.19,1,2139.38,Outdoor,Seating,97.29,217.3,2025-03-31
SKU-054,2025-12-01,5.0,217.30000000000004,0,1086.5,Outdoor,Seating,97.29,217.3,2025-03-31
SKU-054,2025-12-08,12.0,217.3,0,2607.6,Outdoor,Seating,97.29,217.3,2025-03-31
SKU-054,2025-12-15,14.0,183.65714285714284,1,2556.41,Outdoor,Seating,97.29,217.3,2025-03-31
SKU-054,2025-12-22,12.0,169.19,1,2018.82,Outdoor,Seating,97.29,217.3,2025-03-31
SKU-054,2025-12-29,12.0,208.632,1,2477.58,Outdoor,Seating,97.29,217.3,2025-03-31
SKU-054,2026-01-05,3.0,217.30000000000004,0,651.9000000000001,Outdoor,Seating,97.29,217.3,2025-03-31
SKU-054,2026-01-12,3.0,217.30000000000004,0,651.9000000000001,Outdoor,Seating,97.29,217.3,2025-03-31
SKU-054,2026-01-19,2.0,217.3,0,434.6,Outdoor,Seating,97.29,217.3,2025-03-31
SKU-054,2026-01-26,7.0,217.3,0,1521.1,Outdoor,Seating,97.29,217.3,2025-03-31
SKU-054,2026-02-02,2.0,217.3,0,434.6,Outdoor,Seating,97.29,217.3,2025-03-31
SKU-054,2026-02-09,4.0,217.30000000000004,0,869.2,Outdoor,Seating,97.29,217.3,2025-03-31
SKU-054,2026-02-16,5.0,205.99,1,1052.5700000000002,Outdoor,Seating,97.29,217.3,2025-03-31
SKU-054,2026-02-23,8.0,217.30000000000004,0,1738.4,Outdoor,Seating,97.29,217.3,2025-03-31
SKU-054,2026-03-02,16.0,217.3,0,3476.8,Outdoor,Seating,97.29,217.3,2025-03-31
SKU-054,2026-03-09,17.0,209.4316666666667,1,3410.84,Outdoor,Seating,97.29,217.3,2025-03-31
SKU-054,2026-03-16,23.0,180.958,1,4134.469999999999,Outdoor,Seating,97.29,217.3,2025-03-31
SKU-054,2026-03-23,10.0,217.3,0,2173.0,Outdoor,Seating,97.29,217.3,2025-03-31
SKU-054,2026-03-30,7.0,217.3,0,1521.1,Outdoor,Seating,97.29,217.3,2025-03-31
SKU-054,2026-04-06,13.0,217.3,0,2824.9,Outdoor,Seating,97.29,217.3,2025-03-31
SKU-054,2026-04-13,14.0,217.3,0,3042.2,Outdoor,Seating,97.29,217.3,2025-03-31
SKU-054,2026-04-20,12.0,217.3,0,2607.6,Outdoor,Seating,97.29,217.3,2025-03-31
SKU-054,2026-04-27,18.0,217.3,0,3911.4,Outdoor,Seating,97.29,217.3,2025-03-31
SKU-054,2026-05-04,12.0,217.3,0,2607.6,Outdoor,Seating,97.29,217.3,2025-03-31
SKU-054,2026-05-11,13.0,217.3,0,2824.9,Outdoor,Seating,97.29,217.3,2025-03-31
SKU-054,2026-05-18,12.0,217.30000000000004,0,2607.6,Outdoor,Seating,97.29,217.3,2025-03-31
SKU-054,2026-05-25,4.0,196.11,1,742.06,Outdoor,Seating,97.29,217.3,2025-03-31
SKU-054,2026-06-01,35.0,217.30000000000004,0,7605.5,Outdoor,Seating,97.29,217.3,2025-03-31
SKU-054,2026-06-08,8.0,217.30000000000004,0,1738.4,Outdoor,Seating,97.29,217.3,2025-03-31
SKU-054,2026-06-15,16.0,217.30000000000004,0,3476.8,Outdoor,Seating,97.29,217.3,2025-03-31
SKU-054,2026-06-22,14.0,217.30000000000004,0,3042.2,Outdoor,Seating,97.29,217.3,2025-03-31
SKU-054,2026-06-29,25.0,198.2375,1,4696.01,Outdoor,Seating,97.29,217.3,2025-03-31
SKU-054,2026-07-06,23.0,211.93,1,4917.35,Outdoor,Seating,97.29,217.3,2025-03-31
SKU-054,2026-07-13,31.0,217.3,0,6736.3,Outdoor,Seating,97.29,217.3,2025-03-31
SKU-054,2026-07-20,13.0,217.30000000000004,0,2824.9,Outdoor,Seating,97.29,217.3,2025-03-31
SKU-054,2026-07-27,20.0,217.3,0,4346.0,Outdoor,Seating,97.29,217.3,2025-03-31
SKU-054,2026-08-03,26.0,217.3,0,5649.8,Outdoor,Seating,97.29,217.3,2025-03-31
SKU-054,2026-08-17,40.0,194.26500000000001,1,7359.889999999999,Outdoor,Seating,97.29,217.3,2025-03-31
SKU-054,2026-08-24,32.0,217.30000000000004,0,6953.6,Outdoor,Seating,97.29,217.3,2025-03-31
SKU-054,2026-08-31,3.0,217.3,0,651.9,Outdoor,Seating,97.29,217.3,2025-03-31
SKU-055,2025-04-07,5.0,188.97,0,944.85,Outdoor,Lighting,93.48,188.97,2025-04-10
SKU-055,2025-04-14,7.0,188.97,0,1322.79,Outdoor,Lighting,93.48,188.97,2025-04-10
SKU-055,2025-04-21,6.0,188.97,0,1133.82,Outdoor,Lighting,93.48,188.97,2025-04-10
SKU-055,2025-04-28,4.0,188.97,0,755.88,Outdoor,Lighting,93.48,188.97,2025-04-10
SKU-055,2025-05-05,3.0,188.97,0,566.91,Outdoor,Lighting,93.48,188.97,2025-04-10
SKU-055,2025-05-12,10.0,188.97,0,1889.7,Outdoor,Lighting,93.48,188.97,2025-04-10
SKU-055,2025-05-19,9.0,184.24200000000002,1,1629.81,Outdoor,Lighting,93.48,188.97,2025-04-10
SKU-055,2025-05-26,11.0,168.79500000000002,1,1889.3600000000001,Outdoor,Lighting,93.48,188.97,2025-04-10
SKU-055,2025-06-02,17.0,188.97,0,3212.49,Outdoor,Lighting,93.48,188.97,2025-04-10
SKU-055,2025-06-09,12.0,188.97,0,2267.64,Outdoor,Lighting,93.48,188.97,2025-04-10
SKU-055,2025-06-16,8.0,188.97,0,1511.76,Outdoor,Lighting,93.48,188.97,2025-04-10
SKU-055,2025-06-23,16.0,188.97,0,3023.52,Outdoor,Lighting,93.48,188.97,2025-04-10
SKU-055,2025-06-30,16.0,165.792,1,2606.7,Outdoor,Lighting,93.48,188.97,2025-04-10
SKU-055,2025-07-07,10.0,179.68,1,1796.8000000000002,Outdoor,Lighting,93.48,188.97,2025-04-10
SKU-055,2025-07-14,14.0,188.97,0,2645.58,Outdoor,Lighting,93.48,188.97,2025-04-10
SKU-055,2025-07-21,13.0,188.97,0,2456.6099999999997,Outdoor,Lighting,93.48,188.97,2025-04-10
SKU-055,2025-07-28,7.0,188.97,0,1322.79,Outdoor,Lighting,93.48,188.97,2025-04-10
SKU-055,2025-08-04,23.0,182.92333333333332,1,4092.35,Outdoor,Lighting,93.48,188.97,2025-04-10
SKU-055,2025-08-11,27.0,147.524,1,4035.18,Outdoor,Lighting,93.48,188.97,2025-04-10
SKU-055,2025-08-18,12.0,173.49,1,2104.05,Outdoor,Lighting,93.48,188.97,2025-04-10
SKU-055,2025-08-25,3.0,188.97,0,566.91,Outdoor,Lighting,93.48,188.97,2025-04-10
SKU-055,2025-09-01,6.0,151.04500000000002,1,906.27,Outdoor,Lighting,93.48,188.97,2025-04-10
SKU-055,2025-09-08,17.0,184.60666666666665,1,3133.95,Outdoor,Lighting,93.48,188.97,2025-04-10
SKU-055,2025-09-15,9.0,188.97,0,1700.73,Outdoor,Lighting,93.48,188.97,2025-04-10
SKU-055,2025-09-22,3.0,188.97,0,566.91,Outdoor,Lighting,93.48,188.97,2025-04-10
SKU-055,2025-09-29,10.0,188.97,0,1889.7,Outdoor,Lighting,93.48,188.97,2025-04-10
SKU-055,2025-10-06,5.0,170.11333333333334,1,861.71,Outdoor,Lighting,93.48,188.97,2025-04-10
SKU-055,2025-10-13,8.0,180.71666666666667,1,1437.48,Outdoor,Lighting,93.48,188.97,2025-04-10
SKU-055,2025-10-20,14.0,188.97,0,2645.58,Outdoor,Lighting,93.48,188.97,2025-04-10
SKU-055,2025-10-27,11.0,188.97,0,2078.67,Outdoor,Lighting,93.48,188.97,2025-04-10
SKU-055,2025-11-03,9.0,188.97,0,1700.73,Outdoor,Lighting,93.48,188.97,2025-04-10
SKU-055,2025-11-10,13.0,188.97,0,2456.6099999999997,Outdoor,Lighting,93.48,188.97,2025-04-10
SKU-055,2025-11-17,14.0,185.51714285714283,1,2573.07,Outdoor,Lighting,93.48,188.97,2025-04-10
SKU-055,2025-11-24,6.0,153.695,1,1354.65,Outdoor,Lighting,93.48,188.97,2025-04-10
SKU-055,2025-12-01,7.0,188.97,0,1322.79,Outdoor,Lighting,93.48,188.97,2025-04-10
SKU-055,2025-12-08,4.0,188.97,0,755.88,Outdoor,Lighting,93.48,188.97,2025-04-10
SKU-055,2025-12-15,5.0,153.59333333333333,1,777.3599999999999,Outdoor,Lighting,93.48,188.97,2025-04-10
SKU-055,2025-12-22,5.0,181.05666666666664,1,921.1099999999999,Outdoor,Lighting,93.48,188.97,2025-04-10
SKU-055,2025-12-29,1.0,188.97,0,188.97,Outdoor,Lighting,93.48,188.97,2025-04-10
SKU-055,2026-01-05,4.0,188.97,0,755.88,Outdoor,Lighting,93.48,188.97,2025-04-10
SKU-055,2026-01-12,5.0,188.97,0,944.85,Outdoor,Lighting,93.48,188.97,2025-04-10
SKU-055,2026-01-19,7.0,188.97,0,1322.79,Outdoor,Lighting,93.48,188.97,2025-04-10
SKU-055,2026-01-26,6.0,188.97,0,1133.82,Outdoor,Lighting,93.48,188.97,2025-04-10
SKU-055,2026-02-02,1.0,188.97,0,566.91,Outdoor,Lighting,93.48,188.97,2025-04-10
SKU-055,2026-02-09,4.0,188.97,0,755.88,Outdoor,Lighting,93.48,188.97,2025-04-10
SKU-055,2026-02-16,3.0,188.97,0,566.91,Outdoor,Lighting,93.48,188.97,2025-04-10
SKU-055,2026-02-23,4.0,188.97,0,755.88,Outdoor,Lighting,93.48,188.97,2025-04-10
SKU-055,2026-03-02,3.0,188.97,0,566.91,Outdoor,Lighting,93.48,188.97,2025-04-10
SKU-055,2026-03-09,9.0,188.97,0,1700.73,Outdoor,Lighting,93.48,188.97,2025-04-10
SKU-055,2026-03-16,20.0,164.835,1,3259.8599999999997,Outdoor,Lighting,93.48,188.97,2025-04-10
SKU-055,2026-03-23,10.0,188.97,0,1889.6999999999998,Outdoor,Lighting,93.48,188.97,2025-04-10
SKU-055,2026-03-30,7.0,188.97,0,1322.79,Outdoor,Lighting,93.48,188.97,2025-04-10
SKU-055,2026-04-06,6.0,188.97,0,1133.82,Outdoor,Lighting,93.48,188.97,2025-04-10
SKU-055,2026-04-13,13.0,188.97,0,2456.61,Outdoor,Lighting,93.48,188.97,2025-04-10
SKU-055,2026-04-20,5.0,188.97,0,944.85,Outdoor,Lighting,93.48,188.97,2025-04-10
SKU-055,2026-04-27,13.0,188.97,0,2456.61,Outdoor,Lighting,93.48,188.97,2025-04-10
SKU-055,2026-05-04,7.0,188.97,0,1322.79,Outdoor,Lighting,93.48,188.97,2025-04-10
SKU-055,2026-05-11,8.0,188.97,0,1511.76,Outdoor,Lighting,93.48,188.97,2025-04-10
SKU-055,2026-05-18,9.0,188.97,0,1700.73,Outdoor,Lighting,93.48,188.97,2025-04-10
SKU-055,2026-05-25,12.0,180.7175,1,2201.62,Outdoor,Lighting,93.48,188.97,2025-04-10
SKU-055,2026-06-01,11.0,188.97,0,2078.67,Outdoor,Lighting,93.48,188.97,2025-04-10
SKU-055,2026-06-08,16.0,188.97,0,3023.52,Outdoor,Lighting,93.48,188.97,2025-04-10
SKU-055,2026-06-15,15.0,188.97,0,2834.55,Outdoor,Lighting,93.48,188.97,2025-04-10
SKU-055,2026-06-22,12.0,188.97,0,2267.64,Outdoor,Lighting,93.48,188.97,2025-04-10
SKU-055,2026-06-29,24.0,166.00428571428571,1,3848.62,Outdoor,Lighting,93.48,188.97,2025-04-10
SKU-055,2026-07-06,13.0,173.92666666666665,1,2185.83,Outdoor,Lighting,93.48,188.97,2025-04-10
SKU-055,2026-07-13,10.0,188.97,0,1889.7,Outdoor,Lighting,93.48,188.97,2025-04-10
SKU-055,2026-07-20,21.0,188.97,0,3968.37,Outdoor,Lighting,93.48,188.97,2025-04-10
SKU-055,2026-07-27,2.0,188.97,0,755.88,Outdoor,Lighting,93.48,188.97,2025-04-10
SKU-055,2026-08-03,11.0,188.97,0,2078.67,Outdoor,Lighting,93.48,188.97,2025-04-10
SKU-055,2026-08-10,28.0,157.50333333333333,1,4282.38,Outdoor,Lighting,93.48,188.97,2025-04-10
SKU-055,2026-08-17,21.0,164.33333333333334,1,3488.41,Outdoor,Lighting,93.48,188.97,2025-04-10
SKU-055,2026-08-24,22.0,188.97,0,4157.34,Outdoor,Lighting,93.48,188.97,2025-04-10
SKU-055,2026-08-31,1.0,188.97,0,188.97,Outdoor,Lighting,93.48,188.97,2025-04-10
SKU-056,2024-01-01,5.0,188.61666666666667,1,914.23,Outdoor,Lighting,107.06,216.25,2023-02-23
SKU-056,2024-01-08,3.0,216.25,0,648.75,Outdoor,Lighting,107.06,216.25,2023-02-23
SKU-056,2024-01-15,2.0,216.25,0,432.5,Outdoor,Lighting,107.06,216.25,2023-02-23
SKU-056,2024-01-22,3.0,216.25,0,648.75,Outdoor,Lighting,107.06,216.25,2023-02-23
SKU-056,2024-02-05,6.0,216.25,0,1297.5,Outdoor,Lighting,107.06,216.25,2023-02-23
SKU-056,2024-02-12,2.0,195.59333333333333,1,370.53,Outdoor,Lighting,107.06,216.25,2023-02-23
SKU-056,2024-02-19,1.0,216.25,0,216.25,Outdoor,Lighting,107.06,216.25,2023-02-23
SKU-056,2024-02-26,2.0,216.25,0,648.75,Outdoor,Lighting,107.06,216.25,2023-02-23
SKU-056,2024-03-04,3.0,216.25,0,648.75,Outdoor,Lighting,107.06,216.25,2023-02-23
SKU-056,2024-03-11,5.0,186.785,1,914.17,Outdoor,Lighting,107.06,216.25,2023-02-23
SKU-056,2024-03-18,1.0,194.15333333333334,1,174.51,Outdoor,Lighting,107.06,216.25,2023-02-23
SKU-056,2024-03-25,3.0,216.25,0,648.75,Outdoor,Lighting,107.06,216.25,2023-02-23
SKU-056,2024-04-01,1.0,216.25,0,216.25,Outdoor,Lighting,107.06,216.25,2023-02-23
SKU-056,2024-04-08,2.0,216.25,0,432.5,Outdoor,Lighting,107.06,216.25,2023-02-23
SKU-056,2024-04-15,4.0,216.25,0,865.0,Outdoor,Lighting,107.06,216.25,2023-02-23
SKU-056,2024-04-22,6.0,216.25,0,1297.5,Outdoor,Lighting,107.06,216.25,2023-02-23
SKU-056,2024-04-29,6.0,216.25,0,1297.5,Outdoor,Lighting,107.06,216.25,2023-02-23
SKU-056,2024-05-06,3.0,216.25,0,648.75,Outdoor,Lighting,107.06,216.25,2023-02-23
SKU-056,2024-05-13,6.0,216.25,0,1297.5,Outdoor,Lighting,107.06,216.25,2023-02-23
SKU-056,2024-05-20,1.0,216.25,0,216.25,Outdoor,Lighting,107.06,216.25,2023-02-23
SKU-056,2024-05-27,8.0,208.065,1,1566.3,Outdoor,Lighting,107.06,216.25,2023-02-23
SKU-056,2024-06-03,3.0,216.25,0,648.75,Outdoor,Lighting,107.06,216.25,2023-02-23
SKU-056,2024-06-10,8.0,216.25,0,1730.0,Outdoor,Lighting,107.06,216.25,2023-02-23
SKU-056,2024-06-17,4.0,216.25,0,865.0,Outdoor,Lighting,107.06,216.25,2023-02-23
SKU-056,2024-06-24,8.0,216.25,0,1730.0,Outdoor,Lighting,107.06,216.25,2023-02-23
SKU-056,2024-07-01,9.0,172.9433333333333,1,1570.99,Outdoor,Lighting,107.06,216.25,2023-02-23
SKU-056,2024-07-08,11.0,216.25,0,2378.75,Outdoor,Lighting,107.06,216.25,2023-02-23
SKU-056,2024-07-15,3.0,216.25,0,648.75,Outdoor,Lighting,107.06,216.25,2023-02-23
SKU-056,2024-07-22,4.0,216.25,0,865.0,Outdoor,Lighting,107.06,216.25,2023-02-23
SKU-056,2024-07-29,12.0,216.25,0,2595.0,Outdoor,Lighting,107.06,216.25,2023-02-23
SKU-056,2024-08-05,12.0,205.97200000000004,1,2389.44,Outdoor,Lighting,107.06,216.25,2023-02-23
SKU-056,2024-08-12,10.0,181.07999999999998,1,1797.83,Outdoor,Lighting,107.06,216.25,2023-02-23
SKU-056,2024-08-19,10.0,202.49833333333333,1,1965.84,Outdoor,Lighting,107.06,216.25,2023-02-23
SKU-056,2024-08-26,9.0,209.72799999999998,1,1913.6399999999999,Outdoor,Lighting,107.06,216.25,2023-02-23
SKU-056,2024-09-02,2.0,178.755,1,357.51,Outdoor,Lighting,107.06,216.25,2023-02-23
SKU-056,2024-09-09,8.0,209.32500000000002,1,1688.45,Outdoor,Lighting,107.06,216.25,2023-02-23
SKU-056,2024-09-16,3.0,216.25,0,648.75,Outdoor,Lighting,107.06,216.25,2023-02-23
SKU-056,2024-09-23,1.0,216.25,0,216.25,Outdoor,Lighting,107.06,216.25,2023-02-23
SKU-056,2024-09-30,1.0,216.25,0,216.25,Outdoor,Lighting,107.06,216.25,2023-02-23
SKU-056,2024-10-07,8.0,197.7425,1,1507.9099999999999,Outdoor,Lighting,107.06,216.25,2023-02-23
SKU-056,2024-10-14,3.0,184.185,1,545.53,Outdoor,Lighting,107.06,216.25,2023-02-23
SKU-056,2024-10-21,5.0,216.25,0,1081.25,Outdoor,Lighting,107.06,216.25,2023-02-23
SKU-056,2024-10-28,5.0,216.25,0,1081.25,Outdoor,Lighting,107.06,216.25,2023-02-23
SKU-056,2024-11-04,7.0,216.25,0,1730.0,Outdoor,Lighting,107.06,216.25,2023-02-23
SKU-056,2024-11-18,9.0,198.2825,1,1771.42,Outdoor,Lighting,107.06,216.25,2023-02-23
SKU-056,2024-11-25,11.0,176.96,1,1956.24,Outdoor,Lighting,107.06,216.25,2023-02-23
SKU-056,2024-12-02,3.0,216.25,0,648.75,Outdoor,Lighting,107.06,216.25,2023-02-23
SKU-056,2024-12-09,3.0,199.6966666666667,1,648.75,Outdoor,Lighting,107.06,216.25,2023-02-23
SKU-056,2024-12-16,5.0,170.20333333333335,1,865.57,Outdoor,Lighting,107.06,216.25,2023-02-23
SKU-056,2024-12-23,5.0,207.91333333333333,1,1031.23,Outdoor,Lighting,107.06,216.25,2023-02-23
SKU-056,2024-12-30,2.0,216.25,0,432.5,Outdoor,Lighting,107.06,216.25,2023-02-23
SKU-056,2025-01-06,2.0,216.25,0,432.5,Outdoor,Lighting,107.06,216.25,2023-02-23
SKU-056,2025-01-13,5.0,216.25,0,1081.25,Outdoor,Lighting,107.06,216.25,2023-02-23
SKU-056,2025-01-20,1.0,216.25,0,216.25,Outdoor,Lighting,107.06,216.25,2023-02-23
SKU-056,2025-01-27,3.0,216.25,0,648.75,Outdoor,Lighting,107.06,216.25,2023-02-23
SKU-056,2025-02-03,3.0,216.25,0,648.75,Outdoor,Lighting,107.06,216.25,2023-02-23
SKU-056,2025-02-17,3.0,202.93,1,622.11,Outdoor,Lighting,107.06,216.25,2023-02-23
SKU-056,2025-02-24,5.0,216.25,0,1081.25,Outdoor,Lighting,107.06,216.25,2023-02-23
SKU-056,2025-03-03,4.0,216.25,0,865.0,Outdoor,Lighting,107.06,216.25,2023-02-23
SKU-056,2025-03-10,7.0,193.45666666666668,1,1308.6100000000001,Outdoor,Lighting,107.06,216.25,2023-02-23
SKU-056,2025-03-17,8.0,187.902,1,1500.14,Outdoor,Lighting,107.06,216.25,2023-02-23
SKU-056,2025-03-24,2.0,216.25,0,432.5,Outdoor,Lighting,107.06,216.25,2023-02-23
SKU-056,2025-03-31,6.0,216.25,0,1297.5,Outdoor,Lighting,107.06,216.25,2023-02-23
SKU-056,2025-04-07,3.0,216.25,0,648.75,Outdoor,Lighting,107.06,216.25,2023-02-23
SKU-056,2025-04-14,4.0,216.25,0,865.0,Outdoor,Lighting,107.06,216.25,2023-02-23
SKU-056,2025-04-21,5.0,216.25,0,1081.25,Outdoor,Lighting,107.06,216.25,2023-02-23
SKU-056,2025-04-28,1.0,216.25,0,216.25,Outdoor,Lighting,107.06,216.25,2023-02-23
SKU-056,2025-05-05,5.0,216.25,0,1081.25,Outdoor,Lighting,107.06,216.25,2023-02-23
SKU-056,2025-05-12,4.0,216.25,0,865.0,Outdoor,Lighting,107.06,216.25,2023-02-23
SKU-056,2025-05-19,4.0,190.815,1,814.13,Outdoor,Lighting,107.06,216.25,2023-02-23
SKU-056,2025-05-26,8.0,184.88,1,1507.64,Outdoor,Lighting,107.06,216.25,2023-02-23
SKU-056,2025-06-02,6.0,216.25,0,1297.5,Outdoor,Lighting,107.06,216.25,2023-02-23
SKU-056,2025-06-09,5.0,216.25,0,1081.25,Outdoor,Lighting,107.06,216.25,2023-02-23
SKU-056,2025-06-16,3.0,216.25,0,1297.5,Outdoor,Lighting,107.06,216.25,2023-02-23
SKU-056,2025-06-23,2.0,216.25,0,432.5,Outdoor,Lighting,107.06,216.25,2023-02-23
SKU-056,2025-06-30,11.0,183.068,1,2034.8,Outdoor,Lighting,107.06,216.25,2023-02-23
SKU-056,2025-07-07,7.0,209.495,1,1405.67,Outdoor,Lighting,107.06,216.25,2023-02-23
SKU-056,2025-07-14,13.0,216.25,0,2811.25,Outdoor,Lighting,107.06,216.25,2023-02-23
SKU-056,2025-07-21,3.0,216.25,0,648.75,Outdoor,Lighting,107.06,216.25,2023-02-23
SKU-056,2025-07-28,2.0,216.25,0,432.5,Outdoor,Lighting,107.06,216.25,2023-02-23
SKU-056,2025-08-04,4.0,216.25,0,865.0,Outdoor,Lighting,107.06,216.25,2023-02-23
SKU-056,2025-08-11,14.0,172.60399999999998,1,2425.6,Outdoor,Lighting,107.06,216.25,2023-02-23
SKU-056,2025-08-18,15.0,196.11333333333334,1,2866.05,Outdoor,Lighting,107.06,216.25,2023-02-23
SKU-056,2025-08-25,9.0,216.25,0,1946.25,Outdoor,Lighting,107.06,216.25,2023-02-23
SKU-056,2025-09-01,8.0,205.72833333333332,1,2272.26,Outdoor,Lighting,107.06,216.25,2023-02-23
SKU-056,2025-09-08,5.0,216.25,0,1081.25,Outdoor,Lighting,107.06,216.25,2023-02-23
SKU-056,2025-09-15,3.0,216.25,0,648.75,Outdoor,Lighting,107.06,216.25,2023-02-23
SKU-056,2025-09-22,5.0,216.25,0,1081.25,Outdoor,Lighting,107.06,216.25,2023-02-23
SKU-056,2025-09-29,7.0,216.25,0,1513.75,Outdoor,Lighting,107.06,216.25,2023-02-23
SKU-056,2025-10-06,5.0,210.6175,1,1058.72,Outdoor,Lighting,107.06,216.25,2023-02-23
SKU-056,2025-10-13,8.0,187.78199999999998,1,1486.24,Outdoor,Lighting,107.06,216.25,2023-02-23
SKU-056,2025-10-20,2.0,216.25,0,432.5,Outdoor,Lighting,107.06,216.25,2023-02-23
SKU-056,2025-10-27,7.0,216.25,0,1513.75,Outdoor,Lighting,107.06,216.25,2023-02-23
SKU-056,2025-11-03,3.0,216.25,0,1081.25,Outdoor,Lighting,107.06,216.25,2023-02-23
SKU-056,2025-11-10,4.0,216.25,0,865.0,Outdoor,Lighting,107.06,216.25,2023-02-23
SKU-056,2025-11-17,1.0,216.25,0,216.25,Outdoor,Lighting,107.06,216.25,2023-02-23
SKU-056,2025-11-24,3.0,189.445,1,565.24,Outdoor,Lighting,107.06,216.25,2023-02-23
SKU-056,2025-12-01,1.0,216.25,0,216.25,Outdoor,Lighting,107.06,216.25,2023-02-23
SKU-056,2025-12-08,0.0,216.25,0,0.0,Outdoor,Lighting,107.06,216.25,2023-02-23
SKU-056,2025-12-15,2.0,183.72000000000003,1,383.45000000000005,Outdoor,Lighting,107.06,216.25,2023-02-23
SKU-056,2025-12-22,3.0,180.13,1,549.5,Outdoor,Lighting,107.06,216.25,2023-02-23
SKU-056,2025-12-29,4.0,170.54000000000002,1,680.14,Outdoor,Lighting,107.06,216.25,2023-02-23
SKU-056,2026-01-05,3.0,216.25,0,648.75,Outdoor,Lighting,107.06,216.25,2023-02-23
SKU-056,2026-01-12,1.0,216.25,0,216.25,Outdoor,Lighting,107.06,216.25,2023-02-23
SKU-056,2026-01-19,3.0,216.25,0,648.75,Outdoor,Lighting,107.06,216.25,2023-02-23
SKU-056,2026-01-26,2.0,216.25,0,432.5,Outdoor,Lighting,107.06,216.25,2023-02-23
SKU-056,2026-02-02,6.0,216.25,0,1297.5,Outdoor,Lighting,107.06,216.25,2023-02-23
SKU-056,2026-02-09,2.0,216.25,0,432.5,Outdoor,Lighting,107.06,216.25,2023-02-23
SKU-056,2026-02-16,2.0,172.685,1,345.37,Outdoor,Lighting,107.06,216.25,2023-02-23
SKU-056,2026-02-23,3.0,216.25,0,648.75,Outdoor,Lighting,107.06,216.25,2023-02-23
SKU-056,2026-03-02,7.0,216.25,0,1513.75,Outdoor,Lighting,107.06,216.25,2023-02-23
SKU-056,2026-03-09,1.0,216.25,0,216.25,Outdoor,Lighting,107.06,216.25,2023-02-23
SKU-056,2026-03-16,7.0,183.6125,1,1251.98,Outdoor,Lighting,107.06,216.25,2023-02-23
SKU-056,2026-03-23,6.0,216.25,0,1297.5,Outdoor,Lighting,107.06,216.25,2023-02-23
SKU-056,2026-03-30,1.0,216.25,0,216.25,Outdoor,Lighting,107.06,216.25,2023-02-23
SKU-056,2026-04-06,7.0,216.25,0,1513.75,Outdoor,Lighting,107.06,216.25,2023-02-23
SKU-056,2026-04-13,5.0,216.25,0,1081.25,Outdoor,Lighting,107.06,216.25,2023-02-23
SKU-056,2026-04-20,3.0,216.25,0,648.75,Outdoor,Lighting,107.06,216.25,2023-02-23
SKU-056,2026-04-27,2.0,216.25,0,432.5,Outdoor,Lighting,107.06,216.25,2023-02-23
SKU-056,2026-05-04,2.0,216.25,0,432.5,Outdoor,Lighting,107.06,216.25,2023-02-23
SKU-056,2026-05-11,1.0,216.25,0,216.25,Outdoor,Lighting,107.06,216.25,2023-02-23
SKU-056,2026-05-18,5.0,203.365,1,978.1700000000001,Outdoor,Lighting,107.06,216.25,2023-02-23
SKU-056,2026-05-25,2.0,207.72,1,830.88,Outdoor,Lighting,107.06,216.25,2023-02-23
SKU-056,2026-06-01,3.0,216.25,0,648.75,Outdoor,Lighting,107.06,216.25,2023-02-23
SKU-056,2026-06-08,3.0,216.25,0,648.75,Outdoor,Lighting,107.06,216.25,2023-02-23
SKU-056,2026-06-15,9.0,216.25,0,1946.25,Outdoor,Lighting,107.06,216.25,2023-02-23
SKU-056,2026-06-22,9.0,216.25,0,1946.25,Outdoor,Lighting,107.06,216.25,2023-02-23
SKU-056,2026-06-29,12.0,182.98333333333335,1,2223.57,Outdoor,Lighting,107.06,216.25,2023-02-23
SKU-056,2026-07-06,6.0,202.17666666666665,1,1213.06,Outdoor,Lighting,107.06,216.25,2023-02-23
SKU-056,2026-07-13,8.0,216.25,0,1730.0,Outdoor,Lighting,107.06,216.25,2023-02-23
SKU-056,2026-07-20,2.0,216.25,0,432.5,Outdoor,Lighting,107.06,216.25,2023-02-23
SKU-056,2026-07-27,2.0,216.25,0,432.5,Outdoor,Lighting,107.06,216.25,2023-02-23
SKU-056,2026-08-03,4.0,216.25,0,1081.25,Outdoor,Lighting,107.06,216.25,2023-02-23
SKU-056,2026-08-10,12.0,183.16,1,2923.75,Outdoor,Lighting,107.06,216.25,2023-02-23
SKU-056,2026-08-17,14.0,190.82000000000002,1,2610.2,Outdoor,Lighting,107.06,216.25,2023-02-23
SKU-056,2026-08-24,8.0,216.25,0,1730.0,Outdoor,Lighting,107.06,216.25,2023-02-23
SKU-057,2024-03-18,9.0,79.91000000000001,1,719.19,Outdoor,Lighting,37.01,83.34,2024-03-21
SKU-057,2024-03-25,15.0,83.34,0,1250.1000000000001,Outdoor,Lighting,37.01,83.34,2024-03-21
SKU-057,2024-04-01,12.0,83.34,0,1000.08,Outdoor,Lighting,37.01,83.34,2024-03-21
SKU-057,2024-04-08,12.0,83.34,0,1000.08,Outdoor,Lighting,37.01,83.34,2024-03-21
SKU-057,2024-04-15,10.0,83.34,0,833.4000000000001,Outdoor,Lighting,37.01,83.34,2024-03-21
SKU-057,2024-04-22,12.0,83.34,0,1083.42,Outdoor,Lighting,37.01,83.34,2024-03-21
SKU-057,2024-04-29,9.0,83.34,0,750.06,Outdoor,Lighting,37.01,83.34,2024-03-21
SKU-057,2024-05-06,6.0,83.34,0,500.04,Outdoor,Lighting,37.01,83.34,2024-03-21
SKU-057,2024-05-13,12.0,83.34,0,1000.08,Outdoor,Lighting,37.01,83.34,2024-03-21
SKU-057,2024-05-20,11.0,80.752,1,890.86,Outdoor,Lighting,37.01,83.34,2024-03-21
SKU-057,2024-05-27,22.0,80.51,1,1774.05,Outdoor,Lighting,37.01,83.34,2024-03-21
SKU-057,2024-06-03,17.0,83.34,0,1416.7800000000002,Outdoor,Lighting,37.01,83.34,2024-03-21
SKU-057,2024-06-10,26.0,83.34,0,2166.84,Outdoor,Lighting,37.01,83.34,2024-03-21
SKU-057,2024-06-17,25.0,83.34,0,2083.5,Outdoor,Lighting,37.01,83.34,2024-03-21
SKU-057,2024-06-24,22.0,83.34,0,1833.48,Outdoor,Lighting,37.01,83.34,2024-03-21
SKU-057,2024-07-01,29.0,69.56800000000001,1,2020.16,Outdoor,Lighting,37.01,83.34,2024-03-21
SKU-057,2024-07-08,16.0,83.34,0,1333.44,Outdoor,Lighting,37.01,83.34,2024-03-21
SKU-057,2024-07-15,15.0,83.34,0,1666.8000000000002,Outdoor,Lighting,37.01,83.34,2024-03-21
SKU-057,2024-07-22,10.0,83.34,0,833.4,Outdoor,Lighting,37.01,83.34,2024-03-21
SKU-057,2024-07-29,14.0,83.34,0,1166.76,Outdoor,Lighting,37.01,83.34,2024-03-21
SKU-057,2024-08-05,19.0,80.56,1,1472.26,Outdoor,Lighting,37.01,83.34,2024-03-21
SKU-057,2024-08-12,24.0,68.5,1,1639.92,Outdoor,Lighting,37.01,83.34,2024-03-21
SKU-057,2024-08-19,15.0,81.436,1,1240.58,Outdoor,Lighting,37.01,83.34,2024-03-21
SKU-057,2024-08-26,22.0,80.542,1,2027.54,Outdoor,Lighting,37.01,83.34,2024-03-21
SKU-057,2024-09-02,14.0,76.39500000000001,1,1001.44,Outdoor,Lighting,37.01,83.34,2024-03-21
SKU-057,2024-09-09,20.0,79.176,1,1541.88,Outdoor,Lighting,37.01,83.34,2024-03-21
SKU-057,2024-09-16,10.0,83.34,0,833.4000000000001,Outdoor,Lighting,37.01,83.34,2024-03-21
SKU-057,2024-09-23,20.0,83.34,0,1666.8,Outdoor,Lighting,37.01,83.34,2024-03-21
SKU-057,2024-09-30,18.0,83.34,0,1500.12,Outdoor,Lighting,37.01,83.34,2024-03-21
SKU-057,2024-10-07,19.0,77.8,1,1440.19,Outdoor,Lighting,37.01,83.34,2024-03-21
SKU-057,2024-10-14,24.0,78.175,1,1827.21,Outdoor,Lighting,37.01,83.34,2024-03-21
SKU-057,2024-10-21,16.0,83.34,0,1333.44,Outdoor,Lighting,37.01,83.34,2024-03-21
SKU-057,2024-10-28,16.0,83.34,0,1333.44,Outdoor,Lighting,37.01,83.34,2024-03-21
SKU-057,2024-11-04,11.0,83.34,0,916.74,Outdoor,Lighting,37.01,83.34,2024-03-21
SKU-057,2024-11-11,16.0,83.34,0,1333.44,Outdoor,Lighting,37.01,83.34,2024-03-21
SKU-057,2024-11-18,14.0,80.838,1,1104.21,Outdoor,Lighting,37.01,83.34,2024-03-21
SKU-057,2024-11-25,13.0,64.86666666666666,1,841.74,Outdoor,Lighting,37.01,83.34,2024-03-21
SKU-057,2024-12-02,6.0,83.34,0,500.04,Outdoor,Lighting,37.01,83.34,2024-03-21
SKU-057,2024-12-09,7.0,79.985,1,556.54,Outdoor,Lighting,37.01,83.34,2024-03-21
SKU-057,2024-12-16,8.0,72.89750000000001,1,583.1800000000001,Outdoor,Lighting,37.01,83.34,2024-03-21
SKU-057,2024-12-23,9.0,76.20750000000001,1,662.62,Outdoor,Lighting,37.01,83.34,2024-03-21
SKU-057,2024-12-30,13.0,73.854,1,951.27,Outdoor,Lighting,37.01,83.34,2024-03-21
SKU-057,2025-01-06,6.0,83.34,0,500.04,Outdoor,Lighting,37.01,83.34,2024-03-21
SKU-057,2025-01-13,1.0,83.34,0,83.34,Outdoor,Lighting,37.01,83.34,2024-03-21
SKU-057,2025-01-20,5.0,83.34,0,416.70000000000005,Outdoor,Lighting,37.01,83.34,2024-03-21
SKU-057,2025-01-27,6.0,83.34,0,500.04,Outdoor,Lighting,37.01,83.34,2024-03-21
SKU-057,2025-02-03,10.0,83.34,0,833.4,Outdoor,Lighting,37.01,83.34,2024-03-21
SKU-057,2025-02-10,7.0,83.34,0,583.38,Outdoor,Lighting,37.01,83.34,2024-03-21
SKU-057,2025-02-17,2.0,83.34,0,250.02,Outdoor,Lighting,37.01,83.34,2024-03-21
SKU-057,2025-02-24,13.0,83.34,0,1083.42,Outdoor,Lighting,37.01,83.34,2024-03-21
SKU-057,2025-03-03,11.0,83.34,0,916.74,Outdoor,Lighting,37.01,83.34,2024-03-21
SKU-057,2025-03-10,7.0,80.72200000000001,1,723.88,Outdoor,Lighting,37.01,83.34,2024-03-21
SKU-057,2025-03-17,7.0,70.065,1,479.97,Outdoor,Lighting,37.01,83.34,2024-03-21
SKU-057,2025-03-24,9.0,83.34,0,750.0600000000001,Outdoor,Lighting,37.01,83.34,2024-03-21
SKU-057,2025-03-31,19.0,83.34,0,1583.46,Outdoor,Lighting,37.01,83.34,2024-03-21
SKU-057,2025-04-07,12.0,83.34,0,1250.1,Outdoor,Lighting,37.01,83.34,2024-03-21
SKU-057,2025-04-14,11.0,83.34,0,916.74,Outdoor,Lighting,37.01,83.34,2024-03-21
SKU-057,2025-04-21,16.0,83.34,0,1333.44,Outdoor,Lighting,37.01,83.34,2024-03-21
SKU-057,2025-04-28,8.0,83.34,0,666.72,Outdoor,Lighting,37.01,83.34,2024-03-21
SKU-057,2025-05-05,14.0,83.34,0,1166.76,Outdoor,Lighting,37.01,83.34,2024-03-21
SKU-057,2025-05-12,24.0,83.34,0,2000.16,Outdoor,Lighting,37.01,83.34,2024-03-21
SKU-057,2025-05-19,13.0,81.43285714285715,1,1043.3700000000001,Outdoor,Lighting,37.01,83.34,2024-03-21
SKU-057,2025-05-26,9.0,74.63333333333334,1,686.34,Outdoor,Lighting,37.01,83.34,2024-03-21
SKU-057,2025-06-02,24.0,83.34,0,2000.1599999999999,Outdoor,Lighting,37.01,83.34,2024-03-21
SKU-057,2025-06-09,11.0,83.34,0,916.74,Outdoor,Lighting,37.01,83.34,2024-03-21
SKU-057,2025-06-16,16.0,83.34,0,1333.44,Outdoor,Lighting,37.01,83.34,2024-03-21
SKU-057,2025-06-23,13.0,83.34,0,1083.42,Outdoor,Lighting,37.01,83.34,2024-03-21
SKU-057,2025-06-30,29.0,70.90333333333334,1,2013.24,Outdoor,Lighting,37.01,83.34,2024-03-21
SKU-057,2025-07-07,19.0,83.34,0,1583.46,Outdoor,Lighting,37.01,83.34,2024-03-21
SKU-057,2025-07-14,16.0,83.34,0,1333.44,Outdoor,Lighting,37.01,83.34,2024-03-21
SKU-057,2025-07-21,15.0,83.34,0,1250.1,Outdoor,Lighting,37.01,83.34,2024-03-21
SKU-057,2025-07-28,22.0,83.34,0,1833.48,Outdoor,Lighting,37.01,83.34,2024-03-21
SKU-057,2025-08-04,17.0,77.42333333333333,1,1328.03,Outdoor,Lighting,37.01,83.34,2024-03-21
SKU-057,2025-08-11,24.0,68.71166666666666,1,2162.79,Outdoor,Lighting,37.01,83.34,2024-03-21
SKU-057,2025-08-18,15.0,78.026,1,1384.55,Outdoor,Lighting,37.01,83.34,2024-03-21
SKU-057,2025-08-25,10.0,83.34,0,833.4000000000001,Outdoor,Lighting,37.01,83.34,2024-03-21
SKU-057,2025-09-01,14.0,81.02250000000001,1,1129.6799999999998,Outdoor,Lighting,37.01,83.34,2024-03-21
SKU-057,2025-09-08,18.0,78.41142857142857,1,1303.74,Outdoor,Lighting,37.01,83.34,2024-03-21
SKU-057,2025-09-15,8.0,83.34,0,666.72,Outdoor,Lighting,37.01,83.34,2024-03-21
SKU-057,2025-09-22,7.0,83.34,0,583.38,Outdoor,Lighting,37.01,83.34,2024-03-21
SKU-057,2025-09-29,16.0,83.34,0,1333.44,Outdoor,Lighting,37.01,83.34,2024-03-21
SKU-057,2025-10-06,18.0,73.24,1,1283.58,Outdoor,Lighting,37.01,83.34,2024-03-21
SKU-057,2025-10-13,13.0,75.595,1,978.53,Outdoor,Lighting,37.01,83.34,2024-03-21
SKU-057,2025-10-20,12.0,83.34,0,1000.08,Outdoor,Lighting,37.01,83.34,2024-03-21
SKU-057,2025-10-27,8.0,83.34,0,666.72,Outdoor,Lighting,37.01,83.34,2024-03-21
SKU-057,2025-11-03,15.0,83.34,0,1250.1,Outdoor,Lighting,37.01,83.34,2024-03-21
SKU-057,2025-11-10,15.0,83.34,0,1250.1,Outdoor,Lighting,37.01,83.34,2024-03-21
SKU-057,2025-11-17,17.0,83.34,0,1416.78,Outdoor,Lighting,37.01,83.34,2024-03-21
SKU-057,2025-11-24,14.0,66.6725,1,928.07,Outdoor,Lighting,37.01,83.34,2024-03-21
SKU-057,2025-12-01,9.0,83.34,0,750.0600000000001,Outdoor,Lighting,37.01,83.34,2024-03-21
SKU-057,2025-12-08,4.0,83.34,0,333.36,Outdoor,Lighting,37.01,83.34,2024-03-21
SKU-057,2025-12-15,7.0,67.2825,1,464.35,Outdoor,Lighting,37.01,83.34,2024-03-21
SKU-057,2025-12-22,9.0,75.83833333333334,1,1013.87,Outdoor,Lighting,37.01,83.34,2024-03-21
SKU-057,2025-12-29,10.0,77.3225,1,776.79,Outdoor,Lighting,37.01,83.34,2024-03-21
SKU-057,2026-01-05,5.0,83.34,0,416.70000000000005,Outdoor,Lighting,37.01,83.34,2024-03-21
SKU-057,2026-01-12,5.0,83.34,0,416.70000000000005,Outdoor,Lighting,37.01,83.34,2024-03-21
SKU-057,2026-01-19,7.0,83.34,0,583.38,Outdoor,Lighting,37.01,83.34,2024-03-21
SKU-057,2026-01-26,10.0,83.34,0,833.4000000000001,Outdoor,Lighting,37.01,83.34,2024-03-21
SKU-057,2026-02-02,2.0,83.34,0,166.68,Outdoor,Lighting,37.01,83.34,2024-03-21
SKU-057,2026-02-09,5.0,83.34,0,416.70000000000005,Outdoor,Lighting,37.01,83.34,2024-03-21
SKU-057,2026-02-16,4.0,76.815,1,307.26,Outdoor,Lighting,37.01,83.34,2024-03-21
SKU-057,2026-02-23,12.0,83.34,0,1000.08,Outdoor,Lighting,37.01,83.34,2024-03-21
SKU-057,2026-03-02,11.0,83.34,0,916.74,Outdoor,Lighting,37.01,83.34,2024-03-21
SKU-057,2026-03-09,11.0,81.242,1,916.74,Outdoor,Lighting,37.01,83.34,2024-03-21
SKU-057,2026-03-16,17.0,72.0775,1,1225.33,Outdoor,Lighting,37.01,83.34,2024-03-21
SKU-057,2026-03-23,20.0,83.34,0,1666.8,Outdoor,Lighting,37.01,83.34,2024-03-21
SKU-057,2026-03-30,12.0,83.34,0,1250.1000000000001,Outdoor,Lighting,37.01,83.34,2024-03-21
SKU-057,2026-04-06,6.0,83.34,0,500.04,Outdoor,Lighting,37.01,83.34,2024-03-21
SKU-057,2026-04-13,12.0,83.34,0,1333.44,Outdoor,Lighting,37.01,83.34,2024-03-21
SKU-057,2026-04-20,12.0,83.34,0,1083.42,Outdoor,Lighting,37.01,83.34,2024-03-21
SKU-057,2026-04-27,17.0,83.34,0,1416.78,Outdoor,Lighting,37.01,83.34,2024-03-21
SKU-057,2026-05-04,16.0,83.34,0,1333.44,Outdoor,Lighting,37.01,83.34,2024-03-21
SKU-057,2026-05-11,5.0,83.34,0,416.70000000000005,Outdoor,Lighting,37.01,83.34,2024-03-21
SKU-057,2026-05-18,17.0,79.61,1,1416.78,Outdoor,Lighting,37.01,83.34,2024-03-21
SKU-057,2026-05-25,30.0,78.55199999999999,1,2344.2599999999998,Outdoor,Lighting,37.01,83.34,2024-03-21
SKU-057,2026-06-01,23.0,83.34,0,1916.8200000000002,Outdoor,Lighting,37.01,83.34,2024-03-21
SKU-057,2026-06-08,16.0,83.34,0,1333.44,Outdoor,Lighting,37.01,83.34,2024-03-21
SKU-057,2026-06-15,19.0,83.34,0,1583.46,Outdoor,Lighting,37.01,83.34,2024-03-21
SKU-057,2026-06-22,19.0,83.34,0,1583.46,Outdoor,Lighting,37.01,83.34,2024-03-21
SKU-057,2026-06-29,27.0,74.572,1,1991.29,Outdoor,Lighting,37.01,83.34,2024-03-21
SKU-057,2026-07-06,29.0,79.68833333333333,1,2273.94,Outdoor,Lighting,37.01,83.34,2024-03-21
SKU-057,2026-07-13,18.0,83.34,0,1500.12,Outdoor,Lighting,37.01,83.34,2024-03-21
SKU-057,2026-07-20,14.0,83.34,0,1166.76,Outdoor,Lighting,37.01,83.34,2024-03-21
SKU-057,2026-07-27,19.0,83.34,0,1583.46,Outdoor,Lighting,37.01,83.34,2024-03-21
SKU-057,2026-08-03,4.0,83.34,0,333.36,Outdoor,Lighting,37.01,83.34,2024-03-21
SKU-057,2026-08-10,32.0,69.4475,1,2241.76,Outdoor,Lighting,37.01,83.34,2024-03-21
SKU-057,2026-08-17,32.0,68.805,1,2237.2,Outdoor,Lighting,37.01,83.34,2024-03-21
SKU-057,2026-08-24,25.0,83.34,0,2083.5,Outdoor,Lighting,37.01,83.34,2024-03-21
SKU-058,2024-01-01,4.0,315.145,1,1260.58,Outdoor,Lighting,140.77,345.59,2023-10-10
SKU-058,2024-01-08,8.0,345.59,0,2764.72,Outdoor,Lighting,140.77,345.59,2023-10-10
SKU-058,2024-01-15,10.0,345.59,0,3455.8999999999996,Outdoor,Lighting,140.77,345.59,2023-10-10
SKU-058,2024-01-22,10.0,345.59,0,3455.8999999999996,Outdoor,Lighting,140.77,345.59,2023-10-10
SKU-058,2024-01-29,4.0,345.59,0,1382.36,Outdoor,Lighting,140.77,345.59,2023-10-10
SKU-058,2024-02-05,6.0,345.59,0,2073.54,Outdoor,Lighting,140.77,345.59,2023-10-10
SKU-058,2024-02-12,4.0,325.28749999999997,1,1646.7399999999998,Outdoor,Lighting,140.77,345.59,2023-10-10
SKU-058,2024-02-19,3.0,345.59,0,1036.77,Outdoor,Lighting,140.77,345.59,2023-10-10
SKU-058,2024-02-26,12.0,345.59,0,4147.08,Outdoor,Lighting,140.77,345.59,2023-10-10
SKU-058,2024-03-04,15.0,345.59,0,5183.85,Outdoor,Lighting,140.77,345.59,2023-10-10
SKU-058,2024-03-11,17.0,327.19666666666666,1,5268.05,Outdoor,Lighting,140.77,345.59,2023-10-10
SKU-058,2024-03-18,27.0,306.96,1,8208.0,Outdoor,Lighting,140.77,345.59,2023-10-10
SKU-058,2024-03-25,15.0,345.59,0,5183.849999999999,Outdoor,Lighting,140.77,345.59,2023-10-10
SKU-058,2024-04-01,16.0,345.59,0,5529.44,Outdoor,Lighting,140.77,345.59,2023-10-10
SKU-058,2024-04-08,23.0,345.59,0,7948.57,Outdoor,Lighting,140.77,345.59,2023-10-10
SKU-058,2024-04-15,10.0,345.59,0,3455.8999999999996,Outdoor,Lighting,140.77,345.59,2023-10-10
SKU-058,2024-04-22,17.0,345.59,0,5875.03,Outdoor,Lighting,140.77,345.59,2023-10-10
SKU-058,2024-04-29,10.0,345.59,0,3455.8999999999996,Outdoor,Lighting,140.77,345.59,2023-10-10
SKU-058,2024-05-06,10.0,345.59,0,3455.9,Outdoor,Lighting,140.77,345.59,2023-10-10
SKU-058,2024-05-13,13.0,345.59,0,4492.67,Outdoor,Lighting,140.77,345.59,2023-10-10
SKU-058,2024-05-20,16.0,331.96999999999997,1,5284.28,Outdoor,Lighting,140.77,345.59,2023-10-10
SKU-058,2024-05-27,11.0,345.59,0,3801.49,Outdoor,Lighting,140.77,345.59,2023-10-10
SKU-058,2024-06-03,22.0,345.59,0,7602.98,Outdoor,Lighting,140.77,345.59,2023-10-10
SKU-058,2024-06-10,19.0,345.59,0,6566.21,Outdoor,Lighting,140.77,345.59,2023-10-10
SKU-058,2024-06-17,22.0,345.59,0,7602.98,Outdoor,Lighting,140.77,345.59,2023-10-10
SKU-058,2024-06-24,31.0,345.59,0,10713.289999999999,Outdoor,Lighting,140.77,345.59,2023-10-10
SKU-058,2024-07-01,48.0,292.9742857142857,1,13974.83,Outdoor,Lighting,140.77,345.59,2023-10-10
SKU-058,2024-07-08,12.0,345.59,0,4147.08,Outdoor,Lighting,140.77,345.59,2023-10-10
SKU-058,2024-07-15,12.0,345.59,0,4147.08,Outdoor,Lighting,140.77,345.59,2023-10-10
SKU-058,2024-07-22,23.0,345.59,0,7948.57,Outdoor,Lighting,140.77,345.59,2023-10-10
SKU-058,2024-07-29,13.0,345.59,0,5529.44,Outdoor,Lighting,140.77,345.59,2023-10-10
SKU-058,2024-08-05,24.0,321.472,1,7530.63,Outdoor,Lighting,140.77,345.59,2023-10-10
SKU-058,2024-08-12,29.0,279.424,1,8149.38,Outdoor,Lighting,140.77,345.59,2023-10-10
SKU-058,2024-08-19,34.0,326.7157142857142,1,11082.46,Outdoor,Lighting,140.77,345.59,2023-10-10
SKU-058,2024-08-26,20.0,345.59,0,6911.8,Outdoor,Lighting,140.77,345.59,2023-10-10
SKU-058,2024-09-02,23.0,309.87142857142857,1,7017.2699999999995,Outdoor,Lighting,140.77,345.59,2023-10-10
SKU-058,2024-09-09,20.0,331.59499999999997,1,6240.04,Outdoor,Lighting,140.77,345.59,2023-10-10
SKU-058,2024-09-16,15.0,345.59,0,5183.85,Outdoor,Lighting,140.77,345.59,2023-10-10
SKU-058,2024-09-23,13.0,345.59,0,4492.67,Outdoor,Lighting,140.77,345.59,2023-10-10
SKU-058,2024-09-30,21.0,345.59,0,7257.389999999999,Outdoor,Lighting,140.77,345.59,2023-10-10
SKU-058,2024-10-07,17.0,316.896,1,5364.49,Outdoor,Lighting,140.77,345.59,2023-10-10
SKU-058,2024-10-14,13.0,345.59,0,4492.67,Outdoor,Lighting,140.77,345.59,2023-10-10
SKU-058,2024-10-21,18.0,345.59,0,6220.62,Outdoor,Lighting,140.77,345.59,2023-10-10
SKU-058,2024-10-28,11.0,345.59,0,3801.49,Outdoor,Lighting,140.77,345.59,2023-10-10
SKU-058,2024-11-04,15.0,345.59,0,5183.85,Outdoor,Lighting,140.77,345.59,2023-10-10
SKU-058,2024-11-11,12.0,345.59,0,4147.08,Outdoor,Lighting,140.77,345.59,2023-10-10
SKU-058,2024-11-18,11.0,334.7783333333333,1,3671.75,Outdoor,Lighting,140.77,345.59,2023-10-10
SKU-058,2024-11-25,29.0,303.49,1,8572.18,Outdoor,Lighting,140.77,345.59,2023-10-10
SKU-058,2024-12-02,6.0,345.59,0,2073.54,Outdoor,Lighting,140.77,345.59,2023-10-10
SKU-058,2024-12-09,7.0,327.0675,1,2122.77,Outdoor,Lighting,140.77,345.59,2023-10-10
SKU-058,2024-12-16,17.0,296.4675,1,5011.139999999999,Outdoor,Lighting,140.77,345.59,2023-10-10
SKU-058,2024-12-23,13.0,323.6775,1,3999.19,Outdoor,Lighting,140.77,345.59,2023-10-10
SKU-058,2024-12-30,10.0,312.025,1,2918.86,Outdoor,Lighting,140.77,345.59,2023-10-10
SKU-058,2025-01-06,8.0,345.59,0,2764.72,Outdoor,Lighting,140.77,345.59,2023-10-10
SKU-058,2025-01-13,9.0,345.59,0,3110.31,Outdoor,Lighting,140.77,345.59,2023-10-10
SKU-058,2025-01-20,6.0,345.59,0,2073.54,Outdoor,Lighting,140.77,345.59,2023-10-10
SKU-058,2025-01-27,2.0,345.59,0,691.18,Outdoor,Lighting,140.77,345.59,2023-10-10
SKU-058,2025-02-03,10.0,345.59,0,3455.8999999999996,Outdoor,Lighting,140.77,345.59,2023-10-10
SKU-058,2025-02-10,9.0,345.59,0,3110.3099999999995,Outdoor,Lighting,140.77,345.59,2023-10-10
SKU-058,2025-02-17,8.0,313.39,1,2507.12,Outdoor,Lighting,140.77,345.59,2023-10-10
SKU-058,2025-02-24,13.0,345.59,0,4492.67,Outdoor,Lighting,140.77,345.59,2023-10-10
SKU-058,2025-03-03,16.0,345.59,0,5529.44,Outdoor,Lighting,140.77,345.59,2023-10-10
SKU-058,2025-03-10,18.0,330.4628571428571,1,5771.24,Outdoor,Lighting,140.77,345.59,2023-10-10
SKU-058,2025-03-17,17.0,303.1566666666667,1,5046.77,Outdoor,Lighting,140.77,345.59,2023-10-10
SKU-058,2025-03-24,19.0,345.59,0,6566.21,Outdoor,Lighting,140.77,345.59,2023-10-10
SKU-058,2025-03-31,9.0,345.59,0,3110.31,Outdoor,Lighting,140.77,345.59,2023-10-10
SKU-058,2025-04-07,9.0,345.59,0,3110.3099999999995,Outdoor,Lighting,140.77,345.59,2023-10-10
SKU-058,2025-04-14,12.0,345.59,0,4147.08,Outdoor,Lighting,140.77,345.59,2023-10-10
SKU-058,2025-04-21,10.0,345.59,0,3455.8999999999996,Outdoor,Lighting,140.77,345.59,2023-10-10
SKU-058,2025-04-28,10.0,345.59,0,3455.8999999999996,Outdoor,Lighting,140.77,345.59,2023-10-10
SKU-058,2025-05-05,21.0,345.59,0,7257.389999999999,Outdoor,Lighting,140.77,345.59,2023-10-10
SKU-058,2025-05-12,13.0,345.59,0,4492.67,Outdoor,Lighting,140.77,345.59,2023-10-10
SKU-058,2025-05-19,9.0,345.59,0,3110.31,Outdoor,Lighting,140.77,345.59,2023-10-10
SKU-058,2025-05-26,27.0,298.87166666666667,1,7923.82,Outdoor,Lighting,140.77,345.59,2023-10-10
SKU-058,2025-06-02,27.0,345.59,0,9330.93,Outdoor,Lighting,140.77,345.59,2023-10-10
SKU-058,2025-06-09,33.0,345.59,0,11404.47,Outdoor,Lighting,140.77,345.59,2023-10-10
SKU-058,2025-06-16,25.0,345.59,0,8639.75,Outdoor,Lighting,140.77,345.59,2023-10-10
SKU-058,2025-06-23,23.0,345.59,0,7948.57,Outdoor,Lighting,140.77,345.59,2023-10-10
SKU-058,2025-06-30,32.0,292.84999999999997,1,9215.87,Outdoor,Lighting,140.77,345.59,2023-10-10
SKU-058,2025-07-07,15.0,345.59,0,5875.03,Outdoor,Lighting,140.77,345.59,2023-10-10
SKU-058,2025-07-14,10.0,345.59,0,3455.8999999999996,Outdoor,Lighting,140.77,345.59,2023-10-10
SKU-058,2025-07-21,8.0,345.59,0,3801.49,Outdoor,Lighting,140.77,345.59,2023-10-10
SKU-058,2025-07-28,15.0,345.59,0,5183.849999999999,Outdoor,Lighting,140.77,345.59,2023-10-10
SKU-058,2025-08-04,22.0,338.2033333333333,1,7381.379999999999,Outdoor,Lighting,140.77,345.59,2023-10-10
SKU-058,2025-08-11,15.0,283.1166666666667,1,4249.82,Outdoor,Lighting,140.77,345.59,2023-10-10
SKU-058,2025-08-18,34.0,324.90999999999997,1,10745.17,Outdoor,Lighting,140.77,345.59,2023-10-10
SKU-058,2025-08-25,6.0,345.59,0,2073.54,Outdoor,Lighting,140.77,345.59,2023-10-10
SKU-058,2025-09-01,24.0,320.53499999999997,1,7688.7,Outdoor,Lighting,140.77,345.59,2023-10-10
SKU-058,2025-09-08,12.0,345.59,0,4147.08,Outdoor,Lighting,140.77,345.59,2023-10-10
SKU-058,2025-09-15,16.0,345.59,0,5529.4400000000005,Outdoor,Lighting,140.77,345.59,2023-10-10
SKU-058,2025-09-22,15.0,345.59,0,5183.849999999999,Outdoor,Lighting,140.77,345.59,2023-10-10
SKU-058,2025-09-29,13.0,345.59,0,4492.67,Outdoor,Lighting,140.77,345.59,2023-10-10
SKU-058,2025-10-06,11.0,319.412,1,3465.36,Outdoor,Lighting,140.77,345.59,2023-10-10
SKU-058,2025-10-13,21.0,292.99,1,5984.01,Outdoor,Lighting,140.77,345.59,2023-10-10
SKU-058,2025-10-20,16.0,345.59,0,5529.4400000000005,Outdoor,Lighting,140.77,345.59,2023-10-10
SKU-058,2025-10-27,11.0,345.59,0,4147.08,Outdoor,Lighting,140.77,345.59,2023-10-10
SKU-058,2025-11-03,17.0,345.59,0,5875.03,Outdoor,Lighting,140.77,345.59,2023-10-10
SKU-058,2025-11-10,10.0,345.59,0,3455.8999999999996,Outdoor,Lighting,140.77,345.59,2023-10-10
SKU-058,2025-11-17,16.0,345.59,0,5529.44,Outdoor,Lighting,140.77,345.59,2023-10-10
SKU-058,2025-11-24,34.0,288.85285714285715,1,9939.68,Outdoor,Lighting,140.77,345.59,2023-10-10
SKU-058,2025-12-01,4.0,345.59,0,1382.36,Outdoor,Lighting,140.77,345.59,2023-10-10
SKU-058,2025-12-08,6.0,345.59,0,2073.54,Outdoor,Lighting,140.77,345.59,2023-10-10
SKU-058,2025-12-15,13.0,295.49,1,3831.54,Outdoor,Lighting,140.77,345.59,2023-10-10
SKU-058,2025-12-22,8.0,327.8533333333333,1,2605.09,Outdoor,Lighting,140.77,345.59,2023-10-10
SKU-058,2025-12-29,4.0,323.72999999999996,1,1251.1999999999998,Outdoor,Lighting,140.77,345.59,2023-10-10
SKU-058,2026-01-05,4.0,345.59,0,1382.36,Outdoor,Lighting,140.77,345.59,2023-10-10
SKU-058,2026-01-12,6.0,345.59,0,2073.54,Outdoor,Lighting,140.77,345.59,2023-10-10
SKU-058,2026-01-19,4.0,345.59,0,1382.36,Outdoor,Lighting,140.77,345.59,2023-10-10
SKU-058,2026-01-26,8.0,345.59,0,2764.72,Outdoor,Lighting,140.77,345.59,2023-10-10
SKU-058,2026-02-02,11.0,345.59,0,3801.49,Outdoor,Lighting,140.77,345.59,2023-10-10
SKU-058,2026-02-09,8.0,345.59,0,2764.72,Outdoor,Lighting,140.77,345.59,2023-10-10
SKU-058,2026-02-16,10.0,334.505,1,3322.88,Outdoor,Lighting,140.77,345.59,2023-10-10
SKU-058,2026-02-23,7.0,345.59,0,2764.72,Outdoor,Lighting,140.77,345.59,2023-10-10
SKU-058,2026-03-02,12.0,345.59,0,4147.08,Outdoor,Lighting,140.77,345.59,2023-10-10
SKU-058,2026-03-09,18.0,338.7183333333333,1,6055.7,Outdoor,Lighting,140.77,345.59,2023-10-10
SKU-058,2026-03-16,25.0,291.82428571428574,1,7355.11,Outdoor,Lighting,140.77,345.59,2023-10-10
SKU-058,2026-03-23,19.0,345.59,0,6566.209999999999,Outdoor,Lighting,140.77,345.59,2023-10-10
SKU-058,2026-03-30,15.0,345.59,0,5183.85,Outdoor,Lighting,140.77,345.59,2023-10-10
SKU-058,2026-04-06,8.0,345.59,0,4147.08,Outdoor,Lighting,140.77,345.59,2023-10-10
SKU-058,2026-04-13,12.0,345.59,0,4147.08,Outdoor,Lighting,140.77,345.59,2023-10-10
SKU-058,2026-04-20,3.0,345.59,0,1036.77,Outdoor,Lighting,140.77,345.59,2023-10-10
SKU-058,2026-04-27,18.0,345.59,0,6220.62,Outdoor,Lighting,140.77,345.59,2023-10-10
SKU-058,2026-05-04,9.0,345.59,0,3110.31,Outdoor,Lighting,140.77,345.59,2023-10-10
SKU-058,2026-05-11,18.0,345.59,0,6220.62,Outdoor,Lighting,140.77,345.59,2023-10-10
SKU-058,2026-05-18,21.0,328.82399999999996,1,6754.41,Outdoor,Lighting,140.77,345.59,2023-10-10
SKU-058,2026-05-25,21.0,320.328,1,6296.87,Outdoor,Lighting,140.77,345.59,2023-10-10
SKU-058,2026-06-01,20.0,345.59,0,6911.799999999999,Outdoor,Lighting,140.77,345.59,2023-10-10
SKU-058,2026-06-08,14.0,345.59,0,4838.259999999999,Outdoor,Lighting,140.77,345.59,2023-10-10
SKU-058,2026-06-15,18.0,345.59,0,6220.62,Outdoor,Lighting,140.77,345.59,2023-10-10
SKU-058,2026-06-22,14.0,345.59,0,4838.26,Outdoor,Lighting,140.77,345.59,2023-10-10
SKU-058,2026-06-29,17.0,316.82,1,6886.86,Outdoor,Lighting,140.77,345.59,2023-10-10
SKU-058,2026-07-06,29.0,325.8566666666666,1,9253.56,Outdoor,Lighting,140.77,345.59,2023-10-10
SKU-058,2026-07-13,23.0,345.59,0,7948.57,Outdoor,Lighting,140.77,345.59,2023-10-10
SKU-058,2026-07-20,14.0,345.59,0,5529.44,Outdoor,Lighting,140.77,345.59,2023-10-10
SKU-058,2026-07-27,21.0,345.59,0,7257.39,Outdoor,Lighting,140.77,345.59,2023-10-10
SKU-058,2026-08-03,18.0,345.59,0,6220.62,Outdoor,Lighting,140.77,345.59,2023-10-10
SKU-058,2026-08-10,29.0,287.914,1,8233.2,Outdoor,Lighting,140.77,345.59,2023-10-10
SKU-058,2026-08-17,28.0,293.2575,1,7947.389999999999,Outdoor,Lighting,140.77,345.59,2023-10-10
SKU-058,2026-08-24,18.0,345.59,0,6566.21,Outdoor,Lighting,140.77,345.59,2023-10-10
SKU-058,2026-08-31,1.0,345.59,0,345.59,Outdoor,Lighting,140.77,345.59,2023-10-10
SKU-059,2024-07-22,4.0,221.06,0,884.24,Outdoor,Seating,100.75,221.06,2024-07-27
SKU-059,2024-07-29,51.0,221.06,0,11274.06,Outdoor,Seating,100.75,221.06,2024-07-27
SKU-059,2024-08-05,23.0,221.06,0,5084.379999999999,Outdoor,Seating,100.75,221.06,2024-07-27
SKU-059,2024-08-12,71.0,183.45166666666668,1,12965.17,Outdoor,Seating,100.75,221.06,2024-07-27
SKU-059,2024-08-19,38.0,216.18,1,8156.28,Outdoor,Seating,100.75,221.06,2024-07-27
SKU-059,2024-08-26,42.0,212.87333333333333,1,10389.86,Outdoor,Seating,100.75,221.06,2024-07-27
SKU-059,2024-09-02,28.0,208.2825,1,5729.69,Outdoor,Seating,100.75,221.06,2024-07-27
SKU-059,2024-09-09,26.0,221.06,0,5747.5599999999995,Outdoor,Seating,100.75,221.06,2024-07-27
SKU-059,2024-09-16,29.0,221.06,0,6410.74,Outdoor,Seating,100.75,221.06,2024-07-27
SKU-059,2024-09-23,31.0,221.06000000000003,0,6852.86,Outdoor,Seating,100.75,221.06,2024-07-27
SKU-059,2024-09-30,20.0,221.06,0,4421.2,Outdoor,Seating,100.75,221.06,2024-07-27
SKU-059,2024-10-07,58.0,200.45666666666668,1,11517.75,Outdoor,Seating,100.75,221.06,2024-07-27
SKU-059,2024-10-14,33.0,204.31,1,6451.49,Outdoor,Seating,100.75,221.06,2024-07-27
SKU-059,2024-10-21,23.0,221.06,0,5084.38,Outdoor,Seating,100.75,221.06,2024-07-27
SKU-059,2024-10-28,31.0,221.06000000000003,0,6852.86,Outdoor,Seating,100.75,221.06,2024-07-27
SKU-059,2024-11-04,30.0,221.06000000000003,0,6631.799999999999,Outdoor,Seating,100.75,221.06,2024-07-27
SKU-059,2024-11-11,21.0,221.06000000000003,0,4642.26,Outdoor,Seating,100.75,221.06,2024-07-27
SKU-059,2024-11-18,38.0,208.7757142857143,1,7905.5599999999995,Outdoor,Seating,100.75,221.06,2024-07-27
SKU-059,2024-11-25,39.0,187.314,1,7366.21,Outdoor,Seating,100.75,221.06,2024-07-27
SKU-059,2024-12-02,9.0,221.06,0,1989.54,Outdoor,Seating,100.75,221.06,2024-07-27
SKU-059,2024-12-09,8.0,203.40333333333334,1,1503.63,Outdoor,Seating,100.75,221.06,2024-07-27
SKU-059,2024-12-16,22.0,187.5175,1,4178.58,Outdoor,Seating,100.75,221.06,2024-07-27
SKU-059,2024-12-23,12.0,211.335,1,2419.32,Outdoor,Seating,100.75,221.06,2024-07-27
SKU-059,2024-12-30,13.0,206.0675,1,2643.31,Outdoor,Seating,100.75,221.06,2024-07-27
SKU-059,2025-01-06,12.0,221.06,0,2652.72,Outdoor,Seating,100.75,221.06,2024-07-27
SKU-059,2025-01-13,15.0,221.06000000000003,0,3315.9,Outdoor,Seating,100.75,221.06,2024-07-27
SKU-059,2025-01-20,7.0,221.06000000000003,0,1547.42,Outdoor,Seating,100.75,221.06,2024-07-27
SKU-059,2025-01-27,5.0,221.06000000000003,0,1105.3,Outdoor,Seating,100.75,221.06,2024-07-27
SKU-059,2025-02-03,9.0,221.06000000000003,0,1989.54,Outdoor,Seating,100.75,221.06,2024-07-27
SKU-059,2025-02-10,6.0,221.06,0,1326.3600000000001,Outdoor,Seating,100.75,221.06,2024-07-27
SKU-059,2025-02-17,10.0,208.815,1,2037.97,Outdoor,Seating,100.75,221.06,2024-07-27
SKU-059,2025-02-24,13.0,221.06,0,2873.7799999999997,Outdoor,Seating,100.75,221.06,2024-07-27
SKU-059,2025-03-03,20.0,221.06,0,4421.2,Outdoor,Seating,100.75,221.06,2024-07-27
SKU-059,2025-03-10,46.0,208.94714285714286,1,9525.8,Outdoor,Seating,100.75,221.06,2024-07-27
SKU-059,2025-03-17,28.0,190.42999999999998,1,5338.93,Outdoor,Seating,100.75,221.06,2024-07-27
SKU-059,2025-03-24,18.0,221.06,0,3979.08,Outdoor,Seating,100.75,221.06,2024-07-27
SKU-059,2025-03-31,29.0,221.06000000000003,0,6410.74,Outdoor,Seating,100.75,221.06,2024-07-27
SKU-059,2025-04-07,27.0,221.06,0,5968.62,Outdoor,Seating,100.75,221.06,2024-07-27
SKU-059,2025-04-14,17.0,221.06,0,3758.02,Outdoor,Seating,100.75,221.06,2024-07-27
SKU-059,2025-04-21,18.0,221.06000000000003,0,3979.08,Outdoor,Seating,100.75,221.06,2024-07-27
SKU-059,2025-04-28,5.0,221.06,0,1105.3,Outdoor,Seating,100.75,221.06,2024-07-27
SKU-059,2025-05-05,15.0,221.06,0,3315.8999999999996,Outdoor,Seating,100.75,221.06,2024-07-27
SKU-059,2025-05-12,27.0,221.06,0,5968.62,Outdoor,Seating,100.75,221.06,2024-07-27
SKU-059,2025-05-19,4.0,221.06000000000003,0,1989.54,Outdoor,Seating,100.75,221.06,2024-07-27
SKU-059,2025-05-26,34.0,191.45749999999998,1,6551.639999999999,Outdoor,Seating,100.75,221.06,2024-07-27
SKU-059,2025-06-02,36.0,221.06,0,7958.16,Outdoor,Seating,100.75,221.06,2024-07-27
SKU-059,2025-06-09,46.0,221.06000000000003,0,10168.76,Outdoor,Seating,100.75,221.06,2024-07-27
SKU-059,2025-06-16,28.0,221.06,0,6189.68,Outdoor,Seating,100.75,221.06,2024-07-27
SKU-059,2025-06-23,35.0,221.06,0,7737.099999999999,Outdoor,Seating,100.75,221.06,2024-07-27
SKU-059,2025-06-30,72.0,186.295,1,14911.5,Outdoor,Seating,100.75,221.06,2024-07-27
SKU-059,2025-07-07,24.0,221.06,0,5305.44,Outdoor,Seating,100.75,221.06,2024-07-27
SKU-059,2025-07-14,23.0,221.06000000000003,0,5084.38,Outdoor,Seating,100.75,221.06,2024-07-27
SKU-059,2025-07-21,42.0,221.06,0,9284.52,Outdoor,Seating,100.75,221.06,2024-07-27
SKU-059,2025-07-28,34.0,221.06,0,7516.04,Outdoor,Seating,100.75,221.06,2024-07-27
SKU-059,2025-08-04,36.0,221.06,0,7958.16,Outdoor,Seating,100.75,221.06,2024-07-27
SKU-059,2025-08-11,49.0,181.84,1,8868.25,Outdoor,Seating,100.75,221.06,2024-07-27
SKU-059,2025-08-18,14.0,207.99666666666667,1,2859.7,Outdoor,Seating,100.75,221.06,2024-07-27
SKU-059,2025-08-25,24.0,221.06,0,5305.4400000000005,Outdoor,Seating,100.75,221.06,2024-07-27
SKU-059,2025-09-01,41.0,214.09166666666667,1,8519.93,Outdoor,Seating,100.75,221.06,2024-07-27
SKU-059,2025-09-08,38.0,216.11833333333334,1,8044.48,Outdoor,Seating,100.75,221.06,2024-07-27
SKU-059,2025-09-15,30.0,221.06,0,6631.8,Outdoor,Seating,100.75,221.06,2024-07-27
SKU-059,2025-09-22,20.0,221.06,0,4421.2,Outdoor,Seating,100.75,221.06,2024-07-27
SKU-059,2025-09-29,14.0,221.06,0,3094.84,Outdoor,Seating,100.75,221.06,2024-07-27
SKU-059,2025-10-06,31.0,200.99200000000002,1,6200.48,Outdoor,Seating,100.75,221.06,2024-07-27
SKU-059,2025-10-13,46.0,198.275,1,8863.02,Outdoor,Seating,100.75,221.06,2024-07-27
SKU-059,2025-10-20,20.0,221.06,0,4421.2,Outdoor,Seating,100.75,221.06,2024-07-27
SKU-059,2025-10-27,18.0,221.06,0,3979.08,Outdoor,Seating,100.75,221.06,2024-07-27
SKU-059,2025-11-03,32.0,221.06,0,7073.92,Outdoor,Seating,100.75,221.06,2024-07-27
SKU-059,2025-11-10,13.0,221.06,0,4421.2,Outdoor,Seating,100.75,221.06,2024-07-27
SKU-059,2025-11-17,26.0,216.18200000000002,1,5650.0,Outdoor,Seating,100.75,221.06,2024-07-27
SKU-059,2025-11-24,29.0,174.40666666666667,1,5034.389999999999,Outdoor,Seating,100.75,221.06,2024-07-27
SKU-059,2025-12-01,8.0,221.06,0,1768.48,Outdoor,Seating,100.75,221.06,2024-07-27
SKU-059,2025-12-08,7.0,221.06,0,1547.42,Outdoor,Seating,100.75,221.06,2024-07-27
SKU-059,2025-12-15,12.0,189.2025,1,2259.53,Outdoor,Seating,100.75,221.06,2024-07-27
SKU-059,2025-12-22,15.0,188.0125,1,2675.79,Outdoor,Seating,100.75,221.06,2024-07-27
SKU-059,2025-12-29,10.0,189.02666666666667,1,1922.3000000000002,Outdoor,Seating,100.75,221.06,2024-07-27
SKU-059,2026-01-05,12.0,221.06,0,2652.72,Outdoor,Seating,100.75,221.06,2024-07-27
SKU-059,2026-01-12,6.0,221.06,0,1326.3600000000001,Outdoor,Seating,100.75,221.06,2024-07-27
SKU-059,2026-01-19,9.0,221.06,0,1989.54,Outdoor,Seating,100.75,221.06,2024-07-27
SKU-059,2026-01-26,4.0,221.06000000000003,0,884.24,Outdoor,Seating,100.75,221.06,2024-07-27
SKU-059,2026-02-02,8.0,221.06,0,1768.48,Outdoor,Seating,100.75,221.06,2024-07-27
SKU-059,2026-02-09,8.0,221.06000000000003,0,1768.48,Outdoor,Seating,100.75,221.06,2024-07-27
SKU-059,2026-02-16,11.0,213.95,1,2325.01,Outdoor,Seating,100.75,221.06,2024-07-27
SKU-059,2026-02-23,18.0,221.06000000000003,0,3979.08,Outdoor,Seating,100.75,221.06,2024-07-27
SKU-059,2026-03-02,27.0,221.06000000000003,0,5968.62,Outdoor,Seating,100.75,221.06,2024-07-27
SKU-059,2026-03-09,25.0,221.06,0,5526.5,Outdoor,Seating,100.75,221.06,2024-07-27
SKU-059,2026-03-16,34.0,187.3216666666667,1,6238.03,Outdoor,Seating,100.75,221.06,2024-07-27
SKU-059,2026-03-23,20.0,221.06000000000003,0,4421.2,Outdoor,Seating,100.75,221.06,2024-07-27
SKU-059,2026-03-30,29.0,221.06000000000003,0,6410.74,Outdoor,Seating,100.75,221.06,2024-07-27
SKU-059,2026-04-06,24.0,221.06000000000003,0,5305.44,Outdoor,Seating,100.75,221.06,2024-07-27
SKU-059,2026-04-13,25.0,221.06,0,5526.5,Outdoor,Seating,100.75,221.06,2024-07-27
SKU-059,2026-04-20,25.0,221.06,0,5526.5,Outdoor,Seating,100.75,221.06,2024-07-27
SKU-059,2026-04-27,24.0,221.06000000000003,0,5305.44,Outdoor,Seating,100.75,221.06,2024-07-27
SKU-059,2026-05-04,23.0,221.06,0,5084.38,Outdoor,Seating,100.75,221.06,2024-07-27
SKU-059,2026-05-11,24.0,221.06,0,5305.4400000000005,Outdoor,Seating,100.75,221.06,2024-07-27
SKU-059,2026-05-18,22.0,212.5075,1,4658.0599999999995,Outdoor,Seating,100.75,221.06,2024-07-27
SKU-059,2026-05-25,29.0,197.64,1,5534.52,Outdoor,Seating,100.75,221.06,2024-07-27
SKU-059,2026-06-01,45.0,221.06,0,9947.699999999999,Outdoor,Seating,100.75,221.06,2024-07-27
SKU-059,2026-06-08,39.0,221.06,0,8621.34,Outdoor,Seating,100.75,221.06,2024-07-27
SKU-059,2026-06-15,42.0,221.06000000000003,0,9284.52,Outdoor,Seating,100.75,221.06,2024-07-27
SKU-059,2026-06-22,31.0,221.06,0,6852.86,Outdoor,Seating,100.75,221.06,2024-07-27
SKU-059,2026-06-29,63.0,195.964,1,12037.42,Outdoor,Seating,100.75,221.06,2024-07-27
SKU-059,2026-07-06,26.0,213.958,1,9458.56,Outdoor,Seating,100.75,221.06,2024-07-27
SKU-059,2026-07-13,52.0,221.06000000000003,0,11495.119999999999,Outdoor,Seating,100.75,221.06,2024-07-27
SKU-059,2026-07-20,23.0,221.06,0,5084.38,Outdoor,Seating,100.75,221.06,2024-07-27
SKU-059,2026-07-27,31.0,221.06,0,6852.86,Outdoor,Seating,100.75,221.06,2024-07-27
SKU-059,2026-08-03,65.0,221.06,0,14368.9,Outdoor,Seating,100.75,221.06,2024-07-27
SKU-059,2026-08-10,67.0,184.86666666666667,1,14504.91,Outdoor,Seating,100.75,221.06,2024-07-27
SKU-059,2026-08-17,55.0,200.786,1,10970.02,Outdoor,Seating,100.75,221.06,2024-07-27
SKU-059,2026-08-24,20.0,221.06,0,4421.2,Outdoor,Seating,100.75,221.06,2024-07-27
SKU-060,2024-01-01,40.0,179.49166666666667,1,7006.29,Outdoor,Seating,89.89,193.63,2022-05-31
SKU-060,2024-01-08,16.0,193.63,0,3098.08,Outdoor,Seating,89.89,193.63,2022-05-31
SKU-060,2024-01-15,32.0,193.63,0,6196.16,Outdoor,Seating,89.89,193.63,2022-05-31
SKU-060,2024-01-22,23.0,193.63,0,4453.49,Outdoor,Seating,89.89,193.63,2022-05-31
SKU-060,2024-01-29,26.0,193.63,0,5034.38,Outdoor,Seating,89.89,193.63,2022-05-31
SKU-060,2024-02-05,26.0,193.63,0,5034.38,Outdoor,Seating,89.89,193.63,2022-05-31
SKU-060,2024-02-12,31.0,172.01600000000002,1,5221.15,Outdoor,Seating,89.89,193.63,2022-05-31
SKU-060,2024-02-19,28.0,186.0125,1,5147.41,Outdoor,Seating,89.89,193.63,2022-05-31
SKU-060,2024-02-26,37.0,193.63,0,7164.31,Outdoor,Seating,89.89,193.63,2022-05-31
SKU-060,2024-03-04,46.0,193.63,0,8906.98,Outdoor,Seating,89.89,193.63,2022-05-31
SKU-060,2024-03-11,70.0,177.15833333333333,1,12425.27,Outdoor,Seating,89.89,193.63,2022-05-31
SKU-060,2024-03-18,53.0,184.64749999999998,1,9507.86,Outdoor,Seating,89.89,193.63,2022-05-31
SKU-060,2024-03-25,63.0,193.63,0,12198.69,Outdoor,Seating,89.89,193.63,2022-05-31
SKU-060,2024-04-01,65.0,193.63,0,12585.949999999999,Outdoor,Seating,89.89,193.63,2022-05-31
SKU-060,2024-04-08,72.0,193.62999999999997,0,13941.36,Outdoor,Seating,89.89,193.63,2022-05-31
SKU-060,2024-04-15,55.0,193.63,0,10649.65,Outdoor,Seating,89.89,193.63,2022-05-31
SKU-060,2024-04-22,79.0,193.62999999999997,0,15296.77,Outdoor,Seating,89.89,193.63,2022-05-31
SKU-060,2024-04-29,68.0,193.62999999999997,0,13166.84,Outdoor,Seating,89.89,193.63,2022-05-31
SKU-060,2024-05-06,45.0,193.63,0,8713.35,Outdoor,Seating,89.89,193.63,2022-05-31
SKU-060,2024-05-13,56.0,193.63,0,12585.949999999999,Outdoor,Seating,89.89,193.63,2022-05-31
SKU-060,2024-05-20,85.0,190.32857142857142,1,15973.24,Outdoor,Seating,89.89,193.63,2022-05-31
SKU-060,2024-05-27,39.0,193.63,0,7551.57,Outdoor,Seating,89.89,193.63,2022-05-31
SKU-060,2024-06-03,68.0,193.63,0,13166.84,Outdoor,Seating,89.89,193.63,2022-05-31
SKU-060,2024-06-10,108.0,193.63,0,20912.04,Outdoor,Seating,89.89,193.63,2022-05-31
SKU-060,2024-06-17,80.0,193.63,0,15490.4,Outdoor,Seating,89.89,193.63,2022-05-31
SKU-060,2024-06-24,89.0,193.63,0,17233.07,Outdoor,Seating,89.89,193.63,2022-05-31
SKU-060,2024-07-01,117.0,163.788,1,19227.09,Outdoor,Seating,89.89,193.63,2022-05-31
SKU-060,2024-07-08,113.0,193.63,0,21880.19,Outdoor,Seating,89.89,193.63,2022-05-31
SKU-060,2024-07-15,76.0,193.63,0,18201.22,Outdoor,Seating,89.89,193.63,2022-05-31
SKU-060,2024-07-22,58.0,193.63,0,13166.84,Outdoor,Seating,89.89,193.63,2022-05-31
SKU-060,2024-07-29,105.0,193.63,0,20331.15,Outdoor,Seating,89.89,193.63,2022-05-31
SKU-060,2024-08-05,113.0,179.25,1,19305.31,Outdoor,Seating,89.89,193.63,2022-05-31
SKU-060,2024-08-12,143.0,154.875,1,22161.67,Outdoor,Seating,89.89,193.63,2022-05-31
SKU-060,2024-08-19,83.0,181.792,1,14746.970000000001,Outdoor,Seating,89.89,193.63,2022-05-31
SKU-060,2024-08-26,85.0,186.5583333333333,1,15949.39,Outdoor,Seating,89.89,193.63,2022-05-31
SKU-060,2024-09-02,70.0,173.275,1,12362.230000000001,Outdoor,Seating,89.89,193.63,2022-05-31
SKU-060,2024-09-09,25.0,183.065,1,4544.93,Outdoor,Seating,89.89,193.63,2022-05-31
SKU-060,2024-09-16,66.0,193.62999999999997,0,12779.58,Outdoor,Seating,89.89,193.63,2022-05-31
SKU-060,2024-09-23,72.0,193.62999999999997,0,13941.36,Outdoor,Seating,89.89,193.63,2022-05-31
SKU-060,2024-09-30,48.0,193.63,0,9294.24,Outdoor,Seating,89.89,193.63,2022-05-31
SKU-060,2024-10-07,95.0,180.55499999999998,1,16714.1,Outdoor,Seating,89.89,193.63,2022-05-31
SKU-060,2024-10-14,100.0,175.71166666666667,1,17114.59,Outdoor,Seating,89.89,193.63,2022-05-31
SKU-060,2024-10-21,16.0,193.63,0,3098.08,Outdoor,Seating,89.89,193.63,2022-05-31
SKU-060,2024-10-28,70.0,193.63,0,13554.1,Outdoor,Seating,89.89,193.63,2022-05-31
SKU-060,2024-11-04,36.0,193.63,0,9487.869999999999,Outdoor,Seating,89.89,193.63,2022-05-31
SKU-060,2024-11-11,63.0,193.63,0,12198.69,Outdoor,Seating,89.89,193.63,2022-05-31
SKU-060,2024-11-18,75.0,184.95285714285714,1,13679.61,Outdoor,Seating,89.89,193.63,2022-05-31
SKU-060,2024-11-25,84.0,162.5625,1,13651.170000000002,Outdoor,Seating,89.89,193.63,2022-05-31
SKU-060,2024-12-02,35.0,193.63,0,6777.049999999999,Outdoor,Seating,89.89,193.63,2022-05-31
SKU-060,2024-12-09,33.0,187.0,1,6025.139999999999,Outdoor,Seating,89.89,193.63,2022-05-31
SKU-060,2024-12-16,52.0,157.71833333333333,1,8123.05,Outdoor,Seating,89.89,193.63,2022-05-31
SKU-060,2024-12-23,26.0,173.4475,1,4531.26,Outdoor,Seating,89.89,193.63,2022-05-31
SKU-060,2024-12-30,42.0,176.92,1,7359.76,Outdoor,Seating,89.89,193.63,2022-05-31
SKU-060,2025-01-06,18.0,193.63,0,3485.34,Outdoor,Seating,89.89,193.63,2022-05-31
SKU-060,2025-01-13,38.0,193.62999999999997,0,7357.9400000000005,Outdoor,Seating,89.89,193.63,2022-05-31
SKU-060,2025-01-20,32.0,193.63,0,7551.57,Outdoor,Seating,89.89,193.63,2022-05-31
SKU-060,2025-01-27,25.0,193.63,0,4840.75,Outdoor,Seating,89.89,193.63,2022-05-31
SKU-060,2025-02-03,30.0,193.63,0,5808.9,Outdoor,Seating,89.89,193.63,2022-05-31
SKU-060,2025-02-10,28.0,193.63,0,5421.64,Outdoor,Seating,89.89,193.63,2022-05-31
SKU-060,2025-02-17,29.0,184.00799999999998,1,5326.61,Outdoor,Seating,89.89,193.63,2022-05-31
SKU-060,2025-02-24,38.0,193.63,0,7357.94,Outdoor,Seating,89.89,193.63,2022-05-31
SKU-060,2025-03-03,50.0,193.63,0,9681.5,Outdoor,Seating,89.89,193.63,2022-05-31
SKU-060,2025-03-10,88.0,186.27714285714288,1,15907.099999999999,Outdoor,Seating,89.89,193.63,2022-05-31
SKU-060,2025-03-17,93.0,170.79666666666665,1,15506.16,Outdoor,Seating,89.89,193.63,2022-05-31
SKU-060,2025-03-24,55.0,193.63,0,10649.65,Outdoor,Seating,89.89,193.63,2022-05-31
SKU-060,2025-03-31,59.0,193.63,0,11424.17,Outdoor,Seating,89.89,193.63,2022-05-31
SKU-060,2025-04-07,53.0,193.63,0,10262.39,Outdoor,Seating,89.89,193.63,2022-05-31
SKU-060,2025-04-14,53.0,193.63,0,10262.39,Outdoor,Seating,89.89,193.63,2022-05-31
SKU-060,2025-04-21,54.0,193.63,0,10456.02,Outdoor,Seating,89.89,193.63,2022-05-31
SKU-060,2025-04-28,46.0,193.63,0,8906.98,Outdoor,Seating,89.89,193.63,2022-05-31
SKU-060,2025-05-05,53.0,193.63,0,10262.39,Outdoor,Seating,89.89,193.63,2022-05-31
SKU-060,2025-05-12,60.0,193.63,0,11617.8,Outdoor,Seating,89.89,193.63,2022-05-31
SKU-060,2025-05-19,44.0,185.4525,1,8159.91,Outdoor,Seating,89.89,193.63,2022-05-31
SKU-060,2025-05-26,60.0,176.9225,1,10582.27,Outdoor,Seating,89.89,193.63,2022-05-31
SKU-060,2025-06-02,76.0,193.63,0,14715.880000000001,Outdoor,Seating,89.89,193.63,2022-05-31
SKU-060,2025-06-09,120.0,193.62999999999997,0,23235.6,Outdoor,Seating,89.89,193.63,2022-05-31
SKU-060,2025-06-16,79.0,193.63,0,15296.77,Outdoor,Seating,89.89,193.63,2022-05-31
SKU-060,2025-06-23,38.0,193.63,0,7357.9400000000005,Outdoor,Seating,89.89,193.63,2022-05-31
SKU-060,2025-06-30,55.0,151.2,1,8269.91,Outdoor,Seating,89.89,193.63,2022-05-31
SKU-060,2025-07-07,121.0,187.90714285714284,1,22427.73,Outdoor,Seating,89.89,193.63,2022-05-31
SKU-060,2025-07-14,110.0,193.63,0,21299.3,Outdoor,Seating,89.89,193.63,2022-05-31
SKU-060,2025-07-21,112.0,193.62999999999997,0,21686.56,Outdoor,Seating,89.89,193.63,2022-05-31
SKU-060,2025-07-28,77.0,193.63,0,14909.51,Outdoor,Seating,89.89,193.63,2022-05-31
SKU-060,2025-08-04,60.0,178.79,1,10415.76,Outdoor,Seating,89.89,193.63,2022-05-31
SKU-060,2025-08-11,100.0,157.01749999999998,1,15766.26,Outdoor,Seating,89.89,193.63,2022-05-31
SKU-060,2025-08-18,151.0,180.21666666666667,1,26747.11,Outdoor,Seating,89.89,193.63,2022-05-31
SKU-060,2025-08-25,77.0,193.63,0,14909.51,Outdoor,Seating,89.89,193.63,2022-05-31
SKU-060,2025-09-01,77.0,189.04,1,14331.169999999998,Outdoor,Seating,89.89,193.63,2022-05-31
SKU-060,2025-09-08,92.0,187.5842857142857,1,17001.81,Outdoor,Seating,89.89,193.63,2022-05-31
SKU-060,2025-09-15,69.0,193.63,0,13360.47,Outdoor,Seating,89.89,193.63,2022-05-31
SKU-060,2025-09-22,58.0,193.63,0,11230.539999999999,Outdoor,Seating,89.89,193.63,2022-05-31
SKU-060,2025-09-29,60.0,193.63,0,11617.8,Outdoor,Seating,89.89,193.63,2022-05-31
SKU-060,2025-10-06,36.0,193.63,0,6970.68,Outdoor,Seating,89.89,193.63,2022-05-31
SKU-060,2025-10-13,84.0,176.0583333333333,1,14376.56,Outdoor,Seating,89.89,193.63,2022-05-31
SKU-060,2025-10-20,45.0,193.63,0,8713.349999999999,Outdoor,Seating,89.89,193.63,2022-05-31
SKU-060,2025-10-27,65.0,193.63,0,12585.95,Outdoor,Seating,89.89,193.63,2022-05-31
SKU-060,2025-11-03,49.0,193.63,0,9487.87,Outdoor,Seating,89.89,193.63,2022-05-31
SKU-060,2025-11-10,46.0,193.63,0,8906.98,Outdoor,Seating,89.89,193.63,2022-05-31
SKU-060,2025-11-17,64.0,186.98399999999998,1,11960.33,Outdoor,Seating,89.89,193.63,2022-05-31
SKU-060,2025-11-24,102.0,163.848,1,16708.61,Outdoor,Seating,89.89,193.63,2022-05-31
SKU-060,2025-12-01,25.0,193.63,0,4840.75,Outdoor,Seating,89.89,193.63,2022-05-31
SKU-060,2025-12-08,39.0,193.63,0,7551.57,Outdoor,Seating,89.89,193.63,2022-05-31
SKU-060,2025-12-15,44.0,157.212,1,6910.25,Outdoor,Seating,89.89,193.63,2022-05-31
SKU-060,2025-12-22,57.0,178.98714285714286,1,9955.99,Outdoor,Seating,89.89,193.63,2022-05-31
SKU-060,2025-12-29,37.0,184.42333333333332,1,6871.08,Outdoor,Seating,89.89,193.63,2022-05-31
SKU-060,2026-01-05,40.0,193.62999999999997,0,7745.2,Outdoor,Seating,89.89,193.63,2022-05-31
SKU-060,2026-01-12,28.0,193.63,0,5421.64,Outdoor,Seating,89.89,193.63,2022-05-31
SKU-060,2026-01-19,22.0,193.63,0,4259.86,Outdoor,Seating,89.89,193.63,2022-05-31
SKU-060,2026-01-26,23.0,193.63,0,4453.49,Outdoor,Seating,89.89,193.63,2022-05-31
SKU-060,2026-02-02,29.0,193.63,0,5615.27,Outdoor,Seating,89.89,193.63,2022-05-31
SKU-060,2026-02-09,23.0,193.63,0,4453.49,Outdoor,Seating,89.89,193.63,2022-05-31
SKU-060,2026-02-16,51.0,180.38714285714286,1,8950.21,Outdoor,Seating,89.89,193.63,2022-05-31
SKU-060,2026-02-23,11.0,193.63,0,2129.93,Outdoor,Seating,89.89,193.63,2022-05-31
SKU-060,2026-03-02,62.0,193.63,0,13941.36,Outdoor,Seating,89.89,193.63,2022-05-31
SKU-060,2026-03-09,45.0,182.7225,1,7797.12,Outdoor,Seating,89.89,193.63,2022-05-31
SKU-060,2026-03-16,91.0,166.58,1,15025.17,Outdoor,Seating,89.89,193.63,2022-05-31
SKU-060,2026-03-23,58.0,193.63,0,13360.470000000001,Outdoor,Seating,89.89,193.63,2022-05-31
SKU-060,2026-03-30,79.0,193.63,0,15296.77,Outdoor,Seating,89.89,193.63,2022-05-31
SKU-060,2026-04-06,41.0,193.63,0,7938.83,Outdoor,Seating,89.89,193.63,2022-05-31
SKU-060,2026-04-13,31.0,193.63,0,6002.530000000001,Outdoor,Seating,89.89,193.63,2022-05-31
SKU-060,2026-04-20,41.0,193.63,0,7938.83,Outdoor,Seating,89.89,193.63,2022-05-31
SKU-060,2026-04-27,58.0,193.63,0,11230.539999999999,Outdoor,Seating,89.89,193.63,2022-05-31
SKU-060,2026-05-04,65.0,193.63,0,12585.95,Outdoor,Seating,89.89,193.63,2022-05-31
SKU-060,2026-05-11,47.0,193.63,0,9100.61,Outdoor,Seating,89.89,193.63,2022-05-31
SKU-060,2026-05-18,58.0,193.63,0,11230.54,Outdoor,Seating,89.89,193.63,2022-05-31
SKU-060,2026-05-25,67.0,178.245,1,11674.35,Outdoor,Seating,89.89,193.63,2022-05-31
SKU-060,2026-06-01,122.0,193.62999999999997,0,23622.86,Outdoor,Seating,89.89,193.63,2022-05-31
SKU-060,2026-06-08,79.0,193.63,0,15296.77,Outdoor,Seating,89.89,193.63,2022-05-31
SKU-060,2026-06-15,65.0,193.63,0,12585.95,Outdoor,Seating,89.89,193.63,2022-05-31
SKU-060,2026-06-22,88.0,193.63,0,17039.44,Outdoor,Seating,89.89,193.63,2022-05-31
SKU-060,2026-06-29,133.0,167.46833333333333,1,21733.67,Outdoor,Seating,89.89,193.63,2022-05-31
SKU-060,2026-07-06,107.0,187.58833333333334,1,19920.91,Outdoor,Seating,89.89,193.63,2022-05-31
SKU-060,2026-07-13,86.0,193.63,0,16652.18,Outdoor,Seating,89.89,193.63,2022-05-31
SKU-060,2026-07-20,78.0,193.63,0,15103.14,Outdoor,Seating,89.89,193.63,2022-05-31
SKU-060,2026-07-27,110.0,193.63,0,21299.3,Outdoor,Seating,89.89,193.63,2022-05-31
SKU-060,2026-08-03,65.0,193.63,0,12585.95,Outdoor,Seating,89.89,193.63,2022-05-31
SKU-060,2026-08-10,159.0,161.80666666666667,1,25724.72,Outdoor,Seating,89.89,193.63,2022-05-31
SKU-060,2026-08-17,55.0,165.75333333333333,1,9011.17,Outdoor,Seating,89.89,193.63,2022-05-31
SKU-060,2026-08-24,99.0,193.62999999999997,0,22848.34,Outdoor,Seating,89.89,193.63,2022-05-31
SKU-060,2026-08-31,17.0,193.63,0,3291.71,Outdoor,Seating,89.89,193.63,2022-05-31
