date,sku_id,on_hand_units,on_order_units,lead_time_days,reorder_point
2024-01-01,SKU-001,102.0,0,21,55
2024-01-01,SKU-003,63.0,139,25,161
2024-01-01,SKU-004,39.0,94,29,69
2024-01-01,SKU-005,167.0,0,24,51
2024-01-01,SKU-007,29.0,140,38,276
2024-01-01,SKU-008,127.0,0,31,37
2024-01-01,SKU-010,41.0,144,27,121
2024-01-01,SKU-012,143.0,0,41,103
2024-01-01,SKU-013,61.0,124,14,181
2024-01-01,SKU-014,0.0,107,7,94
2024-01-01,SKU-015,17.0,126,11,72
2024-01-01,SKU-016,43.0,108,11,151
2024-01-01,SKU-018,79.0,0,8,75
2024-01-01,SKU-019,61.0,0,8,25
2024-01-01,SKU-020,148.0,0,12,100
2024-01-01,SKU-024,45.0,0,11,44
2024-01-01,SKU-025,20.0,119,12,131
2024-01-01,SKU-026,14.0,143,10,76
2024-01-01,SKU-027,122.0,0,7,31
2024-01-01,SKU-028,96.0,0,17,16
2024-01-01,SKU-032,19.0,52,19,264
2024-01-01,SKU-034,30.0,121,13,208
2024-01-01,SKU-036,27.0,113,17,190
2024-01-01,SKU-037,63.0,0,16,54
2024-01-01,SKU-038,182.0,0,19,57
2024-01-01,SKU-040,159.0,0,15,22
2024-01-01,SKU-041,135.0,0,26,8
2024-01-01,SKU-044,75.0,0,18,49
2024-01-01,SKU-045,108.0,0,24,30
2024-01-01,SKU-047,87.0,0,27,25
2024-01-01,SKU-048,60.0,114,24,107
2024-01-01,SKU-051,82.0,0,20,60
2024-01-01,SKU-052,158.0,0,23,134
2024-01-01,SKU-056,66.0,0,29,26
2024-01-01,SKU-058,55.0,131,25,70
2024-01-01,SKU-060,44.0,87,15,177
2024-01-08,SKU-001,90.0,0,21,55
2024-01-08,SKU-003,44.0,139,25,161
2024-01-08,SKU-004,30.0,94,29,69
2024-01-08,SKU-005,152.0,0,24,51
2024-01-08,SKU-007,0.0,140,38,276
2024-01-08,SKU-008,121.0,0,31,37
2024-01-08,SKU-010,23.0,144,27,121
2024-01-08,SKU-012,125.0,0,41,103
2024-01-08,SKU-013,0.0,124,14,181
2024-01-08,SKU-014,43.0,62,7,94
2024-01-08,SKU-015,109.0,0,11,72
2024-01-08,SKU-016,80.0,108,11,151
2024-01-08,SKU-018,27.0,115,8,75
2024-01-08,SKU-019,48.0,0,8,25
2024-01-08,SKU-020,107.0,0,12,100
2024-01-08,SKU-024,31.0,103,11,44
2024-01-08,SKU-025,87.0,110,12,131
2024-01-08,SKU-026,118.0,0,10,76
2024-01-08,SKU-027,103.0,0,7,31
2024-01-08,SKU-028,86.0,0,17,16
2024-01-08,SKU-032,0.0,52,19,264
2024-01-08,SKU-034,80.0,129,13,208
2024-01-08,SKU-036,0.0,113,17,190
2024-01-08,SKU-037,,133,16,54
2024-01-08,SKU-038,169.0,0,19,57
2024-01-08,SKU-040,153.0,0,15,22
2024-01-08,SKU-041,133.0,0,26,8
2024-01-08,SKU-044,63.0,0,18,49
2024-01-08,SKU-045,107.0,0,24,30
2024-01-08,SKU-047,83.0,0,27,25
2024-01-08,SKU-048,42.0,114,24,107
2024-01-08,SKU-051,68.0,0,20,60
2024-01-08,SKU-052,131.0,150,23,134
2024-01-08,SKU-056,62.0,0,29,26
2024-01-08,SKU-058,42.0,131,25,70
2024-01-08,SKU-060,0.0,87,15,177
2024-01-15,SKU-001,81.0,0,21,55
2024-01-15,SKU-003,18.0,139,25,161
2024-01-15,SKU-004,21.0,94,29,69
2024-01-15,SKU-005,141.0,0,24,51
2024-01-15,SKU-007,0.0,140,38,276
2024-01-15,SKU-008,112.0,0,31,37
2024-01-15,SKU-010,4.0,144,27,121
2024-01-15,SKU-012,111.0,0,41,103
2024-01-15,SKU-013,49.0,78,14,181
2024-01-15,SKU-014,40.0,128,7,94
2024-01-15,SKU-015,76.0,0,11,72
2024-01-15,SKU-016,123.0,148,11,151
2024-01-15,SKU-018,109.0,0,8,75
2024-01-15,SKU-019,,0,8,25
2024-01-15,SKU-020,60.0,77,12,100
2024-01-15,SKU-024,106.0,0,11,44
2024-01-15,SKU-025,144.0,0,12,131
2024-01-15,SKU-026,77.0,0,10,76
2024-01-15,SKU-027,,0,7,31
2024-01-15,SKU-028,77.0,0,17,16
2024-01-15,SKU-032,0.0,105,19,264
2024-01-15,SKU-034,141.0,126,13,208
2024-01-15,SKU-036,58.0,78,17,190
2024-01-15,SKU-037,42.0,133,16,54
2024-01-15,SKU-038,158.0,0,19,57
2024-01-15,SKU-040,147.0,0,15,22
2024-01-15,SKU-041,130.0,0,26,8
2024-01-15,SKU-044,49.0,0,18,49
2024-01-15,SKU-045,96.0,0,24,30
2024-01-15,SKU-047,77.0,0,27,25
2024-01-15,SKU-048,32.0,114,24,107
2024-01-15,SKU-051,49.0,123,20,60
2024-01-15,SKU-052,93.0,150,23,134
2024-01-15,SKU-056,57.0,0,29,26
2024-01-15,SKU-058,29.0,131,25,70
2024-01-15,SKU-060,44.0,88,15,177
2024-01-22,SKU-001,72.0,0,21,55
2024-01-22,SKU-003,125.0,144,25,161
2024-01-22,SKU-004,4.0,94,29,69
2024-01-22,SKU-005,131.0,0,24,51
2024-01-22,SKU-007,0.0,140,38,276
2024-01-22,SKU-008,110.0,0,31,37
2024-01-22,SKU-010,132.0,0,27,121
2024-01-22,SKU-012,90.0,145,41,103
2024-01-22,SKU-013,0.0,78,14,181
2024-01-22,SKU-014,119.0,0,7,94
2024-01-22,SKU-015,48.0,126,11,72
2024-01-22,SKU-016,203.0,0,11,151
2024-01-22,SKU-018,50.0,125,8,75
2024-01-22,SKU-019,26.0,0,8,25
2024-01-22,SKU-020,95.0,134,12,100
2024-01-22,SKU-024,83.0,0,11,44
2024-01-22,SKU-025,92.0,92,12,131
2024-01-22,SKU-026,44.0,112,10,76
2024-01-22,SKU-027,65.0,0,7,31
2024-01-22,SKU-028,75.0,0,17,16
2024-01-22,SKU-032,0.0,105,19,264
2024-01-22,SKU-034,177.0,73,13,208
2024-01-22,SKU-036,12.0,78,17,190
2024-01-22,SKU-037,167.0,0,16,54
2024-01-22,SKU-038,141.0,0,19,57
2024-01-22,SKU-040,141.0,0,15,22
2024-01-22,SKU-041,129.0,0,26,8
2024-01-22,SKU-044,42.0,53,18,49
2024-01-22,SKU-045,88.0,0,24,30
2024-01-22,SKU-047,72.0,0,27,25
2024-01-22,SKU-048,119.0,0,24,107
2024-01-22,SKU-051,27.0,123,20,60
2024-01-22,SKU-052,72.0,150,23,134
2024-01-22,SKU-056,52.0,0,29,26
2024-01-22,SKU-058,156.0,0,25,70
2024-01-22,SKU-060,3.0,88,15,177
2024-01-29,SKU-001,61.0,0,21,55
2024-01-29,SKU-003,94.0,144,25,161
2024-01-29,SKU-004,91.0,0,29,69
2024-01-29,SKU-005,117.0,0,24,51
2024-01-29,SKU-007,0.0,140,38,276
2024-01-29,SKU-008,102.0,0,31,37
2024-01-29,SKU-010,118.0,66,27,121
2024-01-29,SKU-012,73.0,145,41,103
2024-01-29,SKU-013,33.0,56,14,181
2024-01-29,SKU-014,62.0,76,7,94
2024-01-29,SKU-015,142.0,0,11,72
2024-01-29,SKU-016,141.0,90,11,151
2024-01-29,SKU-018,121.0,0,8,75
2024-01-29,SKU-019,10.0,70,8,25
2024-01-29,SKU-020,185.0,0,12,100
2024-01-29,SKU-024,64.0,0,11,44
2024-01-29,SKU-025,137.0,0,12,131
2024-01-29,SKU-026,125.0,0,10,76
2024-01-29,SKU-027,47.0,0,7,31
2024-01-29,SKU-028,72.0,0,17,16
2024-01-29,SKU-032,41.0,65,19,264
2024-01-29,SKU-034,183.0,57,13,208
2024-01-29,SKU-036,45.0,88,17,190
2024-01-29,SKU-037,145.0,0,16,54
2024-01-29,SKU-038,126.0,0,19,57
2024-01-29,SKU-040,133.0,0,15,22
2024-01-29,SKU-041,127.0,0,26,8
2024-01-29,SKU-044,29.0,53,18,49
2024-01-29,SKU-045,86.0,0,24,30
2024-01-29,SKU-047,,0,27,25
2024-01-29,SKU-048,106.0,119,24,107
2024-01-29,SKU-051,135.0,0,20,60
2024-01-29,SKU-052,196.0,0,23,134
2024-01-29,SKU-056,49.0,0,29,26
2024-01-29,SKU-058,144.0,0,25,70
2024-01-29,SKU-060,43.0,62,15,177
2024-02-05,SKU-001,47.0,65,21,55
2024-02-05,SKU-003,65.0,144,25,161
2024-02-05,SKU-004,75.0,0,29,69
2024-02-05,SKU-005,102.0,0,24,51
2024-02-05,SKU-007,100.0,83,38,276
2024-02-05,SKU-008,91.0,0,31,37
2024-02-05,SKU-010,91.0,66,27,121
2024-02-05,SKU-012,59.0,145,41,103
2024-02-05,SKU-013,0.0,56,14,181
2024-02-05,SKU-014,61.0,103,7,94
2024-02-05,SKU-015,118.0,0,11,72
2024-02-05,SKU-016,174.0,0,11,151
2024-02-05,SKU-018,77.0,0,8,75
2024-02-05,SKU-019,66.0,0,8,25
2024-02-05,SKU-020,143.0,0,12,100
2024-02-05,SKU-024,39.0,117,11,44
2024-02-05,SKU-025,86.0,130,12,131
2024-02-05,SKU-026,86.0,0,10,76
2024-02-05,SKU-027,21.0,61,7,31
2024-02-05,SKU-028,,0,17,16
2024-02-05,SKU-032,0.0,65,19,264
2024-02-05,SKU-033,41.0,81,18,208
2024-02-05,SKU-034,163.0,118,13,208
2024-02-05,SKU-036,1.0,88,17,190
2024-02-05,SKU-037,124.0,0,16,54
2024-02-05,SKU-038,111.0,0,19,57
2024-02-05,SKU-040,125.0,0,15,22
2024-02-05,SKU-041,121.0,0,26,8
2024-02-05,SKU-044,68.0,0,18,49
2024-02-05,SKU-045,84.0,0,24,30
2024-02-05,SKU-047,60.0,0,27,25
2024-02-05,SKU-048,86.0,119,24,107
2024-02-05,SKU-051,121.0,0,20,60
2024-02-05,SKU-052,169.0,0,23,134
2024-02-05,SKU-056,46.0,0,29,26
2024-02-05,SKU-058,127.0,0,25,70
2024-02-05,SKU-060,0.0,62,15,177
2024-02-12,SKU-001,31.0,65,21,55
2024-02-12,SKU-003,178.0,0,25,161
2024-02-12,SKU-004,,125,29,69
2024-02-12,SKU-005,,0,24,51
2024-02-12,SKU-007,64.0,83,38,276
2024-02-12,SKU-008,84.0,0,31,37
2024-02-12,SKU-010,79.0,66,27,121
2024-02-12,SKU-012,50.0,145,41,103
2024-02-12,SKU-013,0.0,142,14,181
2024-02-12,SKU-014,92.0,79,7,94
2024-02-12,SKU-015,76.0,0,11,72
2024-02-12,SKU-016,83.0,81,11,151
2024-02-12,SKU-018,26.0,59,8,75
2024-02-12,SKU-019,55.0,0,8,25
2024-02-12,SKU-020,102.0,0,12,100
2024-02-12,SKU-024,144.0,0,11,44
2024-02-12,SKU-025,169.0,0,12,131
2024-02-12,SKU-026,42.0,77,10,76
2024-02-12,SKU-027,64.0,0,7,31
2024-02-12,SKU-028,63.0,0,17,16
2024-02-12,SKU-032,0.0,117,19,264
2024-02-12,SKU-033,0.0,81,18,208
2024-02-12,SKU-034,220.0,0,13,208
2024-02-12,SKU-036,36.0,105,17,190
2024-02-12,SKU-037,114.0,0,16,54
2024-02-12,SKU-038,92.0,0,19,57
2024-02-12,SKU-040,119.0,0,15,22
2024-02-12,SKU-041,119.0,0,26,8
2024-02-12,SKU-044,53.0,0,18,49
2024-02-12,SKU-045,74.0,0,24,30
2024-02-12,SKU-047,57.0,0,27,25
2024-02-12,SKU-048,69.0,119,24,107
2024-02-12,SKU-051,115.0,0,20,60
2024-02-12,SKU-052,143.0,0,23,134
2024-02-12,SKU-056,44.0,0,29,26
2024-02-12,SKU-058,114.0,0,25,70
2024-02-12,SKU-060,0.0,75,15,177
2024-02-19,SKU-001,20.0,65,21,55
2024-02-19,SKU-003,152.0,137,25,161
2024-02-19,SKU-004,47.0,125,29,69
2024-02-19,SKU-005,81.0,0,24,51
2024-02-19,SKU-006,48.0,134,28,307
2024-02-19,SKU-007,36.0,83,38,276
2024-02-19,SKU-008,78.0,0,31,37
2024-02-19,SKU-010,124.0,0,27,121
2024-02-19,SKU-011,113.0,0,25,27
2024-02-19,SKU-012,39.0,145,41,103
2024-02-19,SKU-013,0.0,142,14,181
2024-02-19,SKU-014,101.0,0,7,94
2024-02-19,SKU-015,34.0,86,11,72
2024-02-19,SKU-016,95.0,123,11,151
2024-02-19,SKU-018,48.0,67,8,75
2024-02-19,SKU-019,,0,8,25
2024-02-19,SKU-020,56.0,77,12,100
2024-02-19,SKU-024,118.0,0,11,44
2024-02-19,SKU-025,128.0,91,12,131
2024-02-19,SKU-026,91.0,0,10,76
2024-02-19,SKU-027,41.0,0,7,31
2024-02-19,SKU-028,56.0,0,17,16
2024-02-19,SKU-032,0.0,117,19,264
2024-02-19,SKU-033,28.0,138,18,208
2024-02-19,SKU-034,143.0,136,13,208
2024-02-19,SKU-036,0.0,105,17,190
2024-02-19,SKU-037,94.0,0,16,54
2024-02-19,SKU-038,77.0,0,19,57
2024-02-19,SKU-040,111.0,0,15,22
2024-02-19,SKU-041,119.0,0,26,8
2024-02-19,SKU-044,39.0,138,18,49
2024-02-19,SKU-045,69.0,0,24,30
2024-02-19,SKU-047,50.0,0,27,25
2024-02-19,SKU-048,169.0,0,24,107
2024-02-19,SKU-051,106.0,0,20,60
2024-02-19,SKU-052,122.0,148,23,134
2024-02-19,SKU-056,40.0,0,29,26
2024-02-19,SKU-058,102.0,0,25,70
2024-02-19,SKU-060,0.0,75,15,177
2024-02-26,SKU-001,74.0,0,21,55
2024-02-26,SKU-003,116.0,137,25,161
2024-02-26,SKU-004,36.0,125,29,69
2024-02-26,SKU-005,71.0,0,24,51
2024-02-26,SKU-006,3.0,134,28,307
2024-02-26,SKU-007,0.0,83,38,276
2024-02-26,SKU-008,72.0,0,31,37
2024-02-26,SKU-010,102.0,67,27,121
2024-02-26,SKU-011,111.0,0,25,27
2024-02-26,SKU-012,,0,41,103
2024-02-26,SKU-013,89.0,145,14,181
2024-02-26,SKU-014,42.0,85,7,94
2024-02-26,SKU-015,,0,11,72
2024-02-26,SKU-016,154.0,0,11,151
2024-02-26,SKU-018,77.0,0,8,75
2024-02-26,SKU-019,15.0,127,8,25
2024-02-26,SKU-020,93.0,75,12,100
2024-02-26,SKU-024,90.0,0,11,44
2024-02-26,SKU-025,164.0,0,12,131
2024-02-26,SKU-026,60.0,112,10,76
2024-02-26,SKU-027,25.0,145,7,31
2024-02-26,SKU-028,50.0,0,17,16
2024-02-26,SKU-032,56.0,64,19,264
2024-02-26,SKU-033,0.0,138,18,208
2024-02-26,SKU-034,195.0,55,13,208
2024-02-26,SKU-036,49.0,85,17,190
2024-02-26,SKU-037,85.0,0,16,54
2024-02-26,SKU-038,62.0,0,19,57
2024-02-26,SKU-040,107.0,0,15,22
2024-02-26,SKU-041,118.0,0,26,8
2024-02-26,SKU-044,22.0,138,18,49
2024-02-26,SKU-045,65.0,0,24,30
2024-02-26,SKU-047,47.0,0,27,25
2024-02-26,SKU-048,140.0,0,24,107
2024-02-26,SKU-051,95.0,0,20,60
2024-02-26,SKU-052,93.0,148,23,134
2024-02-26,SKU-056,37.0,0,29,26
2024-02-26,SKU-058,87.0,0,25,70
2024-02-26,SKU-060,12.0,62,15,177
2024-03-04,SKU-001,62.0,0,21,55
2024-03-04,SKU-003,82.0,137,25,161
2024-03-04,SKU-004,25.0,125,29,69
2024-03-04,SKU-005,64.0,0,24,51
2024-03-04,SKU-006,0.0,134,28,307
2024-03-04,SKU-007,0.0,83,38,276
2024-03-04,SKU-008,65.0,0,31,37
2024-03-04,SKU-010,85.0,67,27,121
2024-03-04,SKU-011,108.0,0,25,27
2024-03-04,SKU-012,155.0,0,41,103
2024-03-04,SKU-013,20.0,145,14,181
2024-03-04,SKU-014,81.0,109,7,94
2024-03-04,SKU-015,66.0,100,11,72
2024-03-04,SKU-016,99.0,73,11,151
2024-03-04,SKU-018,27.0,121,8,75
2024-03-04,SKU-019,131.0,0,8,25
2024-03-04,SKU-020,127.0,0,12,100
2024-03-04,SKU-021,95.0,0,14,28
2024-03-04,SKU-024,74.0,0,11,44
2024-03-04,SKU-025,124.0,92,12,131
2024-03-04,SKU-026,129.0,0,10,76
2024-03-04,SKU-027,144.0,0,7,31
2024-03-04,SKU-028,46.0,0,17,16
2024-03-04,SKU-032,0.0,64,19,264
2024-03-04,SKU-033,77.0,139,18,208
2024-03-04,SKU-034,182.0,63,13,208
2024-03-04,SKU-036,0.0,85,17,190
2024-03-04,SKU-037,67.0,0,16,54
2024-03-04,SKU-038,50.0,50,19,57
2024-03-04,SKU-040,99.0,0,15,22
2024-03-04,SKU-041,117.0,0,26,8
2024-03-04,SKU-044,146.0,0,18,49
2024-03-04,SKU-045,55.0,0,24,30
2024-03-04,SKU-047,44.0,0,27,25
2024-03-04,SKU-048,124.0,0,24,107
2024-03-04,SKU-051,85.0,0,20,60
2024-03-04,SKU-052,68.0,148,23,134
2024-03-04,SKU-056,34.0,0,29,26
2024-03-04,SKU-058,69.0,81,25,70
2024-03-04,SKU-060,0.0,62,15,177
2024-03-11,SKU-001,46.0,133,21,55
2024-03-11,SKU-003,193.0,0,25,161
2024-03-11,SKU-004,141.0,0,29,69
2024-03-11,SKU-005,52.0,0,24,51
2024-03-11,SKU-006,0.0,134,28,307
2024-03-11,SKU-007,45.0,50,38,276
2024-03-11,SKU-008,59.0,0,31,37
2024-03-11,SKU-010,71.0,67,27,121
2024-03-11,SKU-011,99.0,0,25,27
2024-03-11,SKU-012,150.0,0,41,103
2024-03-11,SKU-013,107.0,150,14,181
2024-03-11,SKU-014,133.0,0,7,94
2024-03-11,SKU-015,135.0,0,11,72
2024-03-11,SKU-016,111.0,59,11,151
2024-03-11,SKU-018,109.0,0,8,75
2024-03-11,SKU-019,117.0,0,8,25
2024-03-11,SKU-020,86.0,102,12,100
2024-03-11,SKU-021,83.0,0,14,28
2024-03-11,SKU-024,57.0,0,11,44
2024-03-11,SKU-025,164.0,0,12,131
2024-03-11,SKU-026,96.0,0,10,76
2024-03-11,SKU-027,117.0,0,7,31
2024-03-11,SKU-028,42.0,0,17,16
2024-03-11,SKU-032,8.0,85,19,264
2024-03-11,SKU-033,26.0,139,18,208
2024-03-11,SKU-034,179.0,55,13,208
2024-03-11,SKU-036,34.0,144,17,190
2024-03-11,SKU-037,49.0,84,16,54
2024-03-11,SKU-038,40.0,50,19,57
2024-03-11,SKU-040,91.0,0,15,22
2024-03-11,SKU-041,113.0,0,26,8
2024-03-11,SKU-044,125.0,0,18,49
2024-03-11,SKU-045,51.0,0,24,30
2024-03-11,SKU-047,41.0,0,27,25
2024-03-11,SKU-048,105.0,53,24,107
2024-03-11,SKU-051,70.0,0,20,60
2024-03-11,SKU-052,195.0,0,23,134
2024-03-11,SKU-056,30.0,0,29,26
2024-03-11,SKU-058,55.0,81,25,70
2024-03-11,SKU-060,16.0,79,15,177
2024-03-18,SKU-001,37.0,133,21,55
2024-03-18,SKU-003,171.0,0,25,161
2024-03-18,SKU-004,129.0,0,29,69
2024-03-18,SKU-005,45.0,128,24,51
2024-03-18,SKU-006,87.0,139,28,307
2024-03-18,SKU-007,7.0,50,38,276
2024-03-18,SKU-008,49.0,0,31,37
2024-03-18,SKU-010,108.0,109,27,121
2024-03-18,SKU-011,91.0,0,25,27
2024-03-18,SKU-012,134.0,0,41,103
2024-03-18,SKU-013,55.0,150,14,181
2024-03-18,SKU-014,68.0,146,7,94
2024-03-18,SKU-015,100.0,0,11,72
2024-03-18,SKU-016,116.0,134,11,151
2024-03-18,SKU-018,76.0,0,8,75
2024-03-18,SKU-019,107.0,0,8,25
2024-03-18,SKU-020,160.0,0,12,100
2024-03-18,SKU-021,75.0,0,14,28
2024-03-18,SKU-024,39.0,101,11,44
2024-03-18,SKU-025,119.0,66,12,131
2024-03-18,SKU-026,43.0,64,10,76
2024-03-18,SKU-027,100.0,0,7,31
2024-03-18,SKU-028,33.0,0,17,16
2024-03-18,SKU-032,0.0,85,19,264
2024-03-18,SKU-033,114.0,64,18,208
2024-03-18,SKU-034,154.0,117,13,208
2024-03-18,SKU-036,0.0,144,17,190
2024-03-18,SKU-037,32.0,84,16,54
2024-03-18,SKU-038,76.0,0,19,57
2024-03-18,SKU-040,82.0,0,15,22
2024-03-18,SKU-041,111.0,0,26,8
2024-03-18,SKU-044,115.0,0,18,49
2024-03-18,SKU-045,42.0,0,24,30
2024-03-18,SKU-047,36.0,0,27,25
2024-03-18,SKU-048,85.0,53,24,107
2024-03-18,SKU-051,61.0,0,20,60
2024-03-18,SKU-052,169.0,0,23,134
2024-03-18,SKU-056,25.0,121,29,26
2024-03-18,SKU-058,43.0,81,25,70
2024-03-18,SKU-060,0.0,79,15,177
2024-03-25,SKU-001,21.0,133,21,55
2024-03-25,SKU-003,140.0,52,25,161
2024-03-25,SKU-004,123.0,0,29,69
2024-03-25,SKU-005,32.0,128,24,51
2024-03-25,SKU-006,36.0,139,28,307
2024-03-25,SKU-007,0.0,50,38,276
2024-03-25,SKU-008,42.0,0,31,37
2024-03-25,SKU-010,89.0,109,27,121
2024-03-25,SKU-011,80.0,0,25,27
2024-03-25,SKU-012,121.0,0,41,103
2024-03-25,SKU-013,150.0,105,14,181
2024-03-25,SKU-014,165.0,0,7,94
2024-03-25,SKU-015,70.0,128,11,72
2024-03-25,SKU-016,188.0,0,11,151
2024-03-25,SKU-018,48.0,54,8,75
2024-03-25,SKU-019,97.0,0,8,25
2024-03-25,SKU-020,122.0,0,12,100
2024-03-25,SKU-021,65.0,0,14,28
2024-03-25,SKU-024,,0,11,44
2024-03-25,SKU-025,137.0,0,12,131
2024-03-25,SKU-026,69.0,85,10,76
2024-03-25,SKU-027,84.0,0,7,31
2024-03-25,SKU-028,28.0,0,17,16
2024-03-25,SKU-032,30.0,81,19,264
2024-03-25,SKU-033,47.0,64,18,208
2024-03-25,SKU-034,204.0,114,13,208
2024-03-25,SKU-036,85.0,125,17,190
2024-03-25,SKU-037,99.0,0,16,54
2024-03-25,SKU-038,68.0,0,19,57
2024-03-25,SKU-040,77.0,0,15,22
2024-03-25,SKU-041,109.0,0,26,8
2024-03-25,SKU-044,105.0,0,18,49
2024-03-25,SKU-045,,0,24,30
2024-03-25,SKU-047,30.0,0,27,25
2024-03-25,SKU-048,61.0,53,24,107
2024-03-25,SKU-051,41.0,60,20,60
2024-03-25,SKU-052,144.0,0,23,134
2024-03-25,SKU-056,20.0,121,29,26
2024-03-25,SKU-057,122.0,0,31,82
2024-03-25,SKU-058,113.0,0,25,70
2024-03-25,SKU-060,37.0,63,15,177
2024-04-01,SKU-001,140.0,0,21,55
2024-04-01,SKU-003,110.0,52,25,161
2024-04-01,SKU-004,109.0,0,29,69
2024-04-01,SKU-005,19.0,128,24,51
2024-04-01,SKU-006,0.0,139,28,307
2024-04-01,SKU-007,0.0,50,38,276
2024-04-01,SKU-008,38.0,0,31,37
2024-04-01,SKU-010,66.0,109,27,121
2024-04-01,SKU-011,73.0,0,25,27
2024-04-01,SKU-012,,0,41,103
2024-04-01,SKU-013,90.0,105,14,181
2024-04-01,SKU-014,,0,7,94
2024-04-01,SKU-015,174.0,0,11,72
2024-04-01,SKU-016,125.0,88,11,151
2024-04-01,SKU-018,64.0,132,8,75
2024-04-01,SKU-019,80.0,0,8,25
2024-04-01,SKU-020,82.0,115,12,100
2024-04-01,SKU-021,57.0,0,14,28
2024-04-01,SKU-024,99.0,0,11,44
2024-04-01,SKU-025,82.0,68,12,131
2024-04-01,SKU-026,118.0,0,10,76
2024-04-01,SKU-027,69.0,0,7,31
2024-04-01,SKU-028,21.0,0,17,16
2024-04-01,SKU-032,0.0,81,19,264
2024-04-01,SKU-033,,58,18,208
2024-04-01,SKU-034,243.0,0,13,208
2024-04-01,SKU-036,30.0,125,17,190
2024-04-01,SKU-037,89.0,0,16,54
2024-04-01,SKU-038,60.0,0,19,57
2024-04-01,SKU-040,64.0,0,15,22
2024-04-01,SKU-041,108.0,0,26,8
2024-04-01,SKU-044,95.0,0,18,49
2024-04-01,SKU-045,34.0,0,24,30
2024-04-01,SKU-047,20.0,127,27,25
2024-04-01,SKU-048,92.0,123,24,107
2024-04-01,SKU-051,27.0,60,20,60
2024-04-01,SKU-052,115.0,64,23,134
2024-04-01,SKU-056,18.0,121,29,26
2024-04-01,SKU-057,114.0,0,31,82
2024-04-01,SKU-058,107.0,0,25,70
2024-04-01,SKU-060,0.0,63,15,177
2024-04-08,SKU-001,128.0,0,21,55
2024-04-08,SKU-003,73.0,52,25,161
2024-04-08,SKU-004,97.0,0,29,69
2024-04-08,SKU-005,143.0,0,24,51
2024-04-08,SKU-006,0.0,139,28,307
2024-04-08,SKU-007,0.0,50,38,276
2024-04-08,SKU-008,36.0,71,31,37
2024-04-08,SKU-010,152.0,0,27,121
2024-04-08,SKU-011,68.0,0,25,27
2024-04-08,SKU-012,97.0,50,41,103
2024-04-08,SKU-013,142.0,98,14,181
2024-04-08,SKU-014,47.0,68,7,94
2024-04-08,SKU-015,139.0,0,11,72
2024-04-08,SKU-016,151.0,0,11,151
2024-04-08,SKU-018,155.0,0,8,75
2024-04-08,SKU-019,66.0,0,8,25
2024-04-08,SKU-020,157.0,0,12,100
2024-04-08,SKU-021,47.0,0,14,28
2024-04-08,SKU-024,78.0,0,11,44
2024-04-08,SKU-025,99.0,82,12,131
2024-04-08,SKU-026,80.0,0,10,76
2024-04-08,SKU-027,46.0,0,7,31
2024-04-08,SKU-028,16.0,0,17,16
2024-04-08,SKU-032,13.0,86,19,264
2024-04-08,SKU-033,0.0,58,18,208
2024-04-08,SKU-034,176.0,58,13,208
2024-04-08,SKU-036,109.0,117,17,190
2024-04-08,SKU-037,68.0,0,16,54
2024-04-08,SKU-038,46.0,90,19,57
2024-04-08,SKU-040,53.0,0,15,22
2024-04-08,SKU-041,104.0,0,26,8
2024-04-08,SKU-044,80.0,0,18,49
2024-04-08,SKU-045,27.0,146,24,30
2024-04-08,SKU-047,16.0,127,27,25
2024-04-08,SKU-048,61.0,123,24,107
2024-04-08,SKU-051,67.0,0,20,60
2024-04-08,SKU-052,86.0,64,23,134
2024-04-08,SKU-053,83.0,52,23,296
2024-04-08,SKU-056,11.0,121,29,26
2024-04-08,SKU-057,103.0,0,31,82
2024-04-08,SKU-058,91.0,0,25,70
2024-04-08,SKU-060,19.0,58,15,177
2024-04-15,SKU-001,114.0,0,21,55
2024-04-15,SKU-003,96.0,135,25,161
2024-04-15,SKU-004,91.0,0,29,69
2024-04-15,SKU-005,133.0,0,24,51
2024-04-15,SKU-006,91.0,103,28,307
2024-04-15,SKU-007,7.0,149,38,276
2024-04-15,SKU-008,30.0,71,31,37
2024-04-15,SKU-010,120.0,103,27,121
2024-04-15,SKU-011,60.0,0,25,27
2024-04-15,SKU-012,86.0,50,41,103
2024-04-15,SKU-013,84.0,98,14,181
2024-04-15,SKU-014,52.0,143,7,94
2024-04-15,SKU-015,100.0,0,11,72
2024-04-15,SKU-016,93.0,87,11,151
2024-04-15,SKU-018,112.0,0,8,75
2024-04-15,SKU-019,45.0,0,8,25
2024-04-15,SKU-020,122.0,0,12,100
2024-04-15,SKU-021,39.0,0,14,28
2024-04-15,SKU-024,58.0,0,11,44
2024-04-15,SKU-025,124.0,135,12,131
2024-04-15,SKU-026,33.0,60,10,76
2024-04-15,SKU-027,29.0,93,7,31
2024-04-15,SKU-028,14.0,52,17,16
2024-04-15,SKU-032,0.0,86,19,264
2024-04-15,SKU-033,11.0,127,18,208
2024-04-15,SKU-034,169.0,128,13,208
2024-04-15,SKU-036,56.0,117,17,190
2024-04-15,SKU-037,52.0,97,16,54
2024-04-15,SKU-038,33.0,90,19,57
2024-04-15,SKU-040,45.0,0,15,22
2024-04-15,SKU-041,,0,26,8
2024-04-15,SKU-044,67.0,0,18,49
2024-04-15,SKU-045,14.0,146,24,30
2024-04-15,SKU-046,134.0,0,17,25
2024-04-15,SKU-047,11.0,127,27,25
2024-04-15,SKU-048,43.0,123,24,107
2024-04-15,SKU-051,52.0,113,20,60
2024-04-15,SKU-052,60.0,64,23,134
2024-04-15,SKU-053,37.0,52,23,296
2024-04-15,SKU-056,129.0,0,29,26
2024-04-15,SKU-057,90.0,0,31,82
2024-04-15,SKU-058,82.0,0,25,70
2024-04-15,SKU-060,0.0,58,15,177
2024-04-22,SKU-001,107.0,0,21,55
2024-04-22,SKU-003,67.0,135,25,161
2024-04-22,SKU-004,84.0,0,29,69
2024-04-22,SKU-005,123.0,0,24,51
2024-04-22,SKU-006,36.0,103,28,307
2024-04-22,SKU-007,0.0,149,38,276
2024-04-22,SKU-008,28.0,71,31,37
2024-04-22,SKU-010,101.0,103,27,121
2024-04-22,SKU-011,52.0,0,25,27
2024-04-22,SKU-012,70.0,50,41,103
2024-04-22,SKU-013,107.0,144,14,181
2024-04-22,SKU-014,127.0,0,7,94
2024-04-22,SKU-015,65.0,92,11,72
2024-04-22,SKU-016,118.0,99,11,151
2024-04-22,SKU-018,59.0,117,8,75
2024-04-22,SKU-019,29.0,0,8,25
2024-04-22,SKU-020,80.0,61,12,100
2024-04-22,SKU-021,31.0,0,14,28
2024-04-22,SKU-024,47.0,0,11,44
2024-04-22,SKU-025,205.0,0,12,131
2024-04-22,SKU-026,60.0,59,10,76
2024-04-22,SKU-027,102.0,0,7,31
2024-04-22,SKU-028,10.0,52,17,16
2024-04-22,SKU-032,22.0,132,19,264
2024-04-22,SKU-033,0.0,127,18,208
2024-04-22,SKU-034,222.0,0,13,208
2024-04-22,SKU-036,111.0,79,17,190
2024-04-22,SKU-037,33.0,97,16,54
2024-04-22,SKU-038,107.0,0,19,57
2024-04-22,SKU-040,37.0,0,15,22
2024-04-22,SKU-041,101.0,0,26,8
2024-04-22,SKU-044,52.0,0,18,49
2024-04-22,SKU-045,8.0,146,24,30
2024-04-22,SKU-046,129.0,0,17,25
2024-04-22,SKU-047,134.0,0,27,25
2024-04-22,SKU-048,147.0,0,24,107
2024-04-22,SKU-051,33.0,113,20,60
2024-04-22,SKU-052,98.0,82,23,134
2024-04-22,SKU-053,0.0,52,23,296
2024-04-22,SKU-056,127.0,0,29,26
2024-04-22,SKU-057,79.0,78,31,82
2024-04-22,SKU-058,65.0,59,25,70
2024-04-22,SKU-060,3.0,93,15,177
2024-04-29,SKU-001,95.0,0,21,55
2024-04-29,SKU-003,36.0,135,25,161
2024-04-29,SKU-004,75.0,0,29,69
2024-04-29,SKU-005,113.0,0,24,51
2024-04-29,SKU-006,0.0,103,28,307
2024-04-29,SKU-007,0.0,149,38,276
2024-04-29,SKU-008,21.0,71,31,37
2024-04-29,SKU-010,81.0,103,27,121
2024-04-29,SKU-011,44.0,0,25,27
2024-04-29,SKU-012,47.0,50,41,103
2024-04-29,SKU-013,46.0,144,14,181
2024-04-29,SKU-014,66.0,78,7,94
2024-04-29,SKU-015,128.0,0,11,72
2024-04-29,SKU-016,,0,11,151
2024-04-29,SKU-018,129.0,0,8,75
2024-04-29,SKU-019,24.0,73,8,25
2024-04-29,SKU-020,104.0,0,12,100
2024-04-29,SKU-021,25.0,126,14,28
2024-04-29,SKU-024,26.0,78,11,44
2024-04-29,SKU-025,162.0,0,12,131
2024-04-29,SKU-026,80.0,0,10,76
2024-04-29,SKU-027,73.0,0,7,31
2024-04-29,SKU-028,53.0,0,17,16
2024-04-29,SKU-032,0.0,132,19,264
2024-04-29,SKU-033,76.0,62,18,208
2024-04-29,SKU-034,153.0,83,13,208
2024-04-29,SKU-036,61.0,79,17,190
2024-04-29,SKU-037,117.0,0,16,54
2024-04-29,SKU-038,93.0,0,19,57
2024-04-29,SKU-040,32.0,0,15,22
2024-04-29,SKU-041,98.0,0,26,8
2024-04-29,SKU-044,34.0,124,18,49
2024-04-29,SKU-045,148.0,0,24,30
2024-04-29,SKU-046,119.0,0,17,25
2024-04-29,SKU-047,130.0,0,27,25
2024-04-29,SKU-048,129.0,0,24,107
2024-04-29,SKU-051,138.0,0,20,60
2024-04-29,SKU-052,75.0,82,23,134
2024-04-29,SKU-053,0.0,79,23,296
2024-04-29,SKU-056,121.0,0,29,26
2024-04-29,SKU-057,65.0,78,31,82
2024-04-29,SKU-058,51.0,59,25,70
2024-04-29,SKU-060,0.0,93,15,177
2024-05-06,SKU-001,81.0,0,21,55
2024-05-06,SKU-003,142.0,127,25,161
2024-05-06,SKU-004,67.0,67,29,69
2024-05-06,SKU-005,101.0,0,24,51
2024-05-06,SKU-006,0.0,103,28,307
2024-05-06,SKU-007,0.0,149,38,276
2024-05-06,SKU-008,85.0,0,31,37
2024-05-06,SKU-010,158.0,0,27,121
2024-05-06,SKU-011,39.0,0,25,27
2024-05-06,SKU-012,41.0,50,41,103
2024-05-06,SKU-013,118.0,144,14,181
2024-05-06,SKU-014,79.0,116,7,94
2024-05-06,SKU-015,103.0,0,11,72
2024-05-06,SKU-016,93.0,132,11,151
2024-05-06,SKU-018,73.0,69,8,75
2024-05-06,SKU-019,78.0,0,8,25
2024-05-06,SKU-020,70.0,149,12,100
2024-05-06,SKU-021,13.0,126,14,28
2024-05-06,SKU-024,89.0,0,11,44
2024-05-06,SKU-025,105.0,70,12,131
2024-05-06,SKU-026,54.0,76,10,76
2024-05-06,SKU-027,56.0,0,7,31
2024-05-06,SKU-028,48.0,0,17,16
2024-05-06,SKU-032,73.0,96,19,264
2024-05-06,SKU-033,25.0,62,18,208
2024-05-06,SKU-034,175.0,140,13,208
2024-05-06,SKU-036,97.0,128,17,190
2024-05-06,SKU-037,104.0,0,16,54
2024-05-06,SKU-038,82.0,0,19,57
2024-05-06,SKU-040,24.0,0,15,22
2024-05-06,SKU-041,96.0,0,26,8
2024-05-06,SKU-044,28.0,124,18,49
2024-05-06,SKU-045,140.0,0,24,30
2024-05-06,SKU-046,115.0,0,17,25
2024-05-06,SKU-047,122.0,0,27,25
2024-05-06,SKU-048,96.0,101,24,107
2024-05-06,SKU-051,121.0,0,20,60
2024-05-06,SKU-052,56.0,82,23,134
2024-05-06,SKU-053,0.0,79,23,296
2024-05-06,SKU-056,118.0,0,29,26
2024-05-06,SKU-057,55.0,78,31,82
2024-05-06,SKU-058,42.0,59,25,70
2024-05-06,SKU-060,26.0,81,15,177
2024-05-13,SKU-001,63.0,0,21,55
2024-05-13,SKU-003,114.0,127,25,161
2024-05-13,SKU-004,51.0,67,29,69
2024-05-13,SKU-005,83.0,0,24,51
2024-05-13,SKU-006,47.0,85,28,307
2024-05-13,SKU-007,0.0,149,38,276
2024-05-13,SKU-008,77.0,0,31,37
2024-05-13,SKU-010,135.0,0,27,121
2024-05-13,SKU-011,34.0,0,25,27
2024-05-13,SKU-012,79.0,141,41,103
2024-05-13,SKU-013,63.0,144,14,181
2024-05-13,SKU-014,141.0,0,7,94
2024-05-13,SKU-015,66.0,111,11,72
2024-05-13,SKU-016,163.0,0,11,151
2024-05-13,SKU-018,,0,8,75
2024-05-13,SKU-019,61.0,0,8,25
2024-05-13,SKU-020,177.0,0,12,100
2024-05-13,SKU-021,131.0,0,14,28
2024-05-13,SKU-024,77.0,0,11,44
2024-05-13,SKU-025,105.0,71,12,131
2024-05-13,SKU-026,96.0,0,10,76
2024-05-13,SKU-027,33.0,0,7,31
2024-05-13,SKU-028,39.0,0,17,16
2024-05-13,SKU-032,7.0,96,19,264
2024-05-13,SKU-033,35.0,148,18,208
2024-05-13,SKU-034,227.0,0,13,208
2024-05-13,SKU-036,43.0,128,17,190
2024-05-13,SKU-037,79.0,0,16,54
2024-05-13,SKU-038,67.0,0,19,57
2024-05-13,SKU-040,,104,15,22
2024-05-13,SKU-041,,0,26,8
2024-05-13,SKU-044,147.0,0,18,49
2024-05-13,SKU-045,133.0,0,24,30
2024-05-13,SKU-046,107.0,0,17,25
2024-05-13,SKU-047,117.0,0,27,25
2024-05-13,SKU-048,76.0,101,24,107
2024-05-13,SKU-051,110.0,0,20,60
2024-05-13,SKU-052,106.0,71,23,134
2024-05-13,SKU-053,0.0,79,23,296
2024-05-13,SKU-056,113.0,0,29,26
2024-05-13,SKU-057,39.0,78,31,82
2024-05-13,SKU-058,91.0,0,25,70
2024-05-13,SKU-060,0.0,81,15,177
2024-05-20,SKU-001,49.0,143,21,55
2024-05-20,SKU-003,83.0,127,25,161
2024-05-20,SKU-004,41.0,67,29,69
2024-05-20,SKU-005,74.0,0,24,51
2024-05-20,SKU-006,0.0,85,28,307
2024-05-20,SKU-007,115.0,84,38,276
2024-05-20,SKU-008,72.0,0,31,37
2024-05-20,SKU-010,116.0,106,27,121
2024-05-20,SKU-011,31.0,0,25,27
2024-05-20,SKU-012,70.0,141,41,103
2024-05-20,SKU-013,145.0,63,14,181
2024-05-20,SKU-014,77.0,126,7,94
2024-05-20,SKU-015,144.0,0,11,72
2024-05-20,SKU-016,105.0,147,11,151
2024-05-20,SKU-018,46.0,145,8,75
2024-05-20,SKU-019,50.0,0,8,25
2024-05-20,SKU-020,139.0,0,12,100
2024-05-20,SKU-021,124.0,0,14,28
2024-05-20,SKU-024,56.0,0,11,44
2024-05-20,SKU-025,118.0,79,12,131
2024-05-20,SKU-026,55.0,123,10,76
2024-05-20,SKU-027,10.0,62,7,31
2024-05-20,SKU-028,39.0,0,17,16
2024-05-20,SKU-031,114.0,103,12,134
2024-05-20,SKU-032,34.0,90,19,264
2024-05-20,SKU-033,0.0,148,18,208
2024-05-20,SKU-034,155.0,71,13,208
2024-05-20,SKU-036,123.0,106,17,190
2024-05-20,SKU-037,61.0,0,16,54
2024-05-20,SKU-038,55.0,136,19,57
2024-05-20,SKU-040,11.0,104,15,22
2024-05-20,SKU-041,92.0,0,26,8
2024-05-20,SKU-042,147.0,106,18,162
2024-05-20,SKU-044,135.0,0,18,49
2024-05-20,SKU-045,128.0,0,24,30
2024-05-20,SKU-046,101.0,0,17,25
2024-05-20,SKU-047,,0,27,25
2024-05-20,SKU-048,54.0,101,24,107
2024-05-20,SKU-049,153.0,0,19,13
2024-05-20,SKU-051,101.0,0,20,60
2024-05-20,SKU-052,76.0,71,23,134
2024-05-20,SKU-053,19.0,145,23,296
2024-05-20,SKU-056,107.0,0,29,26
2024-05-20,SKU-057,100.0,0,31,82
2024-05-20,SKU-058,75.0,0,25,70
2024-05-20,SKU-060,27.0,75,15,177
2024-05-27,SKU-001,36.0,143,21,55
2024-05-27,SKU-003,181.0,0,25,161
2024-05-27,SKU-004,20.0,67,29,69
2024-05-27,SKU-005,63.0,0,24,51
2024-05-27,SKU-006,0.0,85,28,307
2024-05-27,SKU-007,82.0,84,38,276
2024-05-27,SKU-008,67.0,0,31,37
2024-05-27,SKU-010,,106,27,121
2024-05-27,SKU-011,27.0,0,25,27
2024-05-27,SKU-012,59.0,141,41,103
2024-05-27,SKU-013,88.0,63,14,181
2024-05-27,SKU-014,148.0,0,7,94
2024-05-27,SKU-015,122.0,0,11,72
2024-05-27,SKU-016,183.0,0,11,151
2024-05-27,SKU-018,150.0,0,8,75
2024-05-27,SKU-019,34.0,0,8,25
2024-05-27,SKU-020,93.0,50,12,100
2024-05-27,SKU-021,116.0,0,14,28
2024-05-27,SKU-024,43.0,119,11,44
2024-05-27,SKU-025,145.0,0,12,131
2024-05-27,SKU-026,,0,10,76
2024-05-27,SKU-027,49.0,0,7,31
2024-05-27,SKU-028,33.0,0,17,16
2024-05-27,SKU-031,169.0,0,12,134
2024-05-27,SKU-032,0.0,90,19,264
2024-05-27,SKU-033,108.0,110,18,208
2024-05-27,SKU-034,159.0,139,13,208
2024-05-27,SKU-036,74.0,106,17,190
2024-05-27,SKU-037,47.0,67,16,54
2024-05-27,SKU-038,36.0,136,19,57
2024-05-27,SKU-040,110.0,0,15,22
2024-05-27,SKU-041,90.0,0,26,8
2024-05-27,SKU-042,105.0,106,18,162
2024-05-27,SKU-044,124.0,0,18,49
2024-05-27,SKU-045,124.0,0,24,30
2024-05-27,SKU-046,95.0,0,17,25
2024-05-27,SKU-047,102.0,0,27,25
2024-05-27,SKU-048,124.0,0,24,107
2024-05-27,SKU-049,150.0,0,19,13
2024-05-27,SKU-051,90.0,0,20,60
2024-05-27,SKU-052,46.0,71,23,134
2024-05-27,SKU-053,0.0,145,23,296
2024-05-27,SKU-056,102.0,0,29,26
2024-05-27,SKU-057,78.0,136,31,82
2024-05-27,SKU-058,64.0,82,25,70
2024-05-27,SKU-060,0.0,75,15,177
2024-06-03,SKU-001,27.0,143,21,55
2024-06-03,SKU-003,156.0,51,25,161
2024-06-03,SKU-004,76.0,0,29,69
2024-06-03,SKU-005,56.0,0,24,51
2024-06-03,SKU-006,0.0,85,28,307
2024-06-03,SKU-007,37.0,84,38,276
2024-06-03,SKU-008,58.0,0,31,37
2024-06-03,SKU-010,60.0,106,27,121
2024-06-03,SKU-011,25.0,79,25,27
2024-06-03,SKU-012,48.0,141,41,103
2024-06-03,SKU-013,78.0,100,14,181
2024-06-03,SKU-014,94.0,0,7,94
2024-06-03,SKU-015,83.0,0,11,72
2024-06-03,SKU-016,107.0,86,11,151
2024-06-03,SKU-018,115.0,0,8,75
2024-06-03,SKU-019,21.0,117,8,25
2024-06-03,SKU-020,100.0,0,12,100
2024-06-03,SKU-021,,0,14,28
2024-06-03,SKU-024,145.0,0,11,44
2024-06-03,SKU-025,94.0,146,12,131
2024-06-03,SKU-026,102.0,0,10,76
2024-06-03,SKU-027,32.0,0,7,31
2024-06-03,SKU-028,27.0,0,17,16
2024-06-03,SKU-031,126.0,55,12,134
2024-06-03,SKU-032,17.0,51,19,264
2024-06-03,SKU-033,63.0,110,18,208
2024-06-03,SKU-034,235.0,0,13,208
2024-06-03,SKU-036,120.0,138,17,190
2024-06-03,SKU-037,24.0,67,16,54
2024-06-03,SKU-038,163.0,0,19,57
2024-06-03,SKU-040,104.0,0,15,22
2024-06-03,SKU-041,90.0,0,26,8
2024-06-03,SKU-042,173.0,0,18,162
2024-06-03,SKU-044,114.0,0,18,49
2024-06-03,SKU-045,117.0,0,24,30
2024-06-03,SKU-046,90.0,0,17,25
2024-06-03,SKU-047,100.0,0,27,25
2024-06-03,SKU-048,107.0,0,24,107
2024-06-03,SKU-049,149.0,0,19,13
2024-06-03,SKU-051,74.0,0,20,60
2024-06-03,SKU-052,98.0,71,23,134
2024-06-03,SKU-053,0.0,145,23,296
2024-06-03,SKU-056,100.0,0,29,26
2024-06-03,SKU-057,65.0,136,31,82
2024-06-03,SKU-058,52.0,82,25,70
2024-06-03,SKU-060,7.0,135,15,177
2024-06-10,SKU-001,153.0,0,21,55
2024-06-10,SKU-003,126.0,51,25,161
2024-06-10,SKU-004,70.0,0,29,69
2024-06-10,SKU-005,49.0,95,24,51
2024-06-10,SKU-006,18.0,134,28,307
2024-06-10,SKU-007,0.0,84,38,276
2024-06-10,SKU-008,53.0,0,31,37
2024-06-10,SKU-010,148.0,0,27,121
2024-06-10,SKU-011,23.0,79,25,27
2024-06-10,SKU-012,35.0,141,41,103
2024-06-10,SKU-013,21.0,100,14,181
2024-06-10,SKU-014,35.0,86,7,94
2024-06-10,SKU-015,53.0,51,11,72
2024-06-10,SKU-016,129.0,105,11,151
2024-06-10,SKU-018,67.0,140,8,75
2024-06-10,SKU-019,128.0,0,8,25
2024-06-10,SKU-020,67.0,84,12,100
2024-06-10,SKU-021,101.0,0,14,28
2024-06-10,SKU-024,129.0,0,11,44
2024-06-10,SKU-025,191.0,0,12,131
2024-06-10,SKU-026,68.0,145,10,76
2024-06-10,SKU-027,14.0,130,7,31
2024-06-10,SKU-028,21.0,0,17,16
2024-06-10,SKU-031,137.0,0,12,134
2024-06-10,SKU-032,0.0,51,19,264
2024-06-10,SKU-033,110.0,135,18,208
2024-06-10,SKU-034,168.0,98,13,208
2024-06-10,SKU-036,75.0,138,17,190
2024-06-10,SKU-037,75.0,0,16,54
2024-06-10,SKU-038,143.0,0,19,57
2024-06-10,SKU-040,97.0,0,15,22
2024-06-10,SKU-041,90.0,0,26,8
2024-06-10,SKU-042,140.0,135,18,162
2024-06-10,SKU-044,93.0,0,18,49
2024-06-10,SKU-045,112.0,0,24,30
2024-06-10,SKU-046,82.0,0,17,25
2024-06-10,SKU-047,100.0,0,27,25
2024-06-10,SKU-048,88.0,108,24,107
2024-06-10,SKU-049,147.0,0,19,13
2024-06-10,SKU-051,59.0,104,20,60
2024-06-10,SKU-052,64.0,71,23,134
2024-06-10,SKU-053,79.0,96,23,296
2024-06-10,SKU-056,99.0,0,29,26
2024-06-10,SKU-057,50.0,136,31,82
2024-06-10,SKU-058,36.0,82,25,70
2024-06-10,SKU-060,0.0,135,15,177
2024-06-17,SKU-001,147.0,0,21,55
2024-06-17,SKU-003,95.0,51,25,161
2024-06-17,SKU-004,63.0,58,29,69
2024-06-17,SKU-005,39.0,95,24,51
2024-06-17,SKU-006,0.0,134,28,307
2024-06-17,SKU-007,0.0,84,38,276
2024-06-17,SKU-008,42.0,0,31,37
2024-06-17,SKU-010,114.0,112,27,121
2024-06-17,SKU-011,16.0,79,25,27
2024-06-17,SKU-012,162.0,0,41,103
2024-06-17,SKU-013,53.0,68,14,181
2024-06-17,SKU-014,50.0,111,7,94
2024-06-17,SKU-015,65.0,145,11,72
2024-06-17,SKU-016,160.0,0,11,151
2024-06-17,SKU-018,165.0,0,8,75
2024-06-17,SKU-019,109.0,0,8,25
2024-06-17,SKU-020,110.0,0,12,100
2024-06-17,SKU-021,87.0,0,14,28
2024-06-17,SKU-024,109.0,0,11,44
2024-06-17,SKU-025,147.0,0,12,131
2024-06-17,SKU-026,192.0,0,10,76
2024-06-17,SKU-027,130.0,0,7,31
2024-06-17,SKU-028,20.0,0,17,16
2024-06-17,SKU-031,72.0,113,12,134
2024-06-17,SKU-032,0.0,140,19,264
2024-06-17,SKU-033,48.0,135,18,208
2024-06-17,SKU-034,188.0,90,13,208
2024-06-17,SKU-036,149.0,146,17,190
2024-06-17,SKU-037,65.0,0,16,54
2024-06-17,SKU-038,128.0,0,19,57
2024-06-17,SKU-040,93.0,0,15,22
2024-06-17,SKU-041,88.0,0,26,8
2024-06-17,SKU-042,97.0,135,18,162
2024-06-17,SKU-044,81.0,0,18,49
2024-06-17,SKU-045,107.0,0,24,30
2024-06-17,SKU-046,80.0,0,17,25
2024-06-17,SKU-047,96.0,0,27,25
2024-06-17,SKU-048,67.0,108,24,107
2024-06-17,SKU-049,145.0,0,19,13
2024-06-17,SKU-051,41.0,104,20,60
2024-06-17,SKU-052,38.0,71,23,134
2024-06-17,SKU-053,19.0,96,23,296
2024-06-17,SKU-056,95.0,0,29,26
2024-06-17,SKU-057,41.0,136,31,82
2024-06-17,SKU-058,104.0,0,25,70
2024-06-17,SKU-060,82.0,78,15,177
2024-06-24,SKU-001,133.0,0,21,55
2024-06-24,SKU-003,117.0,70,25,161
2024-06-24,SKU-004,48.0,58,29,69
2024-06-24,SKU-005,28.0,95,24,51
2024-06-24,SKU-006,0.0,134,28,307
2024-06-24,SKU-007,42.0,123,38,276
2024-06-24,SKU-008,32.0,64,31,37
2024-06-24,SKU-010,92.0,112,27,121
2024-06-24,SKU-011,91.0,0,25,27
2024-06-24,SKU-012,149.0,0,41,103
2024-06-24,SKU-013,3.0,68,14,181
2024-06-24,SKU-014,101.0,0,7,94
2024-06-24,SKU-015,189.0,0,11,72
2024-06-24,SKU-016,93.0,66,11,151
2024-06-24,SKU-018,125.0,0,8,75
2024-06-24,SKU-019,92.0,0,8,25
2024-06-24,SKU-020,66.0,76,12,100
2024-06-24,SKU-021,78.0,0,14,28
2024-06-24,SKU-024,92.0,0,11,44
2024-06-24,SKU-025,107.0,131,12,131
2024-06-24,SKU-026,150.0,0,10,76
2024-06-24,SKU-027,116.0,0,7,31
2024-06-24,SKU-028,14.0,99,17,16
2024-06-24,SKU-031,130.0,91,12,134
2024-06-24,SKU-032,0.0,140,19,264
2024-06-24,SKU-033,138.0,144,18,208
2024-06-24,SKU-034,211.0,0,13,208
2024-06-24,SKU-036,86.0,146,17,190
2024-06-24,SKU-037,57.0,0,16,54
2024-06-24,SKU-038,119.0,0,19,57
2024-06-24,SKU-040,86.0,0,15,22
2024-06-24,SKU-041,86.0,0,26,8
2024-06-24,SKU-042,197.0,0,18,162
2024-06-24,SKU-044,65.0,0,18,49
2024-06-24,SKU-045,103.0,0,24,30
2024-06-24,SKU-046,73.0,0,17,25
2024-06-24,SKU-047,90.0,0,27,25
2024-06-24,SKU-048,48.0,108,24,107
2024-06-24,SKU-049,143.0,0,19,13
2024-06-24,SKU-051,135.0,0,20,60
2024-06-24,SKU-052,70.0,92,23,134
2024-06-24,SKU-053,0.0,96,23,296
2024-06-24,SKU-056,93.0,0,29,26
2024-06-24,SKU-057,169.0,0,31,82
2024-06-24,SKU-058,91.0,0,25,70
2024-06-24,SKU-060,31.0,78,15,177
2024-07-01,SKU-001,116.0,0,21,55
2024-07-01,SKU-003,88.0,70,25,161
2024-07-01,SKU-004,34.0,58,29,69
2024-07-01,SKU-005,109.0,0,24,51
2024-07-01,SKU-006,0.0,134,28,307
2024-07-01,SKU-007,5.0,123,38,276
2024-07-01,SKU-008,28.0,64,31,37
2024-07-01,SKU-010,63.0,112,27,121
2024-07-01,SKU-011,85.0,0,25,27
2024-07-01,SKU-012,128.0,0,41,103
2024-07-01,SKU-013,18.0,105,14,181
2024-07-01,SKU-014,36.0,87,7,94
2024-07-01,SKU-015,163.0,0,11,72
2024-07-01,SKU-016,81.0,83,11,151
2024-07-01,SKU-018,80.0,0,8,75
2024-07-01,SKU-019,76.0,0,8,25
2024-07-01,SKU-020,116.0,0,12,100
2024-07-01,SKU-021,69.0,0,14,28
2024-07-01,SKU-024,72.0,0,11,44
2024-07-01,SKU-025,191.0,0,12,131
2024-07-01,SKU-026,115.0,0,10,76
2024-07-01,SKU-027,89.0,0,7,31
2024-07-01,SKU-028,12.0,99,17,16
2024-07-01,SKU-031,171.0,0,12,134
2024-07-01,SKU-032,71.0,63,19,264
2024-07-01,SKU-033,81.0,144,18,208
2024-07-01,SKU-034,129.0,83,13,208
2024-07-01,SKU-036,180.0,125,17,190
2024-07-01,SKU-037,35.0,75,16,54
2024-07-01,SKU-038,105.0,0,19,57
2024-07-01,SKU-040,80.0,0,15,22
2024-07-01,SKU-041,85.0,0,26,8
2024-07-01,SKU-042,156.0,50,18,162
2024-07-01,SKU-043,59.0,53,15,179
2024-07-01,SKU-044,,0,18,49
2024-07-01,SKU-045,101.0,0,24,30
2024-07-01,SKU-046,66.0,0,17,25
2024-07-01,SKU-047,87.0,0,27,25
2024-07-01,SKU-048,137.0,0,24,107
2024-07-01,SKU-049,139.0,0,19,13
2024-07-01,SKU-051,120.0,0,20,60
2024-07-01,SKU-052,30.0,92,23,134
2024-07-01,SKU-053,26.0,59,23,296
2024-07-01,SKU-056,89.0,0,29,26
2024-07-01,SKU-057,158.0,0,31,82
2024-07-01,SKU-058,76.0,0,25,70
2024-07-01,SKU-060,69.0,144,15,177
2024-07-08,SKU-001,108.0,0,21,55
2024-07-08,SKU-003,63.0,70,25,161
2024-07-08,SKU-004,20.0,58,29,69
2024-07-08,SKU-005,104.0,0,24,51
2024-07-08,SKU-006,76.0,97,28,307
2024-07-08,SKU-007,0.0,123,38,276
2024-07-08,SKU-008,24.0,64,31,37
2024-07-08,SKU-010,155.0,0,27,121
2024-07-08,SKU-011,79.0,0,25,27
2024-07-08,SKU-012,117.0,0,41,103
2024-07-08,SKU-013,0.0,105,14,181
2024-07-08,SKU-014,53.0,128,7,94
2024-07-08,SKU-015,130.0,0,11,72
2024-07-08,SKU-016,99.0,50,11,151
2024-07-08,SKU-018,38.0,77,8,75
2024-07-08,SKU-019,61.0,0,8,25
2024-07-08,SKU-020,77.0,121,12,100
2024-07-08,SKU-021,60.0,0,14,28
2024-07-08,SKU-024,51.0,0,11,44
2024-07-08,SKU-025,149.0,0,12,131
2024-07-08,SKU-026,79.0,0,10,76
2024-07-08,SKU-027,74.0,0,7,31
2024-07-08,SKU-028,105.0,0,17,16
2024-07-08,SKU-031,133.0,73,12,134
2024-07-08,SKU-032,6.0,63,19,264
2024-07-08,SKU-033,164.0,82,18,208
2024-07-08,SKU-034,128.0,51,13,208
2024-07-08,SKU-036,117.0,125,17,190
2024-07-08,SKU-037,18.0,75,16,54
2024-07-08,SKU-038,97.0,0,19,57
2024-07-08,SKU-040,75.0,0,15,22
2024-07-08,SKU-041,83.0,0,26,8
2024-07-08,SKU-042,113.0,50,18,162
2024-07-08,SKU-043,3.0,53,15,179
2024-07-08,SKU-044,38.0,80,18,49
2024-07-08,SKU-045,90.0,0,24,30
2024-07-08,SKU-046,55.0,0,17,25
2024-07-08,SKU-047,82.0,0,27,25
2024-07-08,SKU-048,120.0,0,24,107
2024-07-08,SKU-049,134.0,0,19,13
2024-07-08,SKU-051,104.0,0,20,60
2024-07-08,SKU-052,10.0,92,23,134
2024-07-08,SKU-053,0.0,59,23,296
2024-07-08,SKU-056,85.0,0,29,26
2024-07-08,SKU-057,144.0,0,31,82
2024-07-08,SKU-058,64.0,56,25,70
2024-07-08,SKU-060,8.0,144,15,177
2024-07-15,SKU-001,97.0,0,21,55
2024-07-15,SKU-003,103.0,124,25,161
2024-07-15,SKU-004,68.0,71,29,69
2024-07-15,SKU-005,94.0,0,24,51
2024-07-15,SKU-006,8.0,97,28,307
2024-07-15,SKU-007,0.0,123,38,276
2024-07-15,SKU-008,18.0,64,31,37
2024-07-15,SKU-010,133.0,0,27,121
2024-07-15,SKU-011,74.0,0,25,27
2024-07-15,SKU-012,100.0,67,41,103
2024-07-15,SKU-013,54.0,136,14,181
2024-07-15,SKU-014,127.0,0,7,94
2024-07-15,SKU-015,100.0,0,11,72
2024-07-15,SKU-016,91.0,114,11,151
2024-07-15,SKU-018,75.0,0,8,75
2024-07-15,SKU-019,45.0,0,8,25
2024-07-15,SKU-020,158.0,0,12,100
2024-07-15,SKU-021,50.0,0,14,28
2024-07-15,SKU-024,30.0,78,11,44
2024-07-15,SKU-025,98.0,150,12,131
2024-07-15,SKU-026,41.0,89,10,76
2024-07-15,SKU-027,57.0,0,7,31
2024-07-15,SKU-028,99.0,0,17,16
2024-07-15,SKU-031,160.0,0,12,134
2024-07-15,SKU-032,0.0,75,19,264
2024-07-15,SKU-033,112.0,82,18,208
2024-07-15,SKU-034,119.0,99,13,208
2024-07-15,SKU-036,199.0,0,17,190
2024-07-15,SKU-037,72.0,0,16,54
2024-07-15,SKU-038,85.0,0,19,57
2024-07-15,SKU-040,68.0,0,15,22
2024-07-15,SKU-041,81.0,0,26,8
2024-07-15,SKU-042,116.0,84,18,162
2024-07-15,SKU-043,0.0,88,15,179
2024-07-15,SKU-044,26.0,80,18,49
2024-07-15,SKU-045,81.0,0,24,30
2024-07-15,SKU-046,42.0,0,17,25
2024-07-15,SKU-047,77.0,0,27,25
2024-07-15,SKU-048,93.0,97,24,107
2024-07-15,SKU-049,130.0,0,19,13
2024-07-15,SKU-051,91.0,0,20,60
2024-07-15,SKU-052,70.0,99,23,134
2024-07-15,SKU-053,0.0,59,23,296
2024-07-15,SKU-056,83.0,0,29,26
2024-07-15,SKU-057,132.0,0,31,82
2024-07-15,SKU-058,50.0,56,25,70
2024-07-15,SKU-060,105.0,104,15,177
2024-07-22,SKU-001,87.0,0,21,55
2024-07-22,SKU-003,79.0,124,25,161
2024-07-22,SKU-004,52.0,71,29,69
2024-07-22,SKU-005,84.0,0,24,51
2024-07-22,SKU-006,0.0,97,28,307
2024-07-22,SKU-007,0.0,123,38,276
2024-07-22,SKU-008,75.0,0,31,37
2024-07-22,SKU-010,120.0,75,27,121
2024-07-22,SKU-011,73.0,0,25,27
2024-07-22,SKU-012,84.0,67,41,103
2024-07-22,SKU-013,0.0,136,14,181
2024-07-22,SKU-014,59.0,52,7,94
2024-07-22,SKU-015,64.0,125,11,72
2024-07-22,SKU-016,139.0,133,11,151
2024-07-22,SKU-018,36.0,55,8,75
2024-07-22,SKU-019,32.0,0,8,25
2024-07-22,SKU-020,112.0,0,12,100
2024-07-22,SKU-021,41.0,0,14,28
2024-07-22,SKU-024,91.0,0,11,44
2024-07-22,SKU-025,199.0,0,12,131
2024-07-22,SKU-026,91.0,0,10,76
2024-07-22,SKU-027,40.0,0,7,31
2024-07-22,SKU-028,91.0,0,17,16
2024-07-22,SKU-031,118.0,98,12,134
2024-07-22,SKU-032,0.0,75,19,264
2024-07-22,SKU-033,137.0,104,18,208
2024-07-22,SKU-034,149.0,123,13,208
2024-07-22,SKU-036,133.0,90,17,190
2024-07-22,SKU-037,57.0,0,16,54
2024-07-22,SKU-038,69.0,0,19,57
2024-07-22,SKU-040,63.0,0,15,22
2024-07-22,SKU-041,78.0,0,26,8
2024-07-22,SKU-042,80.0,84,18,162
2024-07-22,SKU-043,0.0,88,15,179
2024-07-22,SKU-044,87.0,0,18,49
2024-07-22,SKU-045,75.0,0,24,30
2024-07-22,SKU-046,35.0,0,17,25
2024-07-22,SKU-047,73.0,0,27,25
2024-07-22,SKU-048,66.0,97,24,107
2024-07-22,SKU-049,128.0,0,19,13
2024-07-22,SKU-051,77.0,0,20,60
2024-07-22,SKU-052,40.0,99,23,134
2024-07-22,SKU-053,0.0,120,23,296
2024-07-22,SKU-056,79.0,0,29,26
2024-07-22,SKU-057,116.0,0,31,82
2024-07-22,SKU-058,37.0,56,25,70
2024-07-22,SKU-060,59.0,104,15,177
2024-07-29,SKU-001,76.0,0,21,55
2024-07-29,SKU-003,,124,25,161
2024-07-29,SKU-004,44.0,71,29,69
2024-07-29,SKU-005,75.0,0,24,51
2024-07-29,SKU-006,0.0,97,28,307
2024-07-29,SKU-007,90.0,56,38,276
2024-07-29,SKU-008,71.0,0,31,37
2024-07-29,SKU-010,94.0,75,27,121
2024-07-29,SKU-011,66.0,0,25,27
2024-07-29,SKU-012,81.0,67,41,103
2024-07-29,SKU-013,69.0,145,14,181
2024-07-29,SKU-014,43.0,86,7,94
2024-07-29,SKU-015,154.0,0,11,72
2024-07-29,SKU-016,197.0,0,11,151
2024-07-29,SKU-018,50.0,148,8,75
2024-07-29,SKU-019,22.0,128,8,25
2024-07-29,SKU-020,83.0,84,12,100
2024-07-29,SKU-021,32.0,0,14,28
2024-07-29,SKU-024,70.0,0,11,44
2024-07-29,SKU-025,139.0,0,12,131
2024-07-29,SKU-026,56.0,52,10,76
2024-07-29,SKU-027,23.0,100,7,31
2024-07-29,SKU-028,88.0,0,17,16
2024-07-29,SKU-031,153.0,0,12,134
2024-07-29,SKU-032,20.0,102,19,264
2024-07-29,SKU-033,75.0,104,18,208
2024-07-29,SKU-034,195.0,88,13,208
2024-07-29,SKU-036,82.0,90,17,190
2024-07-29,SKU-037,40.0,89,16,54
2024-07-29,SKU-038,53.0,102,19,57
2024-07-29,SKU-040,61.0,0,15,22
2024-07-29,SKU-041,76.0,0,26,8
2024-07-29,SKU-042,119.0,97,18,162
2024-07-29,SKU-043,39.0,58,15,179
2024-07-29,SKU-044,76.0,0,18,49
2024-07-29,SKU-045,67.0,0,24,30
2024-07-29,SKU-046,28.0,0,17,25
2024-07-29,SKU-047,70.0,0,27,25
2024-07-29,SKU-048,45.0,97,24,107
2024-07-29,SKU-049,126.0,0,19,13
2024-07-29,SKU-051,57.0,92,20,60
2024-07-29,SKU-052,8.0,99,23,134
2024-07-29,SKU-053,0.0,120,23,296
2024-07-29,SKU-056,73.0,0,29,26
2024-07-29,SKU-057,98.0,0,31,82
2024-07-29,SKU-058,79.0,0,25,70
2024-07-29,SKU-059,145.0,0,21,105
2024-07-29,SKU-060,115.0,109,15,177
2024-08-05,SKU-001,61.0,0,21,55
2024-08-05,SKU-003,145.0,62,25,161
2024-08-05,SKU-004,35.0,71,29,69
2024-08-05,SKU-005,66.0,0,24,51
2024-08-05,SKU-006,48.0,112,28,307
2024-08-05,SKU-007,56.0,56,38,276
2024-08-05,SKU-008,62.0,0,31,37
2024-08-05,SKU-010,74.0,75,27,121
2024-08-05,SKU-011,59.0,0,25,27
2024-08-05,SKU-012,69.0,67,41,103
2024-08-05,SKU-013,10.0,145,14,181
2024-08-05,SKU-014,77.0,134,7,94
2024-08-05,SKU-015,117.0,0,11,72
2024-08-05,SKU-016,138.0,123,11,151
2024-08-05,SKU-018,148.0,0,8,75
2024-08-05,SKU-019,138.0,0,8,25
2024-08-05,SKU-020,130.0,0,12,100
2024-08-05,SKU-021,23.0,69,14,28
2024-08-05,SKU-024,56.0,0,11,44
2024-08-05,SKU-025,90.0,138,12,131
2024-08-05,SKU-026,75.0,79,10,76
2024-08-05,SKU-027,98.0,0,7,31
2024-08-05,SKU-028,79.0,0,17,16
2024-08-05,SKU-031,93.0,56,12,134
2024-08-05,SKU-032,0.0,102,19,264
2024-08-05,SKU-033,114.0,51,18,208
2024-08-05,SKU-034,201.0,67,13,208
2024-08-05,SKU-036,123.0,117,17,190
2024-08-05,SKU-037,28.0,89,16,54
2024-08-05,SKU-038,42.0,102,19,57
2024-08-05,SKU-040,51.0,0,15,22
2024-08-05,SKU-041,75.0,0,26,8
2024-08-05,SKU-042,77.0,97,18,162
2024-08-05,SKU-043,0.0,58,15,179
2024-08-05,SKU-044,64.0,0,18,49
2024-08-05,SKU-045,61.0,0,24,30
2024-08-05,SKU-046,21.0,114,17,25
2024-08-05,SKU-047,69.0,0,27,25
2024-08-05,SKU-048,122.0,0,24,107
2024-08-05,SKU-049,124.0,0,19,13
2024-08-05,SKU-051,47.0,92,20,60
2024-08-05,SKU-052,77.0,75,23,134
2024-08-05,SKU-053,0.0,120,23,296
2024-08-05,SKU-056,68.0,0,29,26
2024-08-05,SKU-057,88.0,0,31,82
2024-08-05,SKU-058,66.0,85,25,70
2024-08-05,SKU-059,127.0,0,21,105
2024-08-05,SKU-060,68.0,109,15,177
2024-08-12,SKU-001,45.0,123,21,55
2024-08-12,SKU-003,117.0,62,25,161
2024-08-12,SKU-004,93.0,0,29,69
2024-08-12,SKU-005,60.0,0,24,51
2024-08-12,SKU-006,0.0,112,28,307
2024-08-12,SKU-007,13.0,56,38,276
2024-08-12,SKU-008,57.0,0,31,37
2024-08-12,SKU-010,123.0,0,27,121
2024-08-12,SKU-011,52.0,0,25,27
2024-08-12,SKU-012,59.0,67,41,103
2024-08-12,SKU-013,98.0,134,14,181
2024-08-12,SKU-014,144.0,0,7,94
2024-08-12,SKU-015,87.0,0,11,72
2024-08-12,SKU-016,199.0,0,11,151
2024-08-12,SKU-018,105.0,0,8,75
2024-08-12,SKU-019,129.0,0,8,25
2024-08-12,SKU-020,90.0,66,12,100
2024-08-12,SKU-021,15.0,69,14,28
2024-08-12,SKU-024,34.0,118,11,44
2024-08-12,SKU-025,177.0,0,12,131
2024-08-12,SKU-026,117.0,0,10,76
2024-08-12,SKU-027,73.0,0,7,31
2024-08-12,SKU-028,78.0,0,17,16
2024-08-12,SKU-031,,84,12,134
2024-08-12,SKU-032,31.0,87,19,264
2024-08-12,SKU-033,69.0,51,18,208
2024-08-12,SKU-034,197.0,92,13,208
2024-08-12,SKU-036,71.0,117,17,190
2024-08-12,SKU-037,103.0,0,16,54
2024-08-12,SKU-038,128.0,0,19,57
2024-08-12,SKU-040,41.0,0,15,22
2024-08-12,SKU-041,75.0,0,26,8
2024-08-12,SKU-042,129.0,91,18,162
2024-08-12,SKU-043,0.0,146,15,179
2024-08-12,SKU-044,53.0,0,18,49
2024-08-12,SKU-045,57.0,0,24,30
2024-08-12,SKU-046,16.0,114,17,25
2024-08-12,SKU-047,63.0,0,27,25
2024-08-12,SKU-048,100.0,55,24,107
2024-08-12,SKU-049,123.0,0,19,13
2024-08-12,SKU-051,126.0,0,20,60
2024-08-12,SKU-052,43.0,75,23,134
2024-08-12,SKU-053,66.0,110,23,296
2024-08-12,SKU-056,62.0,0,29,26
2024-08-12,SKU-057,74.0,89,31,82
2024-08-12,SKU-058,49.0,85,25,70
2024-08-12,SKU-059,105.0,0,21,105
2024-08-12,SKU-060,127.0,132,15,177
2024-08-19,SKU-001,31.0,123,21,55
2024-08-19,SKU-003,91.0,62,25,161
2024-08-19,SKU-004,77.0,0,29,69
2024-08-19,SKU-005,50.0,71,24,51
2024-08-19,SKU-006,0.0,112,28,307
2024-08-19,SKU-007,0.0,56,38,276
2024-08-19,SKU-008,48.0,0,31,37
2024-08-19,SKU-010,103.0,129,27,121
2024-08-19,SKU-011,43.0,0,25,27
2024-08-19,SKU-012,115.0,0,41,103
2024-08-19,SKU-013,37.0,134,14,181
2024-08-19,SKU-014,81.0,136,7,94
2024-08-19,SKU-015,52.0,115,11,72
2024-08-19,SKU-016,141.0,68,11,151
2024-08-19,SKU-018,58.0,119,8,75
2024-08-19,SKU-019,109.0,0,8,25
2024-08-19,SKU-020,116.0,0,12,100
2024-08-19,SKU-021,78.0,0,14,28
2024-08-19,SKU-024,131.0,0,11,44
2024-08-19,SKU-025,116.0,52,12,131
2024-08-19,SKU-026,75.0,75,10,76
2024-08-19,SKU-027,50.0,0,7,31
2024-08-19,SKU-028,75.0,0,17,16
2024-08-19,SKU-031,137.0,0,12,134
2024-08-19,SKU-032,0.0,87,19,264
2024-08-19,SKU-033,66.0,141,18,208
2024-08-19,SKU-034,209.0,0,13,208
2024-08-19,SKU-036,145.0,112,17,190
2024-08-19,SKU-037,78.0,0,16,54
2024-08-19,SKU-038,111.0,0,19,57
2024-08-19,SKU-040,31.0,0,15,22
2024-08-19,SKU-041,73.0,0,26,8
2024-08-19,SKU-042,83.0,91,18,162
2024-08-19,SKU-043,0.0,146,15,179
2024-08-19,SKU-044,40.0,124,18,49
2024-08-19,SKU-045,,0,24,30
2024-08-19,SKU-046,121.0,0,17,25
2024-08-19,SKU-047,62.0,0,27,25
2024-08-19,SKU-048,74.0,55,24,107
2024-08-19,SKU-049,121.0,0,19,13
2024-08-19,SKU-051,111.0,0,20,60
2024-08-19,SKU-052,9.0,75,23,134
2024-08-19,SKU-053,0.0,110,23,296
2024-08-19,SKU-056,55.0,0,29,26
2024-08-19,SKU-057,65.0,89,31,82
2024-08-19,SKU-058,40.0,85,25,70
2024-08-19,SKU-059,82.0,137,21,105
2024-08-19,SKU-060,64.0,132,15,177
2024-08-26,SKU-001,17.0,123,21,55
2024-08-26,SKU-003,124.0,85,25,161
2024-08-26,SKU-004,62.0,84,29,69
2024-08-26,SKU-005,38.0,71,24,51
2024-08-26,SKU-006,0.0,112,28,307
2024-08-26,SKU-007,0.0,56,38,276
2024-08-26,SKU-008,44.0,0,31,37
2024-08-26,SKU-010,85.0,129,27,121
2024-08-26,SKU-011,41.0,0,25,27
2024-08-26,SKU-012,109.0,0,41,103
2024-08-26,SKU-013,121.0,53,14,181
2024-08-26,SKU-014,145.0,0,7,94
2024-08-26,SKU-015,129.0,0,11,72
2024-08-26,SKU-016,138.0,56,11,151
2024-08-26,SKU-018,133.0,0,8,75
2024-08-26,SKU-019,98.0,0,8,25
2024-08-26,SKU-020,73.0,51,12,100
2024-08-26,SKU-021,68.0,0,14,28
2024-08-26,SKU-024,113.0,0,11,44
2024-08-26,SKU-025,118.0,58,12,131
2024-08-26,SKU-026,105.0,0,10,76
2024-08-26,SKU-027,32.0,0,7,31
2024-08-26,SKU-028,67.0,0,17,16
2024-08-26,SKU-031,80.0,50,12,134
2024-08-26,SKU-032,23.0,92,19,264
2024-08-26,SKU-033,5.0,141,18,208
2024-08-26,SKU-034,144.0,105,13,208
2024-08-26,SKU-036,88.0,112,17,190
2024-08-26,SKU-037,63.0,0,16,54
2024-08-26,SKU-038,97.0,0,19,57
2024-08-26,SKU-040,24.0,0,15,22
2024-08-26,SKU-041,73.0,0,26,8
2024-08-26,SKU-042,138.0,117,18,162
2024-08-26,SKU-043,92.0,123,15,179
2024-08-26,SKU-044,28.0,124,18,49
2024-08-26,SKU-045,49.0,0,24,30
2024-08-26,SKU-046,120.0,0,17,25
2024-08-26,SKU-047,58.0,0,27,25
2024-08-26,SKU-048,52.0,55,24,107
2024-08-26,SKU-049,113.0,0,19,13
2024-08-26,SKU-051,97.0,0,20,60
2024-08-26,SKU-052,51.0,111,23,134
2024-08-26,SKU-053,0.0,110,23,296
2024-08-26,SKU-056,49.0,0,29,26
2024-08-26,SKU-057,53.0,89,31,82
2024-08-26,SKU-058,114.0,0,25,70
2024-08-26,SKU-059,44.0,137,21,105
2024-08-26,SKU-060,146.0,110,15,177
2024-09-02,SKU-001,133.0,0,21,55
2024-09-02,SKU-003,100.0,85,25,161
2024-09-02,SKU-004,48.0,84,29,69
2024-09-02,SKU-005,25.0,71,24,51
2024-09-02,SKU-006,50.0,126,28,307
2024-09-02,SKU-007,14.0,56,38,276
2024-09-02,SKU-008,32.0,78,31,37
2024-09-02,SKU-010,62.0,129,27,121
2024-09-02,SKU-011,36.0,0,25,27
2024-09-02,SKU-012,96.0,142,41,103
2024-09-02,SKU-013,71.0,53,14,181
2024-09-02,SKU-014,78.0,105,7,94
2024-09-02,SKU-015,109.0,0,11,72
2024-09-02,SKU-016,136.0,82,11,151
2024-09-02,SKU-018,85.0,0,8,75
2024-09-02,SKU-019,81.0,0,8,25
2024-09-02,SKU-020,83.0,127,12,100
2024-09-02,SKU-021,53.0,0,14,28
2024-09-02,SKU-024,95.0,0,11,44
2024-09-02,SKU-025,,0,12,131
2024-09-02,SKU-026,75.0,98,10,76
2024-09-02,SKU-027,8.0,88,7,31
2024-09-02,SKU-028,63.0,0,17,16
2024-09-02,SKU-031,70.0,88,12,134
2024-09-02,SKU-032,0.0,92,19,264
2024-09-02,SKU-033,101.0,67,18,208
2024-09-02,SKU-034,167.0,135,13,208
2024-09-02,SKU-036,138.0,69,17,190
2024-09-02,SKU-037,47.0,64,16,54
2024-09-02,SKU-038,87.0,0,19,57
2024-09-02,SKU-040,19.0,101,15,22
2024-09-02,SKU-041,69.0,0,26,8
2024-09-02,SKU-042,93.0,117,18,162
2024-09-02,SKU-043,42.0,123,15,179
2024-09-02,SKU-044,138.0,0,18,49
2024-09-02,SKU-045,43.0,0,24,30
2024-09-02,SKU-046,106.0,0,17,25
2024-09-02,SKU-047,55.0,0,27,25
2024-09-02,SKU-048,88.0,124,24,107
2024-09-02,SKU-049,112.0,0,19,13
2024-09-02,SKU-051,85.0,0,20,60
2024-09-02,SKU-052,25.0,111,23,134
2024-09-02,SKU-053,48.0,102,23,296
2024-09-02,SKU-056,47.0,0,29,26
2024-09-02,SKU-057,43.0,89,31,82
2024-09-02,SKU-058,105.0,0,25,70
2024-09-02,SKU-059,14.0,137,21,105
2024-09-02,SKU-060,,110,15,177
2024-09-09,SKU-001,118.0,0,21,55
2024-09-09,SKU-003,70.0,85,25,161
2024-09-09,SKU-004,38.0,84,29,69
2024-09-09,SKU-005,84.0,0,24,51
2024-09-09,SKU-006,0.0,126,28,307
2024-09-09,SKU-007,0.0,56,38,276
2024-09-09,SKU-008,23.0,78,31,37
2024-09-09,SKU-010,168.0,0,27,121
2024-09-09,SKU-011,32.0,0,25,27
2024-09-09,SKU-012,87.0,142,41,103
2024-09-09,SKU-013,54.0,137,14,181
2024-09-09,SKU-014,132.0,0,7,94
2024-09-09,SKU-015,89.0,0,11,72
2024-09-09,SKU-016,158.0,0,11,151
2024-09-09,SKU-018,33.0,116,8,75
2024-09-09,SKU-019,60.0,0,8,25
2024-09-09,SKU-020,171.0,0,12,100
2024-09-09,SKU-021,46.0,0,14,28
2024-09-09,SKU-024,79.0,0,11,44
2024-09-09,SKU-025,95.0,127,12,131
2024-09-09,SKU-026,140.0,0,10,76
2024-09-09,SKU-027,78.0,0,7,31
2024-09-09,SKU-028,57.0,0,17,16
2024-09-09,SKU-031,107.0,71,12,134
2024-09-09,SKU-032,29.0,138,19,264
2024-09-09,SKU-033,39.0,67,18,208
2024-09-09,SKU-034,230.0,0,13,208
2024-09-09,SKU-036,76.0,69,17,190
2024-09-09,SKU-037,,64,16,54
2024-09-09,SKU-038,66.0,0,19,57
2024-09-09,SKU-040,10.0,101,15,22
2024-09-09,SKU-041,66.0,0,26,8
2024-09-09,SKU-042,167.0,0,18,162
2024-09-09,SKU-043,111.0,114,15,179
2024-09-09,SKU-044,126.0,0,18,49
2024-09-09,SKU-045,38.0,0,24,30
2024-09-09,SKU-046,98.0,0,17,25
2024-09-09,SKU-047,53.0,0,27,25
2024-09-09,SKU-048,71.0,124,24,107
2024-09-09,SKU-049,110.0,0,19,13
2024-09-09,SKU-051,68.0,0,20,60
2024-09-09,SKU-052,0.0,111,23,134
2024-09-09,SKU-053,0.0,102,23,296
2024-09-09,SKU-056,43.0,0,29,26
2024-09-09,SKU-057,114.0,0,31,82
2024-09-09,SKU-058,96.0,0,25,70
2024-09-09,SKU-059,127.0,0,21,105
2024-09-09,SKU-060,137.0,105,15,177
2024-09-16,SKU-001,107.0,0,21,55
2024-09-16,SKU-003,122.0,122,25,161
2024-09-16,SKU-004,29.0,84,29,69
2024-09-16,SKU-005,72.0,0,24,51
2024-09-16,SKU-006,0.0,126,28,307
2024-09-16,SKU-007,0.0,56,38,276
2024-09-16,SKU-008,20.0,78,31,37
2024-09-16,SKU-010,146.0,0,27,121
2024-09-16,SKU-011,27.0,0,25,27
2024-09-16,SKU-012,76.0,142,41,103
2024-09-16,SKU-013,0.0,137,14,181
2024-09-16,SKU-014,79.0,112,7,94
2024-09-16,SKU-015,48.0,124,11,72
2024-09-16,SKU-016,96.0,108,11,151
2024-09-16,SKU-018,106.0,0,8,75
2024-09-16,SKU-019,41.0,0,8,25
2024-09-16,SKU-020,137.0,0,12,100
2024-09-16,SKU-021,,0,14,28
2024-09-16,SKU-024,57.0,0,11,44
2024-09-16,SKU-025,178.0,0,12,131
2024-09-16,SKU-026,102.0,0,10,76
2024-09-16,SKU-027,63.0,0,7,31
2024-09-16,SKU-028,51.0,0,17,16
2024-09-16,SKU-031,126.0,124,12,134
2024-09-16,SKU-032,0.0,138,19,264
2024-09-16,SKU-033,62.0,79,18,208
2024-09-16,SKU-034,140.0,87,13,208
2024-09-16,SKU-036,92.0,114,17,190
2024-09-16,SKU-037,79.0,0,16,54
2024-09-16,SKU-038,54.0,90,19,57
2024-09-16,SKU-040,107.0,0,15,22
2024-09-16,SKU-041,65.0,0,26,8
2024-09-16,SKU-042,131.0,129,18,162
2024-09-16,SKU-043,44.0,114,15,179
2024-09-16,SKU-044,116.0,0,18,49
2024-09-16,SKU-045,35.0,0,24,30
2024-09-16,SKU-046,92.0,0,17,25
2024-09-16,SKU-047,47.0,0,27,25
2024-09-16,SKU-048,52.0,124,24,107
2024-09-16,SKU-049,105.0,0,19,13
2024-09-16,SKU-051,55.0,105,20,60
2024-09-16,SKU-052,81.0,74,23,134
2024-09-16,SKU-053,0.0,102,23,296
2024-09-16,SKU-056,38.0,0,29,26
2024-09-16,SKU-057,103.0,0,31,82
2024-09-16,SKU-058,84.0,0,25,70
2024-09-16,SKU-059,100.0,96,21,105
2024-09-16,SKU-060,64.0,105,15,177
2024-09-23,SKU-001,91.0,0,21,55
2024-09-23,SKU-003,99.0,122,25,161
2024-09-23,SKU-004,101.0,0,29,69
2024-09-23,SKU-005,64.0,0,24,51
2024-09-23,SKU-006,0.0,126,28,307
2024-09-23,SKU-007,0.0,56,38,276
2024-09-23,SKU-008,12.0,78,31,37
2024-09-23,SKU-010,127.0,0,27,121
2024-09-23,SKU-011,24.0,110,25,27
2024-09-23,SKU-012,63.0,142,41,103
2024-09-23,SKU-013,73.0,66,14,181
2024-09-23,SKU-014,120.0,0,7,94
2024-09-23,SKU-015,141.0,0,11,72
2024-09-23,SKU-016,148.0,66,11,151
2024-09-23,SKU-018,,135,8,75
2024-09-23,SKU-019,24.0,75,8,25
2024-09-23,SKU-020,90.0,142,12,100
2024-09-23,SKU-021,30.0,0,14,28
2024-09-23,SKU-024,37.0,60,11,44
2024-09-23,SKU-025,127.0,90,12,131
2024-09-23,SKU-026,56.0,66,10,76
2024-09-23,SKU-027,52.0,0,7,31
2024-09-23,SKU-028,42.0,0,17,16
2024-09-23,SKU-031,192.0,0,12,134
2024-09-23,SKU-032,85.0,149,19,264
2024-09-23,SKU-033,9.0,79,18,208
2024-09-23,SKU-034,158.0,136,13,208
2024-09-23,SKU-036,37.0,114,17,190
2024-09-23,SKU-037,71.0,0,16,54
2024-09-23,SKU-038,38.0,90,19,57
2024-09-23,SKU-040,96.0,0,15,22
2024-09-23,SKU-041,64.0,0,26,8
2024-09-23,SKU-042,90.0,129,18,162
2024-09-23,SKU-043,108.0,101,15,179
2024-09-23,SKU-044,102.0,0,18,49
2024-09-23,SKU-045,,54,24,30
2024-09-23,SKU-046,84.0,0,17,25
2024-09-23,SKU-047,44.0,0,27,25
2024-09-23,SKU-048,150.0,0,24,107
2024-09-23,SKU-049,102.0,0,19,13
2024-09-23,SKU-051,41.0,105,20,60
2024-09-23,SKU-052,56.0,74,23,134
2024-09-23,SKU-053,48.0,96,23,296
2024-09-23,SKU-056,32.0,0,29,26
2024-09-23,SKU-057,93.0,0,31,82
2024-09-23,SKU-058,73.0,0,25,70
2024-09-23,SKU-059,81.0,96,21,105
2024-09-23,SKU-060,122.0,138,15,177
2024-09-30,SKU-001,80.0,0,21,55
2024-09-30,SKU-003,66.0,122,25,161
2024-09-30,SKU-004,93.0,0,29,69
2024-09-30,SKU-005,57.0,0,24,51
2024-09-30,SKU-006,71.0,108,28,307
2024-09-30,SKU-007,0.0,56,38,276
2024-09-30,SKU-008,87.0,0,31,37
2024-09-30,SKU-010,109.0,125,27,121
2024-09-30,SKU-011,22.0,110,25,27
2024-09-30,SKU-012,55.0,142,41,103
2024-09-30,SKU-013,10.0,66,14,181
2024-09-30,SKU-014,61.0,86,7,94
2024-09-30,SKU-015,106.0,0,11,72
2024-09-30,SKU-016,162.0,0,11,151
2024-09-30,SKU-018,160.0,0,8,75
2024-09-30,SKU-019,80.0,0,8,25
2024-09-30,SKU-020,184.0,0,12,100
2024-09-30,SKU-021,23.0,120,14,28
2024-09-30,SKU-024,81.0,0,11,44
2024-09-30,SKU-025,173.0,0,12,131
2024-09-30,SKU-026,85.0,0,10,76
2024-09-30,SKU-027,33.0,0,7,31
2024-09-30,SKU-028,36.0,0,17,16
2024-09-30,SKU-031,142.0,0,12,134
2024-09-30,SKU-032,9.0,149,19,264
2024-09-30,SKU-033,42.0,58,18,208
2024-09-30,SKU-034,205.0,90,13,208
2024-09-30,SKU-036,95.0,108,17,190
2024-09-30,SKU-037,62.0,0,16,54
2024-09-30,SKU-038,108.0,0,19,57
2024-09-30,SKU-040,89.0,0,15,22
2024-09-30,SKU-041,62.0,0,26,8
2024-09-30,SKU-042,173.0,0,18,162
2024-09-30,SKU-043,46.0,101,15,179
2024-09-30,SKU-044,90.0,0,18,49
2024-09-30,SKU-045,22.0,54,24,30
2024-09-30,SKU-046,80.0,0,17,25
2024-09-30,SKU-047,40.0,0,27,25
2024-09-30,SKU-048,130.0,0,24,107
2024-09-30,SKU-049,99.0,0,19,13
2024-09-30,SKU-051,133.0,0,20,60
2024-09-30,SKU-052,22.0,74,23,134
2024-09-30,SKU-053,0.0,96,23,296
2024-09-30,SKU-056,27.0,0,29,26
2024-09-30,SKU-057,82.0,0,31,82
2024-09-30,SKU-058,54.0,90,25,70
2024-09-30,SKU-059,62.0,96,21,105
2024-09-30,SKU-060,66.0,138,15,177
2024-10-07,SKU-001,63.0,0,21,55
2024-10-07,SKU-003,162.0,0,25,161
2024-10-07,SKU-004,80.0,0,29,69
2024-10-07,SKU-005,49.0,117,24,51
2024-10-07,SKU-006,16.0,108,28,307
2024-10-07,SKU-007,16.0,65,38,276
2024-10-07,SKU-008,84.0,0,31,37
2024-10-07,SKU-010,88.0,125,27,121
2024-10-07,SKU-011,14.0,110,25,27
2024-10-07,SKU-012,183.0,0,41,103
2024-10-07,SKU-013,7.0,53,14,181
2024-10-07,SKU-014,73.0,54,7,94
2024-10-07,SKU-015,74.0,0,11,72
2024-10-07,SKU-016,112.0,59,11,151
2024-10-07,SKU-018,123.0,0,8,75
2024-10-07,SKU-019,64.0,0,8,25
2024-10-07,SKU-020,142.0,0,12,100
2024-10-07,SKU-021,15.0,120,14,28
2024-10-07,SKU-024,58.0,0,11,44
2024-10-07,SKU-025,126.0,145,12,131
2024-10-07,SKU-026,55.0,97,10,76
2024-10-07,SKU-027,14.0,89,7,31
2024-10-07,SKU-028,27.0,0,17,16
2024-10-07,SKU-031,94.0,89,12,134
2024-10-07,SKU-032,110.0,108,19,264
2024-10-07,SKU-033,0.0,58,18,208
2024-10-07,SKU-034,209.0,0,13,208
2024-10-07,SKU-036,52.0,108,17,190
2024-10-07,SKU-037,34.0,96,16,54
2024-10-07,SKU-038,92.0,0,19,57
2024-10-07,SKU-040,80.0,0,15,22
2024-10-07,SKU-041,62.0,0,26,8
2024-10-07,SKU-042,133.0,58,18,162
2024-10-07,SKU-043,91.0,72,15,179
2024-10-07,SKU-044,75.0,0,18,49
2024-10-07,SKU-045,13.0,54,24,30
2024-10-07,SKU-046,72.0,0,17,25
2024-10-07,SKU-047,37.0,0,27,25
2024-10-07,SKU-048,114.0,0,24,107
2024-10-07,SKU-049,96.0,0,19,13
2024-10-07,SKU-051,,0,20,60
2024-10-07,SKU-052,66.0,83,23,134
2024-10-07,SKU-053,0.0,96,23,296
2024-10-07,SKU-056,25.0,97,29,26
2024-10-07,SKU-057,70.0,112,31,82
2024-10-07,SKU-058,42.0,90,25,70
2024-10-07,SKU-059,128.0,0,21,105
2024-10-07,SKU-060,153.0,80,15,177
2024-10-14,SKU-001,51.0,111,21,55
2024-10-14,SKU-003,121.0,136,25,161
2024-10-14,SKU-004,71.0,0,29,69
2024-10-14,SKU-005,41.0,117,24,51
2024-10-14,SKU-006,0.0,108,28,307
2024-10-14,SKU-007,0.0,65,38,276
2024-10-14,SKU-008,80.0,0,31,37
2024-10-14,SKU-010,62.0,125,27,121
2024-10-14,SKU-011,119.0,0,25,27
2024-10-14,SKU-012,170.0,0,41,103
2024-10-14,SKU-013,0.0,53,14,181
2024-10-14,SKU-014,72.0,122,7,94
2024-10-14,SKU-015,48.0,139,11,72
2024-10-14,SKU-016,102.0,119,11,151
2024-10-14,SKU-018,78.0,0,8,75
2024-10-14,SKU-019,52.0,0,8,25
2024-10-14,SKU-020,98.0,84,12,100
2024-10-14,SKU-021,126.0,0,14,28
2024-10-14,SKU-024,42.0,115,11,44
2024-10-14,SKU-025,232.0,0,12,131
2024-10-14,SKU-026,119.0,0,10,76
2024-10-14,SKU-027,80.0,0,7,31
2024-10-14,SKU-028,22.0,0,17,16
2024-10-14,SKU-031,134.0,0,12,134
2024-10-14,SKU-032,41.0,108,19,264
2024-10-14,SKU-033,1.0,54,18,208
2024-10-14,SKU-034,149.0,140,13,208
2024-10-14,SKU-036,110.0,57,17,190
2024-10-14,SKU-037,20.0,96,16,54
2024-10-14,SKU-038,78.0,0,19,57
2024-10-14,SKU-040,73.0,0,15,22
2024-10-14,SKU-041,61.0,0,26,8
2024-10-14,SKU-042,82.0,58,18,162
2024-10-14,SKU-043,40.0,72,15,179
2024-10-14,SKU-044,59.0,0,18,49
2024-10-14,SKU-045,,0,24,30
2024-10-14,SKU-046,62.0,0,17,25
2024-10-14,SKU-047,32.0,0,27,25
2024-10-14,SKU-048,102.0,68,24,107
2024-10-14,SKU-049,89.0,0,19,13
2024-10-14,SKU-051,101.0,0,20,60
2024-10-14,SKU-052,42.0,83,23,134
2024-10-14,SKU-053,19.0,50,23,296
2024-10-14,SKU-056,22.0,97,29,26
2024-10-14,SKU-057,59.0,112,31,82
2024-10-14,SKU-058,23.0,90,25,70
2024-10-14,SKU-059,98.0,137,21,105
2024-10-14,SKU-060,100.0,80,15,177
2024-10-21,SKU-001,42.0,111,21,55
2024-10-21,SKU-003,81.0,136,25,161
2024-10-21,SKU-004,56.0,78,29,69
2024-10-21,SKU-005,32.0,117,24,51
2024-10-21,SKU-006,0.0,108,28,307
2024-10-21,SKU-007,0.0,65,38,276
2024-10-21,SKU-008,77.0,0,31,37
2024-10-21,SKU-010,163.0,0,27,121
2024-10-21,SKU-011,113.0,0,25,27
2024-10-21,SKU-012,158.0,0,41,103
2024-10-21,SKU-013,1.0,71,14,181
2024-10-21,SKU-014,131.0,0,7,94
2024-10-21,SKU-015,161.0,0,11,72
2024-10-21,SKU-016,162.0,0,11,151
2024-10-21,SKU-018,30.0,116,8,75
2024-10-21,SKU-019,36.0,0,8,25
2024-10-21,SKU-020,153.0,0,12,100
2024-10-21,SKU-021,117.0,0,14,28
2024-10-21,SKU-024,138.0,0,11,44
2024-10-21,SKU-025,185.0,0,12,131
2024-10-21,SKU-026,82.0,0,10,76
2024-10-21,SKU-027,57.0,0,7,31
2024-10-21,SKU-028,20.0,0,17,16
2024-10-21,SKU-031,87.0,113,12,134
2024-10-21,SKU-032,71.0,132,19,264
2024-10-21,SKU-033,0.0,54,18,208
2024-10-21,SKU-034,206.0,147,13,208
2024-10-21,SKU-036,54.0,57,17,190
2024-10-21,SKU-037,102.0,0,16,54
2024-10-21,SKU-038,62.0,0,19,57
2024-10-21,SKU-040,69.0,0,15,22
2024-10-21,SKU-041,57.0,0,26,8
2024-10-21,SKU-042,107.0,56,18,162
2024-10-21,SKU-043,37.0,106,15,179
2024-10-21,SKU-044,49.0,0,18,49
2024-10-21,SKU-045,53.0,0,24,30
2024-10-21,SKU-046,50.0,0,17,25
2024-10-21,SKU-047,28.0,0,27,25
2024-10-21,SKU-048,85.0,68,24,107
2024-10-21,SKU-049,85.0,0,19,13
2024-10-21,SKU-051,87.0,0,20,60
2024-10-21,SKU-052,16.0,83,23,134
2024-10-21,SKU-053,0.0,50,23,296
2024-10-21,SKU-056,20.0,97,29,26
2024-10-21,SKU-057,53.0,112,31,82
2024-10-21,SKU-058,102.0,0,25,70
2024-10-21,SKU-059,76.0,137,21,105
2024-10-21,SKU-060,128.0,116,15,177
2024-10-28,SKU-001,36.0,111,21,55
2024-10-28,SKU-003,50.0,136,25,161
2024-10-28,SKU-004,45.0,78,29,69
2024-10-28,SKU-005,131.0,0,24,51
2024-10-28,SKU-006,55.0,149,28,307
2024-10-28,SKU-007,0.0,65,38,276
2024-10-28,SKU-008,73.0,0,31,37
2024-10-28,SKU-010,140.0,0,27,121
2024-10-28,SKU-011,107.0,0,25,27
2024-10-28,SKU-012,150.0,0,41,103
2024-10-28,SKU-013,0.0,71,14,181
2024-10-28,SKU-014,67.0,123,7,94
2024-10-28,SKU-015,135.0,0,11,72
2024-10-28,SKU-016,96.0,99,11,151
2024-10-28,SKU-018,107.0,0,8,75
2024-10-28,SKU-019,19.0,141,8,25
2024-10-28,SKU-020,112.0,0,12,100
2024-10-28,SKU-021,105.0,0,14,28
2024-10-28,SKU-024,127.0,0,11,44
2024-10-28,SKU-025,126.0,58,12,131
2024-10-28,SKU-026,38.0,111,10,76
2024-10-28,SKU-027,30.0,117,7,31
2024-10-28,SKU-028,16.0,0,17,16
2024-10-28,SKU-031,150.0,0,12,134
2024-10-28,SKU-032,7.0,132,19,264
2024-10-28,SKU-033,,142,18,208
2024-10-28,SKU-034,284.0,0,13,208
2024-10-28,SKU-036,71.0,147,17,190
2024-10-28,SKU-037,87.0,0,16,54
2024-10-28,SKU-038,48.0,80,19,57
2024-10-28,SKU-040,63.0,0,15,22
2024-10-28,SKU-041,56.0,0,26,8
2024-10-28,SKU-042,73.0,56,18,162
2024-10-28,SKU-043,0.0,106,15,179
2024-10-28,SKU-044,29.0,69,18,49
2024-10-28,SKU-045,48.0,0,24,30
2024-10-28,SKU-046,43.0,0,17,25
2024-10-28,SKU-047,23.0,134,27,25
2024-10-28,SKU-048,53.0,68,24,107
2024-10-28,SKU-049,84.0,0,19,13
2024-10-28,SKU-051,73.0,0,20,60
2024-10-28,SKU-052,73.0,67,23,134
2024-10-28,SKU-053,0.0,50,23,296
2024-10-28,SKU-056,14.0,97,29,26
2024-10-28,SKU-057,40.0,112,31,82
2024-10-28,SKU-058,93.0,0,25,70
2024-10-28,SKU-059,50.0,137,21,105
2024-10-28,SKU-060,81.0,116,15,177
2024-11-04,SKU-001,133.0,0,21,55
2024-11-04,SKU-003,163.0,0,25,161
2024-11-04,SKU-004,33.0,78,29,69
2024-11-04,SKU-005,125.0,0,24,51
2024-11-04,SKU-006,3.0,149,28,307
2024-11-04,SKU-007,0.0,65,38,276
2024-11-04,SKU-008,70.0,0,31,37
2024-11-04,SKU-010,125.0,0,27,121
2024-11-04,SKU-011,106.0,0,25,27
2024-11-04,SKU-012,139.0,0,41,103
2024-11-04,SKU-013,13.0,97,14,181
2024-11-04,SKU-014,133.0,0,7,94
2024-11-04,SKU-015,106.0,0,11,72
2024-11-04,SKU-016,131.0,135,11,151
2024-11-04,SKU-018,64.0,57,8,75
2024-11-04,SKU-019,147.0,0,8,25
2024-11-04,SKU-020,63.0,126,12,100
2024-11-04,SKU-021,100.0,0,14,28
2024-11-04,SKU-024,110.0,0,11,44
2024-11-04,SKU-025,126.0,140,12,131
2024-11-04,SKU-026,105.0,0,10,76
2024-11-04,SKU-027,127.0,0,7,31
2024-11-04,SKU-028,8.0,63,17,16
2024-11-04,SKU-031,96.0,150,12,134
2024-11-04,SKU-032,73.0,97,19,264
2024-11-04,SKU-033,0.0,142,18,208
2024-11-04,SKU-034,209.0,0,13,208
2024-11-04,SKU-036,18.0,147,17,190
2024-11-04,SKU-037,71.0,0,16,54
2024-11-04,SKU-038,29.0,80,19,57
2024-11-04,SKU-040,59.0,0,15,22
2024-11-04,SKU-041,55.0,0,26,8
2024-11-04,SKU-042,81.0,142,18,162
2024-11-04,SKU-043,45.0,96,15,179
2024-11-04,SKU-044,12.0,69,18,49
2024-11-04,SKU-045,45.0,0,24,30
2024-11-04,SKU-046,39.0,0,17,25
2024-11-04,SKU-047,19.0,134,27,25
2024-11-04,SKU-048,103.0,107,24,107
2024-11-04,SKU-049,80.0,0,19,13
2024-11-04,SKU-051,64.0,0,20,60
2024-11-04,SKU-052,39.0,67,23,134
2024-11-04,SKU-053,0.0,79,23,296
2024-11-04,SKU-056,105.0,0,29,26
2024-11-04,SKU-057,137.0,0,31,82
2024-11-04,SKU-058,78.0,0,25,70
2024-11-04,SKU-059,159.0,0,21,105
2024-11-04,SKU-060,150.0,70,15,177
2024-11-11,SKU-001,122.0,0,21,55
2024-11-11,SKU-003,138.0,72,25,161
2024-11-11,SKU-004,26.0,78,29,69
2024-11-11,SKU-005,117.0,0,24,51
2024-11-11,SKU-006,0.0,149,28,307
2024-11-11,SKU-007,35.0,68,38,276
2024-11-11,SKU-008,63.0,0,31,37
2024-11-11,SKU-010,108.0,73,27,121
2024-11-11,SKU-011,102.0,0,25,27
2024-11-11,SKU-012,129.0,0,41,103
2024-11-11,SKU-013,0.0,97,14,181
2024-11-11,SKU-014,69.0,81,7,94
2024-11-11,SKU-015,72.0,0,11,72
2024-11-11,SKU-016,202.0,0,11,151
2024-11-11,SKU-018,72.0,139,8,75
2024-11-11,SKU-019,131.0,0,8,25
2024-11-11,SKU-020,153.0,0,12,100
2024-11-11,SKU-021,85.0,0,14,28
2024-11-11,SKU-024,87.0,0,11,44
2024-11-11,SKU-025,215.0,0,12,131
2024-11-11,SKU-026,77.0,0,10,76
2024-11-11,SKU-027,96.0,0,7,31
2024-11-11,SKU-028,3.0,63,17,16
2024-11-11,SKU-031,188.0,0,12,134
2024-11-11,SKU-032,0.0,97,19,264
2024-11-11,SKU-033,98.0,67,18,208
2024-11-11,SKU-034,111.0,101,13,208
2024-11-11,SKU-036,100.0,54,17,190
2024-11-11,SKU-037,59.0,0,16,54
2024-11-11,SKU-038,94.0,0,19,57
2024-11-11,SKU-040,51.0,0,15,22
2024-11-11,SKU-041,53.0,0,26,8
2024-11-11,SKU-042,28.0,142,18,162
2024-11-11,SKU-043,0.0,96,15,179
2024-11-11,SKU-044,63.0,0,18,49
2024-11-11,SKU-045,43.0,0,24,30
2024-11-11,SKU-046,30.0,0,17,25
2024-11-11,SKU-047,15.0,134,27,25
2024-11-11,SKU-048,78.0,107,24,107
2024-11-11,SKU-049,78.0,0,19,13
2024-11-11,SKU-051,54.0,61,20,60
2024-11-11,SKU-052,,67,23,134
2024-11-11,SKU-053,0.0,79,23,296
2024-11-11,SKU-056,99.0,0,29,26
2024-11-11,SKU-057,119.0,0,31,82
2024-11-11,SKU-058,59.0,108,25,70
2024-11-11,SKU-059,140.0,0,21,105
2024-11-11,SKU-060,90.0,70,15,177
2024-11-18,SKU-001,116.0,0,21,55
2024-11-18,SKU-003,108.0,72,25,161
2024-11-18,SKU-004,91.0,0,29,69
2024-11-18,SKU-005,104.0,0,24,51
2024-11-18,SKU-006,0.0,149,28,307
2024-11-18,SKU-007,0.0,68,38,276
2024-11-18,SKU-008,52.0,0,31,37
2024-11-18,SKU-010,82.0,73,27,121
2024-11-18,SKU-011,94.0,0,25,27
2024-11-18,SKU-012,121.0,0,41,103
2024-11-18,SKU-013,34.0,95,14,181
2024-11-18,SKU-014,92.0,86,7,94
2024-11-18,SKU-015,31.0,68,11,72
2024-11-18,SKU-016,148.0,100,11,151
2024-11-18,SKU-018,163.0,0,8,75
2024-11-18,SKU-019,115.0,0,8,25
2024-11-18,SKU-020,109.0,0,12,100
2024-11-18,SKU-021,78.0,0,14,28
2024-11-18,SKU-024,61.0,0,11,44
2024-11-18,SKU-025,166.0,0,12,131
2024-11-18,SKU-026,43.0,129,10,76
2024-11-18,SKU-027,69.0,0,7,31
2024-11-18,SKU-028,62.0,0,17,16
2024-11-18,SKU-031,143.0,0,12,134
2024-11-18,SKU-032,34.0,143,19,264
2024-11-18,SKU-033,30.0,67,18,208
2024-11-18,SKU-034,134.0,140,13,208
2024-11-18,SKU-036,34.0,54,17,190
2024-11-18,SKU-037,50.0,117,16,54
2024-11-18,SKU-038,78.0,0,19,57
2024-11-18,SKU-040,43.0,0,15,22
2024-11-18,SKU-041,52.0,0,26,8
2024-11-18,SKU-042,126.0,116,18,162
2024-11-18,SKU-043,41.0,149,15,179
2024-11-18,SKU-044,57.0,0,18,49
2024-11-18,SKU-045,35.0,0,24,30
2024-11-18,SKU-046,24.0,76,17,25
2024-11-18,SKU-047,146.0,0,27,25
2024-11-18,SKU-048,65.0,107,24,107
2024-11-18,SKU-049,73.0,0,19,13
2024-11-18,SKU-051,38.0,61,20,60
2024-11-18,SKU-052,42.0,71,23,134
2024-11-18,SKU-053,0.0,79,23,296
2024-11-18,SKU-056,93.0,0,29,26
2024-11-18,SKU-057,101.0,0,31,82
2024-11-18,SKU-058,51.0,108,25,70
2024-11-18,SKU-059,119.0,0,21,105
2024-11-18,SKU-060,94.0,57,15,177
2024-11-25,SKU-001,104.0,0,21,55
2024-11-25,SKU-003,,72,25,161
2024-11-25,SKU-004,80.0,0,29,69
2024-11-25,SKU-005,93.0,0,24,51
2024-11-25,SKU-006,95.0,128,28,307
2024-11-25,SKU-007,0.0,68,38,276
2024-11-25,SKU-008,45.0,0,31,37
2024-11-25,SKU-010,63.0,73,27,121
2024-11-25,SKU-011,89.0,0,25,27
2024-11-25,SKU-012,115.0,0,41,103
2024-11-25,SKU-013,0.0,95,14,181
2024-11-25,SKU-014,120.0,0,7,94
2024-11-25,SKU-015,73.0,0,11,72
2024-11-25,SKU-016,183.0,0,11,151
2024-11-25,SKU-018,112.0,0,8,75
2024-11-25,SKU-019,,0,8,25
2024-11-25,SKU-020,68.0,123,12,100
2024-11-25,SKU-021,71.0,0,14,28
2024-11-25,SKU-024,43.0,130,11,44
2024-11-25,SKU-025,110.0,60,12,131
2024-11-25,SKU-026,138.0,0,10,76
2024-11-25,SKU-027,43.0,0,7,31
2024-11-25,SKU-028,55.0,0,17,16
2024-11-25,SKU-031,87.0,67,12,134
2024-11-25,SKU-032,0.0,143,19,264
2024-11-25,SKU-033,45.0,84,18,208
2024-11-25,SKU-034,191.0,69,13,208
2024-11-25,SKU-036,34.0,76,17,190
2024-11-25,SKU-037,34.0,117,16,54
2024-11-25,SKU-038,62.0,0,19,57
2024-11-25,SKU-040,38.0,0,15,22
2024-11-25,SKU-041,50.0,0,26,8
2024-11-25,SKU-042,83.0,116,18,162
2024-11-25,SKU-043,0.0,149,15,179
2024-11-25,SKU-044,46.0,89,18,49
2024-11-25,SKU-045,32.0,0,24,30
2024-11-25,SKU-046,13.0,76,17,25
2024-11-25,SKU-047,138.0,0,27,25
2024-11-25,SKU-048,155.0,0,24,107
2024-11-25,SKU-049,72.0,0,19,13
2024-11-25,SKU-051,89.0,0,20,60
2024-11-25,SKU-052,21.0,71,23,134
2024-11-25,SKU-053,21.0,120,23,296
2024-11-25,SKU-056,91.0,0,29,26
2024-11-25,SKU-057,93.0,0,31,82
2024-11-25,SKU-058,43.0,108,25,70
2024-11-25,SKU-059,95.0,74,21,105
2024-11-25,SKU-060,34.0,57,15,177
2024-12-02,SKU-001,92.0,0,21,55
2024-12-02,SKU-003,116.0,133,25,161
2024-12-02,SKU-004,67.0,129,29,69
2024-12-02,SKU-005,85.0,0,24,51
2024-12-02,SKU-006,41.0,128,28,307
2024-12-02,SKU-007,0.0,68,38,276
2024-12-02,SKU-008,40.0,0,31,37
2024-12-02,SKU-010,118.0,132,27,121
2024-12-02,SKU-011,78.0,0,25,27
2024-12-02,SKU-012,,0,41,103
2024-12-02,SKU-013,32.0,146,14,181
2024-12-02,SKU-014,63.0,54,7,94
2024-12-02,SKU-015,46.0,142,11,72
2024-12-02,SKU-016,109.0,103,11,151
2024-12-02,SKU-018,70.0,60,8,75
2024-12-02,SKU-019,95.0,0,8,25
2024-12-02,SKU-020,156.0,0,12,100
2024-12-02,SKU-021,64.0,0,14,28
2024-12-02,SKU-024,146.0,0,11,44
2024-12-02,SKU-025,126.0,140,12,131
2024-12-02,SKU-026,109.0,0,10,76
2024-12-02,SKU-027,20.0,116,7,31
2024-12-02,SKU-028,51.0,0,17,16
2024-12-02,SKU-031,109.0,84,12,134
2024-12-02,SKU-032,73.0,148,19,264
2024-12-02,SKU-033,0.0,84,18,208
2024-12-02,SKU-034,191.0,92,13,208
2024-12-02,SKU-036,0.0,76,17,190
2024-12-02,SKU-037,135.0,0,16,54
2024-12-02,SKU-038,42.0,101,19,57
2024-12-02,SKU-040,25.0,0,15,22
2024-12-02,SKU-041,49.0,0,26,8
2024-12-02,SKU-042,167.0,0,18,162
2024-12-02,SKU-043,96.0,139,15,179
2024-12-02,SKU-044,32.0,89,18,49
2024-12-02,SKU-045,27.0,140,24,30
2024-12-02,SKU-046,78.0,0,17,25
2024-12-02,SKU-047,135.0,0,27,25
2024-12-02,SKU-048,114.0,0,24,107
2024-12-02,SKU-049,68.0,0,19,13
2024-12-02,SKU-051,,0,20,60
2024-12-02,SKU-052,4.0,71,23,134
2024-12-02,SKU-053,0.0,120,23,296
2024-12-02,SKU-056,89.0,0,29,26
2024-12-02,SKU-057,82.0,0,31,82
2024-12-02,SKU-058,135.0,0,25,70
2024-12-02,SKU-059,65.0,74,21,105
2024-12-02,SKU-060,32.0,111,15,177
2024-12-09,SKU-001,79.0,0,21,55
2024-12-09,SKU-003,82.0,133,25,161
2024-12-09,SKU-004,54.0,129,29,69
2024-12-09,SKU-005,79.0,0,24,51
2024-12-09,SKU-006,0.0,128,28,307
2024-12-09,SKU-007,0.0,68,38,276
2024-12-09,SKU-008,37.0,0,31,37
2024-12-09,SKU-010,93.0,132,27,121
2024-12-09,SKU-011,70.0,0,25,27
2024-12-09,SKU-012,90.0,68,41,103
2024-12-09,SKU-013,0.0,146,14,181
2024-12-09,SKU-014,47.0,106,7,94
2024-12-09,SKU-015,161.0,0,11,72
2024-12-09,SKU-016,150.0,115,11,151
2024-12-09,SKU-018,89.0,0,8,75
2024-12-09,SKU-019,73.0,0,8,25
2024-12-09,SKU-020,118.0,0,12,100
2024-12-09,SKU-021,55.0,0,14,28
2024-12-09,SKU-024,129.0,0,11,44
2024-12-09,SKU-025,216.0,0,12,131
2024-12-09,SKU-026,73.0,94,10,76
2024-12-09,SKU-027,117.0,0,7,31
2024-12-09,SKU-028,48.0,0,17,16
2024-12-09,SKU-031,139.0,0,12,134
2024-12-09,SKU-032,0.0,148,19,264
2024-12-09,SKU-033,35.0,111,18,208
2024-12-09,SKU-034,209.0,0,13,208
2024-12-09,SKU-036,20.0,75,17,190
2024-12-09,SKU-037,122.0,0,16,54
2024-12-09,SKU-038,23.0,101,19,57
2024-12-09,SKU-040,19.0,52,15,22
2024-12-09,SKU-041,48.0,0,26,8
2024-12-09,SKU-042,131.0,67,18,162
2024-12-09,SKU-043,33.0,139,15,179
2024-12-09,SKU-044,112.0,0,18,49
2024-12-09,SKU-045,20.0,140,24,30
2024-12-09,SKU-046,72.0,0,17,25
2024-12-09,SKU-047,125.0,0,27,25
2024-12-09,SKU-048,80.0,140,24,107
2024-12-09,SKU-049,64.0,0,19,13
2024-12-09,SKU-051,57.0,141,20,60
2024-12-09,SKU-052,55.0,76,23,134
2024-12-09,SKU-053,0.0,120,23,296
2024-12-09,SKU-056,82.0,0,29,26
2024-12-09,SKU-057,67.0,134,31,82
2024-12-09,SKU-058,118.0,0,25,70
2024-12-09,SKU-059,41.0,74,21,105
2024-12-09,SKU-060,0.0,111,15,177
2024-12-16,SKU-001,70.0,0,21,55
2024-12-16,SKU-003,57.0,133,25,161
2024-12-16,SKU-004,48.0,129,29,69
2024-12-16,SKU-005,66.0,0,24,51
2024-12-16,SKU-006,0.0,128,28,307
2024-12-16,SKU-007,31.0,145,38,276
2024-12-16,SKU-008,30.0,125,31,37
2024-12-16,SKU-010,66.0,132,27,121
2024-12-16,SKU-011,67.0,0,25,27
2024-12-16,SKU-012,76.0,68,41,103
2024-12-16,SKU-013,90.0,87,14,181
2024-12-16,SKU-014,85.0,121,7,94
2024-12-16,SKU-015,122.0,0,11,72
2024-12-16,SKU-016,,0,11,151
2024-12-16,SKU-018,44.0,87,8,75
2024-12-16,SKU-019,60.0,0,8,25
2024-12-16,SKU-020,83.0,111,12,100
2024-12-16,SKU-021,50.0,0,14,28
2024-12-16,SKU-024,110.0,0,11,44
2024-12-16,SKU-025,167.0,0,12,131
2024-12-16,SKU-026,141.0,0,10,76
2024-12-16,SKU-027,,0,7,31
2024-12-16,SKU-028,45.0,0,17,16
2024-12-16,SKU-031,84.0,139,12,134
2024-12-16,SKU-032,92.0,106,19,264
2024-12-16,SKU-033,0.0,111,18,208
2024-12-16,SKU-034,137.0,60,13,208
2024-12-16,SKU-036,0.0,75,17,190
2024-12-16,SKU-037,104.0,0,16,54
2024-12-16,SKU-038,119.0,0,19,57
2024-12-16,SKU-040,6.0,52,15,22
2024-12-16,SKU-041,48.0,0,26,8
2024-12-16,SKU-042,84.0,67,18,162
2024-12-16,SKU-043,118.0,84,15,179
2024-12-16,SKU-044,101.0,0,18,49
2024-12-16,SKU-045,14.0,140,24,30
2024-12-16,SKU-046,71.0,0,17,25
2024-12-16,SKU-047,120.0,0,27,25
2024-12-16,SKU-048,57.0,140,24,107
2024-12-16,SKU-049,62.0,0,19,13
2024-12-16,SKU-051,40.0,141,20,60
2024-12-16,SKU-052,31.0,76,23,134
2024-12-16,SKU-053,52.0,100,23,296
2024-12-16,SKU-056,78.0,0,29,26
2024-12-16,SKU-057,50.0,134,31,82
2024-12-16,SKU-058,107.0,0,25,70
2024-12-16,SKU-059,95.0,110,21,105
2024-12-16,SKU-060,57.0,79,15,177
2024-12-23,SKU-001,59.0,0,21,55
2024-12-23,SKU-003,163.0,0,25,161
2024-12-23,SKU-004,33.0,129,29,69
2024-12-23,SKU-005,54.0,0,24,51
2024-12-23,SKU-006,76.0,76,28,307
2024-12-23,SKU-007,0.0,145,38,276
2024-12-23,SKU-008,23.0,125,31,37
2024-12-23,SKU-010,182.0,0,27,121
2024-12-23,SKU-011,63.0,0,25,27
2024-12-23,SKU-012,59.0,68,41,103
2024-12-23,SKU-013,26.0,87,14,181
2024-12-23,SKU-014,137.0,0,7,94
2024-12-23,SKU-015,85.0,0,11,72
2024-12-23,SKU-016,140.0,132,11,151
2024-12-23,SKU-018,85.0,0,8,75
2024-12-23,SKU-019,50.0,0,8,25
2024-12-23,SKU-020,153.0,0,12,100
2024-12-23,SKU-021,39.0,0,14,28
2024-12-23,SKU-024,84.0,0,11,44
2024-12-23,SKU-025,128.0,125,12,131
2024-12-23,SKU-026,112.0,0,10,76
2024-12-23,SKU-027,71.0,0,7,31
2024-12-23,SKU-028,42.0,0,17,16
2024-12-23,SKU-031,173.0,0,12,134
2024-12-23,SKU-032,23.0,106,19,264
2024-12-23,SKU-033,50.0,142,18,208
2024-12-23,SKU-034,119.0,142,13,208
2024-12-23,SKU-036,17.0,56,17,190
2024-12-23,SKU-037,89.0,0,16,54
2024-12-23,SKU-038,104.0,0,19,57
2024-12-23,SKU-040,56.0,0,15,22
2024-12-23,SKU-041,46.0,0,26,8
2024-12-23,SKU-042,101.0,129,18,162
2024-12-23,SKU-043,59.0,84,15,179
2024-12-23,SKU-044,90.0,0,18,49
2024-12-23,SKU-045,147.0,0,24,30
2024-12-23,SKU-046,60.0,0,17,25
2024-12-23,SKU-047,115.0,0,27,25
2024-12-23,SKU-048,30.0,140,24,107
2024-12-23,SKU-049,58.0,0,19,13
2024-12-23,SKU-051,166.0,0,20,60
2024-12-23,SKU-052,0.0,76,23,134
2024-12-23,SKU-053,0.0,100,23,296
2024-12-23,SKU-056,75.0,0,29,26
2024-12-23,SKU-057,44.0,134,31,82
2024-12-23,SKU-058,95.0,0,25,70
2024-12-23,SKU-059,75.0,110,21,105
2024-12-23,SKU-060,3.0,79,15,177
2024-12-30,SKU-001,47.0,69,21,55
2024-12-30,SKU-003,128.0,65,25,161
2024-12-30,SKU-004,148.0,0,29,69
2024-12-30,SKU-005,39.0,81,24,51
2024-12-30,SKU-006,24.0,76,28,307
2024-12-30,SKU-007,0.0,145,38,276
2024-12-30,SKU-008,17.0,125,31,37
2024-12-30,SKU-010,156.0,0,27,121
2024-12-30,SKU-011,60.0,0,25,27
2024-12-30,SKU-012,46.0,68,41,103
2024-12-30,SKU-013,56.0,145,14,181
2024-12-30,SKU-014,82.0,106,7,94
2024-12-30,SKU-015,46.0,55,11,72
2024-12-30,SKU-016,205.0,0,11,151
2024-12-30,SKU-018,47.0,64,8,75
2024-12-30,SKU-019,35.0,0,8,25
2024-12-30,SKU-020,115.0,0,12,100
2024-12-30,SKU-021,30.0,0,14,28
2024-12-30,SKU-024,70.0,0,11,44
2024-12-30,SKU-025,196.0,0,12,131
2024-12-30,SKU-026,64.0,116,10,76
2024-12-30,SKU-027,53.0,0,7,31
2024-12-30,SKU-028,39.0,0,17,16
2024-12-30,SKU-029,182.0,0,13,22
2024-12-30,SKU-031,129.0,77,12,134
2024-12-30,SKU-032,66.0,70,19,264
2024-12-30,SKU-033,0.0,142,18,208
2024-12-30,SKU-034,189.0,112,13,208
2024-12-30,SKU-036,0.0,56,17,190
2024-12-30,SKU-037,75.0,0,16,54
2024-12-30,SKU-038,89.0,0,19,57
2024-12-30,SKU-040,51.0,0,15,22
2024-12-30,SKU-041,45.0,0,26,8
2024-12-30,SKU-042,57.0,129,18,162
2024-12-30,SKU-043,81.0,83,15,179
2024-12-30,SKU-044,78.0,0,18,49
2024-12-30,SKU-045,141.0,0,24,30
2024-12-30,SKU-046,52.0,0,17,25
2024-12-30,SKU-047,111.0,0,27,25
2024-12-30,SKU-048,148.0,0,24,107
2024-12-30,SKU-049,56.0,0,19,13
2024-12-30,SKU-051,154.0,0,20,60
2024-12-30,SKU-052,48.0,51,23,134
2024-12-30,SKU-053,0.0,100,23,296
2024-12-30,SKU-056,70.0,0,29,26
2024-12-30,SKU-057,36.0,134,31,82
2024-12-30,SKU-058,85.0,0,25,70
2024-12-30,SKU-059,57.0,110,21,105
2024-12-30,SKU-060,21.0,74,15,177
2025-01-06,SKU-001,30.0,69,21,55
2025-01-06,SKU-003,95.0,65,25,161
2025-01-06,SKU-004,135.0,0,29,69
2025-01-06,SKU-005,34.0,81,24,51
2025-01-06,SKU-006,0.0,76,28,307
2025-01-06,SKU-007,0.0,145,38,276
2025-01-06,SKU-008,9.0,125,31,37
2025-01-06,SKU-010,136.0,0,27,121
2025-01-06,SKU-011,55.0,0,25,27
2025-01-06,SKU-012,36.0,68,41,103
2025-01-06,SKU-013,3.0,145,14,181
2025-01-06,SKU-014,121.0,0,7,94
2025-01-06,SKU-015,56.0,64,11,72
2025-01-06,SKU-016,136.0,105,11,151
2025-01-06,SKU-018,60.0,125,8,75
2025-01-06,SKU-019,20.0,86,8,25
2025-01-06,SKU-020,71.0,131,12,100
2025-01-06,SKU-021,23.0,144,14,28
2025-01-06,SKU-023,104.0,0,13,14
2025-01-06,SKU-024,51.0,0,11,44
2025-01-06,SKU-025,148.0,0,12,131
2025-01-06,SKU-026,147.0,0,10,76
2025-01-06,SKU-027,23.0,111,7,31
2025-01-06,SKU-028,35.0,0,17,16
2025-01-06,SKU-029,176.0,0,13,22
2025-01-06,SKU-031,151.0,0,12,134
2025-01-06,SKU-032,2.0,70,19,264
2025-01-06,SKU-033,99.0,84,18,208
2025-01-06,SKU-034,232.0,0,13,208
2025-01-06,SKU-036,0.0,80,17,190
2025-01-06,SKU-037,62.0,0,16,54
2025-01-06,SKU-038,76.0,0,19,57
2025-01-06,SKU-040,44.0,0,15,22
2025-01-06,SKU-041,44.0,0,26,8
2025-01-06,SKU-042,142.0,83,18,162
2025-01-06,SKU-043,19.0,83,15,179
2025-01-06,SKU-044,70.0,0,18,49
2025-01-06,SKU-045,138.0,0,24,30
2025-01-06,SKU-046,46.0,0,17,25
2025-01-06,SKU-047,108.0,0,27,25
2025-01-06,SKU-048,125.0,0,24,107
2025-01-06,SKU-049,52.0,0,19,13
2025-01-06,SKU-051,141.0,0,20,60
2025-01-06,SKU-052,22.0,51,23,134
2025-01-06,SKU-053,48.0,60,23,296
2025-01-06,SKU-056,66.0,0,29,26
2025-01-06,SKU-057,152.0,0,31,82
2025-01-06,SKU-058,72.0,0,25,70
2025-01-06,SKU-059,137.0,0,21,105
2025-01-06,SKU-060,0.0,74,15,177
2025-01-13,SKU-001,17.0,69,21,55
2025-01-13,SKU-003,56.0,65,25,161
2025-01-13,SKU-004,126.0,0,29,69
2025-01-13,SKU-005,23.0,81,24,51
2025-01-13,SKU-006,0.0,76,28,307
2025-01-13,SKU-007,0.0,145,38,276
2025-01-13,SKU-008,128.0,0,31,37
2025-01-13,SKU-010,108.0,118,27,121
2025-01-13,SKU-011,51.0,0,25,27
2025-01-13,SKU-012,87.0,117,41,103
2025-01-13,SKU-013,101.0,64,14,181
2025-01-13,SKU-014,56.0,147,7,94
2025-01-13,SKU-015,89.0,0,11,72
2025-01-13,SKU-016,170.0,0,11,151
2025-01-13,SKU-018,137.0,0,8,75
2025-01-13,SKU-019,87.0,0,8,25
2025-01-13,SKU-020,167.0,0,12,100
2025-01-13,SKU-021,14.0,144,14,28
2025-01-13,SKU-023,99.0,0,13,14
2025-01-13,SKU-024,33.0,146,11,44
2025-01-13,SKU-025,96.0,96,12,131
2025-01-13,SKU-026,108.0,0,10,76
2025-01-13,SKU-027,,0,7,31
2025-01-13,SKU-028,29.0,0,17,16
2025-01-13,SKU-029,166.0,0,13,22
2025-01-13,SKU-031,86.0,130,12,134
2025-01-13,SKU-032,10.0,107,19,264
2025-01-13,SKU-033,53.0,84,18,208
2025-01-13,SKU-034,132.0,133,13,208
2025-01-13,SKU-036,0.0,80,17,190
2025-01-13,SKU-037,49.0,104,16,54
2025-01-13,SKU-038,61.0,0,19,57
2025-01-13,SKU-040,37.0,0,15,22
2025-01-13,SKU-041,42.0,0,26,8
2025-01-13,SKU-042,92.0,83,18,162
2025-01-13,SKU-043,32.0,136,15,179
2025-01-13,SKU-044,57.0,0,18,49
2025-01-13,SKU-045,130.0,0,24,30
2025-01-13,SKU-046,36.0,0,17,25
2025-01-13,SKU-047,105.0,0,27,25
2025-01-13,SKU-048,97.0,147,24,107
2025-01-13,SKU-049,49.0,0,19,13
2025-01-13,SKU-051,126.0,0,20,60
2025-01-13,SKU-052,2.0,51,23,134
2025-01-13,SKU-053,0.0,60,23,296
2025-01-13,SKU-056,62.0,0,29,26
2025-01-13,SKU-057,136.0,0,31,82
2025-01-13,SKU-058,64.0,97,25,70
2025-01-13,SKU-059,116.0,0,21,105
2025-01-13,SKU-060,24.0,60,15,177
2025-01-20,SKU-001,78.0,0,21,55
2025-01-20,SKU-003,91.0,97,25,161
2025-01-20,SKU-004,117.0,0,29,69
2025-01-20,SKU-005,92.0,0,24,51
2025-01-20,SKU-006,17.0,57,28,307
2025-01-20,SKU-007,117.0,68,38,276
2025-01-20,SKU-008,127.0,0,31,37
2025-01-20,SKU-010,75.0,118,27,121
2025-01-20,SKU-011,43.0,0,25,27
2025-01-20,SKU-012,78.0,117,41,103
2025-01-20,SKU-013,35.0,64,14,181
2025-01-20,SKU-014,130.0,0,7,94
2025-01-20,SKU-015,57.0,62,11,72
2025-01-20,SKU-016,99.0,115,11,151
2025-01-20,SKU-018,97.0,0,8,75
2025-01-20,SKU-019,74.0,0,8,25
2025-01-20,SKU-020,130.0,0,12,100
2025-01-20,SKU-021,144.0,0,14,28
2025-01-20,SKU-023,97.0,0,13,14
2025-01-20,SKU-024,169.0,0,11,44
2025-01-20,SKU-025,143.0,0,12,131
2025-01-20,SKU-026,68.0,101,10,76
2025-01-20,SKU-027,92.0,0,7,31
2025-01-20,SKU-028,27.0,0,17,16
2025-01-20,SKU-029,160.0,0,13,22
2025-01-20,SKU-031,157.0,0,12,134
2025-01-20,SKU-032,0.0,107,19,264
2025-01-20,SKU-033,90.0,83,18,208
2025-01-20,SKU-034,183.0,93,13,208
2025-01-20,SKU-036,27.0,127,17,190
2025-01-20,SKU-037,30.0,104,16,54
2025-01-20,SKU-038,44.0,121,19,57
2025-01-20,SKU-040,27.0,0,15,22
2025-01-20,SKU-041,41.0,0,26,8
2025-01-20,SKU-042,140.0,67,18,162
2025-01-20,SKU-043,0.0,136,15,179
2025-01-20,SKU-044,50.0,0,18,49
2025-01-20,SKU-045,122.0,0,24,30
2025-01-20,SKU-046,29.0,0,17,25
2025-01-20,SKU-047,97.0,0,27,25
2025-01-20,SKU-048,78.0,147,24,107
2025-01-20,SKU-049,47.0,0,19,13
2025-01-20,SKU-051,117.0,0,20,60
2025-01-20,SKU-052,28.0,61,23,134
2025-01-20,SKU-053,0.0,60,23,296
2025-01-20,SKU-056,57.0,0,29,26
2025-01-20,SKU-057,127.0,0,31,82
2025-01-20,SKU-058,48.0,97,25,70
2025-01-20,SKU-059,94.0,123,21,105
2025-01-20,SKU-060,0.0,60,15,177
2025-01-27,SKU-001,67.0,0,21,55
2025-01-27,SKU-003,58.0,97,25,161
2025-01-27,SKU-004,109.0,0,29,69
2025-01-27,SKU-005,81.0,0,24,51
2025-01-27,SKU-006,0.0,57,28,307
2025-01-27,SKU-007,75.0,68,38,276
2025-01-27,SKU-008,120.0,0,31,37
2025-01-27,SKU-010,60.0,118,27,121
2025-01-27,SKU-011,39.0,0,25,27
2025-01-27,SKU-012,62.0,117,41,103
2025-01-27,SKU-013,42.0,88,14,181
2025-01-27,SKU-014,79.0,64,7,94
2025-01-27,SKU-015,93.0,0,11,72
2025-01-27,SKU-016,152.0,0,11,151
2025-01-27,SKU-018,45.0,96,8,75
2025-01-27,SKU-019,57.0,0,8,25
2025-01-27,SKU-020,90.0,60,12,100
2025-01-27,SKU-021,134.0,0,14,28
2025-01-27,SKU-023,94.0,0,13,14
2025-01-27,SKU-024,149.0,0,11,44
2025-01-27,SKU-025,89.0,110,12,131
2025-01-27,SKU-026,146.0,0,10,76
2025-01-27,SKU-027,73.0,0,7,31
2025-01-27,SKU-028,19.0,0,17,16
2025-01-27,SKU-029,151.0,0,13,22
2025-01-27,SKU-031,100.0,102,12,134
2025-01-27,SKU-032,32.0,147,19,264
2025-01-27,SKU-033,41.0,83,18,208
2025-01-27,SKU-034,203.0,81,13,208
2025-01-27,SKU-036,0.0,127,17,190
2025-01-27,SKU-037,117.0,0,16,54
2025-01-27,SKU-038,31.0,121,19,57
2025-01-27,SKU-040,22.0,0,15,22
2025-01-27,SKU-041,41.0,0,26,8
2025-01-27,SKU-042,100.0,67,18,162
2025-01-27,SKU-043,89.0,115,15,179
2025-01-27,SKU-044,33.0,102,18,49
2025-01-27,SKU-045,116.0,0,24,30
2025-01-27,SKU-046,19.0,61,17,25
2025-01-27,SKU-047,94.0,0,27,25
2025-01-27,SKU-048,51.0,147,24,107
2025-01-27,SKU-049,44.0,0,19,13
2025-01-27,SKU-051,100.0,0,20,60
2025-01-27,SKU-052,10.0,61,23,134
2025-01-27,SKU-053,0.0,120,23,296
2025-01-27,SKU-056,52.0,0,29,26
2025-01-27,SKU-057,117.0,0,31,82
2025-01-27,SKU-058,36.0,97,25,70
2025-01-27,SKU-059,75.0,123,21,105
2025-01-27,SKU-060,4.0,133,15,177
2025-02-03,SKU-001,47.0,128,21,55
2025-02-03,SKU-003,24.0,97,25,161
2025-02-03,SKU-004,99.0,0,29,69
2025-02-03,SKU-005,67.0,0,24,51
2025-02-03,SKU-006,0.0,57,28,307
2025-02-03,SKU-007,34.0,68,38,276
2025-02-03,SKU-008,113.0,0,31,37
2025-02-03,SKU-010,156.0,0,27,121
2025-02-03,SKU-011,32.0,0,25,27
2025-02-03,SKU-012,50.0,117,41,103
2025-02-03,SKU-013,0.0,88,14,181
2025-02-03,SKU-014,87.0,53,7,94
2025-02-03,SKU-015,61.0,120,11,72
2025-02-03,SKU-016,68.0,94,11,151
2025-02-03,SKU-018,95.0,0,8,75
2025-02-03,SKU-019,43.0,0,8,25
2025-02-03,SKU-020,110.0,0,12,100
2025-02-03,SKU-021,127.0,0,14,28
2025-02-03,SKU-023,85.0,0,13,14
2025-02-03,SKU-024,129.0,0,11,44
2025-02-03,SKU-025,158.0,0,12,131
2025-02-03,SKU-026,108.0,0,10,76
2025-02-03,SKU-027,54.0,0,7,31
2025-02-03,SKU-028,15.0,88,17,16
2025-02-03,SKU-029,144.0,0,13,22
2025-02-03,SKU-030,94.0,0,15,36
2025-02-03,SKU-031,145.0,0,12,134
2025-02-03,SKU-032,0.0,147,19,264
2025-02-03,SKU-033,78.0,51,18,208
2025-02-03,SKU-034,215.0,0,13,208
2025-02-03,SKU-036,64.0,130,17,190
2025-02-03,SKU-037,94.0,0,16,54
2025-02-03,SKU-038,143.0,0,19,57
2025-02-03,SKU-040,17.0,78,15,22
2025-02-03,SKU-041,38.0,0,26,8
2025-02-03,SKU-042,130.0,57,18,162
2025-02-03,SKU-043,35.0,115,15,179
2025-02-03,SKU-044,23.0,102,18,49
2025-02-03,SKU-045,110.0,0,24,30
2025-02-03,SKU-046,7.0,61,17,25
2025-02-03,SKU-047,88.0,0,27,25
2025-02-03,SKU-048,169.0,0,24,107
2025-02-03,SKU-049,42.0,0,19,13
2025-02-03,SKU-051,87.0,0,20,60
2025-02-03,SKU-052,0.0,61,23,134
2025-02-03,SKU-053,0.0,120,23,296
2025-02-03,SKU-056,47.0,0,29,26
2025-02-03,SKU-057,100.0,0,31,82
2025-02-03,SKU-058,122.0,0,25,70
2025-02-03,SKU-059,55.0,123,21,105
2025-02-03,SKU-060,0.0,133,15,177
2025-02-10,SKU-001,33.0,128,21,55
2025-02-10,SKU-003,86.0,74,25,161
2025-02-10,SKU-004,89.0,0,29,69
2025-02-10,SKU-005,55.0,0,24,51
2025-02-10,SKU-006,0.0,57,28,307
2025-02-10,SKU-007,1.0,68,38,276
2025-02-10,SKU-008,108.0,0,31,37
2025-02-10,SKU-010,135.0,0,27,121
2025-02-10,SKU-011,24.0,68,25,27
2025-02-10,SKU-012,38.0,117,41,103
2025-02-10,SKU-013,26.0,95,14,181
2025-02-10,SKU-014,85.0,78,7,94
2025-02-10,SKU-015,157.0,0,11,72
2025-02-10,SKU-016,85.0,97,11,151
2025-02-10,SKU-018,46.0,91,8,75
2025-02-10,SKU-019,26.0,0,8,25
2025-02-10,SKU-020,53.0,92,12,100
2025-02-10,SKU-021,120.0,0,14,28
2025-02-10,SKU-022,0.0,125,13,186
2025-02-10,SKU-023,77.0,0,13,14
2025-02-10,SKU-024,109.0,0,11,44
2025-02-10,SKU-025,97.0,127,12,131
2025-02-10,SKU-026,79.0,0,10,76
2025-02-10,SKU-027,20.0,142,7,31
2025-02-10,SKU-028,11.0,88,17,16
2025-02-10,SKU-029,136.0,0,13,22
2025-02-10,SKU-030,87.0,0,15,36
2025-02-10,SKU-031,99.0,96,12,134
2025-02-10,SKU-032,82.0,75,19,264
2025-02-10,SKU-033,33.0,51,18,208
2025-02-10,SKU-034,133.0,126,13,208
2025-02-10,SKU-035,150.0,0,11,17
2025-02-10,SKU-036,4.0,130,17,190
2025-02-10,SKU-037,74.0,0,16,54
2025-02-10,SKU-038,128.0,0,19,57
2025-02-10,SKU-040,13.0,78,15,22
2025-02-10,SKU-041,35.0,0,26,8
2025-02-10,SKU-042,91.0,57,18,162
2025-02-10,SKU-043,84.0,107,15,179
2025-02-10,SKU-044,109.0,0,18,49
2025-02-10,SKU-045,107.0,0,24,30
2025-02-10,SKU-046,62.0,0,17,25
2025-02-10,SKU-047,83.0,0,27,25
2025-02-10,SKU-048,149.0,0,24,107
2025-02-10,SKU-049,36.0,0,19,13
2025-02-10,SKU-051,80.0,0,20,60
2025-02-10,SKU-052,35.0,73,23,134
2025-02-10,SKU-053,0.0,120,23,296
2025-02-10,SKU-056,44.0,0,29,26
2025-02-10,SKU-057,86.0,0,31,82
2025-02-10,SKU-058,113.0,0,25,70
2025-02-10,SKU-059,155.0,0,21,105
2025-02-10,SKU-060,90.0,51,15,177
2025-02-17,SKU-001,23.0,128,21,55
2025-02-17,SKU-003,,74,25,161
2025-02-17,SKU-004,84.0,0,29,69
2025-02-17,SKU-005,49.0,148,24,51
2025-02-17,SKU-006,0.0,140,28,307
2025-02-17,SKU-007,0.0,68,38,276
2025-02-17,SKU-008,104.0,0,31,37
2025-02-17,SKU-010,111.0,146,27,121
2025-02-17,SKU-011,17.0,68,25,27
2025-02-17,SKU-012,143.0,0,41,103
2025-02-17,SKU-013,0.0,95,14,181
2025-02-17,SKU-014,89.0,139,7,94
2025-02-17,SKU-015,113.0,0,11,72
2025-02-17,SKU-016,121.0,91,11,151
2025-02-17,SKU-018,89.0,0,8,75
2025-02-17,SKU-019,17.0,102,8,25
2025-02-17,SKU-020,111.0,0,12,100
2025-02-17,SKU-021,116.0,0,14,28
2025-02-17,SKU-022,51.0,52,13,186
2025-02-17,SKU-023,69.0,0,13,14
2025-02-17,SKU-024,88.0,0,11,44
2025-02-17,SKU-025,181.0,0,12,131
2025-02-17,SKU-026,37.0,50,10,76
2025-02-17,SKU-027,141.0,0,7,31
2025-02-17,SKU-028,91.0,0,17,16
2025-02-17,SKU-029,133.0,0,13,22
2025-02-17,SKU-030,77.0,0,15,36
2025-02-17,SKU-031,148.0,0,12,134
2025-02-17,SKU-032,34.0,75,19,264
2025-02-17,SKU-033,34.0,131,18,208
2025-02-17,SKU-034,192.0,103,13,208
2025-02-17,SKU-035,143.0,0,11,17
2025-02-17,SKU-036,71.0,140,17,190
2025-02-17,SKU-037,63.0,0,16,54
2025-02-17,SKU-038,116.0,0,19,57
2025-02-17,SKU-040,84.0,0,15,22
2025-02-17,SKU-041,34.0,0,26,8
2025-02-17,SKU-042,105.0,146,18,162
2025-02-17,SKU-043,,107,15,179
2025-02-17,SKU-044,96.0,0,18,49
2025-02-17,SKU-045,97.0,0,24,30
2025-02-17,SKU-046,57.0,0,17,25
2025-02-17,SKU-047,76.0,0,27,25
2025-02-17,SKU-048,128.0,0,24,107
2025-02-17,SKU-049,31.0,0,19,13
2025-02-17,SKU-051,64.0,0,20,60
2025-02-17,SKU-052,16.0,73,23,134
2025-02-17,SKU-053,54.0,87,23,296
2025-02-17,SKU-056,38.0,0,29,26
2025-02-17,SKU-057,75.0,67,31,82
2025-02-17,SKU-058,100.0,0,25,70
2025-02-17,SKU-059,131.0,0,21,105
2025-02-17,SKU-060,28.0,51,15,177
2025-02-24,SKU-001,136.0,0,21,55
2025-02-24,SKU-002,51.0,50,26,97
2025-02-24,SKU-003,15.0,74,25,161
2025-02-24,SKU-004,67.0,127,29,69
2025-02-24,SKU-005,40.0,148,24,51
2025-02-24,SKU-006,0.0,140,28,307
2025-02-24,SKU-007,34.0,72,38,276
2025-02-24,SKU-008,98.0,0,31,37
2025-02-24,SKU-010,,146,27,121
2025-02-24,SKU-011,13.0,68,25,27
2025-02-24,SKU-012,128.0,0,41,103
2025-02-24,SKU-013,48.0,68,14,181
2025-02-24,SKU-014,159.0,0,7,94
2025-02-24,SKU-015,80.0,0,11,72
2025-02-24,SKU-016,137.0,96,11,151
2025-02-24,SKU-018,50.0,122,8,75
2025-02-24,SKU-019,103.0,0,8,25
2025-02-24,SKU-020,79.0,112,12,100
2025-02-24,SKU-021,102.0,0,14,28
2025-02-24,SKU-022,20.0,81,13,186
2025-02-24,SKU-023,66.0,0,13,14
2025-02-24,SKU-024,71.0,0,11,44
2025-02-24,SKU-025,131.0,0,12,131
2025-02-24,SKU-026,55.0,129,10,76
2025-02-24,SKU-027,120.0,0,7,31
2025-02-24,SKU-028,87.0,0,17,16
2025-02-24,SKU-029,128.0,0,13,22
2025-02-24,SKU-030,64.0,0,15,36
2025-02-24,SKU-031,100.0,103,12,134
2025-02-24,SKU-032,49.0,109,19,264
2025-02-24,SKU-033,0.0,131,18,208
2025-02-24,SKU-034,220.0,0,13,208
2025-02-24,SKU-035,136.0,0,11,17
2025-02-24,SKU-036,29.0,140,17,190
2025-02-24,SKU-037,51.0,56,16,54
2025-02-24,SKU-038,101.0,0,19,57
2025-02-24,SKU-040,78.0,0,15,22
2025-02-24,SKU-041,34.0,0,26,8
2025-02-24,SKU-042,54.0,146,18,162
2025-02-24,SKU-043,88.0,107,15,179
2025-02-24,SKU-044,80.0,0,18,49
2025-02-24,SKU-045,93.0,0,24,30
2025-02-24,SKU-046,52.0,0,17,25
2025-02-24,SKU-047,74.0,0,27,25
2025-02-24,SKU-048,105.0,61,24,107
2025-02-24,SKU-049,27.0,0,19,13
2025-02-24,SKU-051,54.0,55,20,60
2025-02-24,SKU-052,0.0,73,23,134
2025-02-24,SKU-053,0.0,87,23,296
2025-02-24,SKU-056,34.0,0,29,26
2025-02-24,SKU-057,62.0,67,31,82
2025-02-24,SKU-058,85.0,0,25,70
2025-02-24,SKU-059,105.0,0,21,105
2025-02-24,SKU-060,44.0,99,15,177
2025-03-03,SKU-001,130.0,0,21,55
2025-03-03,SKU-002,37.0,50,26,97
2025-03-03,SKU-003,69.0,140,25,161
2025-03-03,SKU-004,50.0,127,29,69
2025-03-03,SKU-005,31.0,148,24,51
2025-03-03,SKU-006,0.0,140,28,307
2025-03-03,SKU-007,0.0,72,38,276
2025-03-03,SKU-008,95.0,0,31,37
2025-03-03,SKU-010,74.0,146,27,121
2025-03-03,SKU-011,80.0,0,25,27
2025-03-03,SKU-012,111.0,0,41,103
2025-03-03,SKU-013,0.0,68,14,181
2025-03-03,SKU-014,92.0,52,7,94
2025-03-03,SKU-015,52.0,62,11,72
2025-03-03,SKU-016,153.0,0,11,151
2025-03-03,SKU-018,138.0,0,8,75
2025-03-03,SKU-019,88.0,0,8,25
2025-03-03,SKU-020,158.0,0,12,100
2025-03-03,SKU-021,92.0,0,14,28
2025-03-03,SKU-022,35.0,145,13,186
2025-03-03,SKU-023,63.0,0,13,14
2025-03-03,SKU-024,49.0,0,11,44
2025-03-03,SKU-025,81.0,146,12,131
2025-03-03,SKU-026,156.0,0,10,76
2025-03-03,SKU-027,102.0,0,7,31
2025-03-03,SKU-028,81.0,0,17,16
2025-03-03,SKU-029,123.0,0,13,22
2025-03-03,SKU-030,56.0,0,15,36
2025-03-03,SKU-031,149.0,0,12,134
2025-03-03,SKU-032,0.0,109,19,264
2025-03-03,SKU-033,74.0,60,18,208
2025-03-03,SKU-034,156.0,140,13,208
2025-03-03,SKU-035,130.0,0,11,17
2025-03-03,SKU-036,116.0,79,17,190
2025-03-03,SKU-037,30.0,56,16,54
2025-03-03,SKU-038,85.0,0,19,57
2025-03-03,SKU-040,72.0,0,15,22
2025-03-03,SKU-041,32.0,0,26,8
2025-03-03,SKU-042,148.0,130,18,162
2025-03-03,SKU-043,24.0,107,15,179
2025-03-03,SKU-044,69.0,0,18,49
2025-03-03,SKU-045,88.0,0,24,30
2025-03-03,SKU-046,47.0,0,17,25
2025-03-03,SKU-047,68.0,0,27,25
2025-03-03,SKU-048,82.0,61,24,107
2025-03-03,SKU-049,22.0,0,19,13
2025-03-03,SKU-051,49.0,55,20,60
2025-03-03,SKU-052,50.0,50,23,134
2025-03-03,SKU-053,0.0,87,23,296
2025-03-03,SKU-056,31.0,0,29,26
2025-03-03,SKU-057,46.0,67,31,82
2025-03-03,SKU-058,72.0,0,25,70
2025-03-03,SKU-059,78.0,78,21,105
2025-03-03,SKU-060,0.0,99,15,177
2025-03-10,SKU-001,119.0,0,21,55
2025-03-10,SKU-002,23.0,50,26,97
2025-03-10,SKU-003,45.0,140,25,161
2025-03-10,SKU-004,38.0,127,29,69
2025-03-10,SKU-005,170.0,0,24,51
2025-03-10,SKU-006,0.0,140,28,307
2025-03-10,SKU-007,0.0,72,38,276
2025-03-10,SKU-008,89.0,0,31,37
2025-03-10,SKU-010,201.0,0,27,121
2025-03-10,SKU-011,70.0,0,25,27
2025-03-10,SKU-012,94.0,67,41,103
2025-03-10,SKU-013,10.0,70,14,181
2025-03-10,SKU-014,89.0,77,7,94
2025-03-10,SKU-015,79.0,0,11,72
2025-03-10,SKU-016,95.0,135,11,151
2025-03-10,SKU-018,99.0,0,8,75
2025-03-10,SKU-019,76.0,0,8,25
2025-03-10,SKU-020,117.0,0,12,100
2025-03-10,SKU-021,86.0,0,14,28
2025-03-10,SKU-022,113.0,70,13,186
2025-03-10,SKU-023,53.0,0,13,14
2025-03-10,SKU-024,35.0,81,11,44
2025-03-10,SKU-025,174.0,0,12,131
2025-03-10,SKU-026,,0,10,76
2025-03-10,SKU-027,82.0,0,7,31
2025-03-10,SKU-028,79.0,0,17,16
2025-03-10,SKU-029,117.0,0,13,22
2025-03-10,SKU-030,44.0,0,15,36
2025-03-10,SKU-031,98.0,95,12,134
2025-03-10,SKU-032,43.0,140,19,264
2025-03-10,SKU-033,5.0,60,18,208
2025-03-10,SKU-034,224.0,0,13,208
2025-03-10,SKU-035,121.0,0,11,17
2025-03-10,SKU-036,72.0,79,17,190
2025-03-10,SKU-037,66.0,0,16,54
2025-03-10,SKU-038,67.0,0,19,57
2025-03-10,SKU-040,68.0,0,15,22
2025-03-10,SKU-041,29.0,0,26,8
2025-03-10,SKU-042,115.0,130,18,162
2025-03-10,SKU-043,84.0,89,15,179
2025-03-10,SKU-044,51.0,0,18,49
2025-03-10,SKU-045,83.0,0,24,30
2025-03-10,SKU-046,38.0,0,17,25
2025-03-10,SKU-047,64.0,0,27,25
2025-03-10,SKU-048,54.0,61,24,107
2025-03-10,SKU-049,17.0,0,19,13
2025-03-10,SKU-051,89.0,0,20,60
2025-03-10,SKU-052,25.0,50,23,134
2025-03-10,SKU-053,27.0,78,23,296
2025-03-10,SKU-056,21.0,75,29,26
2025-03-10,SKU-057,36.0,67,31,82
2025-03-10,SKU-058,63.0,138,25,70
2025-03-10,SKU-059,55.0,78,21,105
2025-03-10,SKU-060,34.0,113,15,177
2025-03-17,SKU-001,108.0,0,21,55
2025-03-17,SKU-002,52.0,142,26,97
2025-03-17,SKU-003,16.0,140,25,161
2025-03-17,SKU-004,30.0,127,29,69
2025-03-17,SKU-005,158.0,0,24,51
2025-03-17,SKU-006,90.0,83,28,307
2025-03-17,SKU-007,0.0,72,38,276
2025-03-17,SKU-008,75.0,0,31,37
2025-03-17,SKU-010,180.0,0,27,121
2025-03-17,SKU-011,64.0,0,25,27
2025-03-17,SKU-012,85.0,67,41,103
2025-03-17,SKU-013,0.0,70,14,181
2025-03-17,SKU-014,113.0,0,7,94
2025-03-17,SKU-015,51.0,90,11,72
2025-03-17,SKU-016,174.0,0,11,151
2025-03-17,SKU-018,50.0,76,8,75
2025-03-17,SKU-019,60.0,0,8,25
2025-03-17,SKU-020,79.0,105,12,100
2025-03-17,SKU-021,74.0,0,14,28
2025-03-17,SKU-022,119.0,139,13,186
2025-03-17,SKU-023,50.0,0,13,14
2025-03-17,SKU-024,99.0,0,11,44
2025-03-17,SKU-025,119.0,92,12,131
2025-03-17,SKU-026,88.0,0,10,76
2025-03-17,SKU-027,61.0,0,7,31
2025-03-17,SKU-028,77.0,0,17,16
2025-03-17,SKU-029,106.0,0,13,22
2025-03-17,SKU-030,35.0,101,15,36
2025-03-17,SKU-031,138.0,0,12,134
2025-03-17,SKU-032,0.0,140,19,264
2025-03-17,SKU-033,10.0,54,18,208
2025-03-17,SKU-034,143.0,67,13,208
2025-03-17,SKU-035,117.0,0,11,17
2025-03-17,SKU-036,89.0,99,17,190
2025-03-17,SKU-037,,110,16,54
2025-03-17,SKU-038,49.0,140,19,57
2025-03-17,SKU-040,65.0,0,15,22
2025-03-17,SKU-041,28.0,0,26,8
2025-03-17,SKU-042,202.0,0,18,162
2025-03-17,SKU-043,29.0,89,15,179
2025-03-17,SKU-044,37.0,89,18,49
2025-03-17,SKU-045,80.0,0,24,30
2025-03-17,SKU-046,29.0,0,17,25
2025-03-17,SKU-047,58.0,0,27,25
2025-03-17,SKU-048,101.0,62,24,107
2025-03-17,SKU-049,12.0,72,19,13
2025-03-17,SKU-051,,0,20,60
2025-03-17,SKU-052,0.0,50,23,134
2025-03-17,SKU-053,0.0,78,23,296
2025-03-17,SKU-056,16.0,75,29,26
2025-03-17,SKU-057,83.0,0,31,82
2025-03-17,SKU-058,49.0,138,25,70
2025-03-17,SKU-059,33.0,78,21,105
2025-03-17,SKU-060,0.0,113,15,177
2025-03-24,SKU-001,98.0,0,21,55
2025-03-24,SKU-002,32.0,142,26,97
2025-03-24,SKU-003,127.0,60,25,161
2025-03-24,SKU-004,145.0,0,29,69
2025-03-24,SKU-005,153.0,0,24,51
2025-03-24,SKU-006,38.0,83,28,307
2025-03-24,SKU-007,0.0,72,38,276
2025-03-24,SKU-008,69.0,0,31,37
2025-03-24,SKU-010,152.0,0,27,121
2025-03-24,SKU-011,60.0,0,25,27
2025-03-24,SKU-012,76.0,67,41,103
2025-03-24,SKU-013,2.0,100,14,181
2025-03-24,SKU-014,58.0,78,7,94
2025-03-24,SKU-015,116.0,0,11,72
2025-03-24,SKU-016,112.0,115,11,151
2025-03-24,SKU-018,87.0,0,8,75
2025-03-24,SKU-019,44.0,0,8,25
2025-03-24,SKU-020,149.0,0,12,100
2025-03-24,SKU-021,68.0,0,14,28
2025-03-24,SKU-022,,0,13,186
2025-03-24,SKU-023,43.0,0,13,14
2025-03-24,SKU-024,79.0,0,11,44
2025-03-24,SKU-025,165.0,0,12,131
2025-03-24,SKU-026,51.0,71,10,76
2025-03-24,SKU-027,42.0,0,7,31
2025-03-24,SKU-028,71.0,0,17,16
2025-03-24,SKU-029,101.0,0,13,22
2025-03-24,SKU-030,19.0,101,15,36
2025-03-24,SKU-031,85.0,82,12,134
2025-03-24,SKU-032,75.0,90,19,264
2025-03-24,SKU-033,0.0,54,18,208
2025-03-24,SKU-034,127.0,124,13,208
2025-03-24,SKU-035,110.0,0,11,17
2025-03-24,SKU-036,,99,17,190
2025-03-24,SKU-037,34.0,110,16,54
2025-03-24,SKU-038,43.0,140,19,57
2025-03-24,SKU-040,56.0,0,15,22
2025-03-24,SKU-041,27.0,0,26,8
2025-03-24,SKU-042,156.0,98,18,162
2025-03-24,SKU-043,68.0,73,15,179
2025-03-24,SKU-044,24.0,89,18,49
2025-03-24,SKU-045,74.0,0,24,30
2025-03-24,SKU-046,21.0,71,17,25
2025-03-24,SKU-047,53.0,0,27,25
2025-03-24,SKU-048,80.0,62,24,107
2025-03-24,SKU-049,8.0,72,19,13
2025-03-24,SKU-051,58.0,79,20,60
2025-03-24,SKU-052,27.0,129,23,134
2025-03-24,SKU-053,,78,23,296
2025-03-24,SKU-056,12.0,75,29,26
2025-03-24,SKU-057,74.0,131,31,82
2025-03-24,SKU-058,40.0,138,25,70
2025-03-24,SKU-059,,112,21,105
2025-03-24,SKU-060,60.0,68,15,177
2025-03-31,SKU-001,89.0,0,21,55
2025-03-31,SKU-002,18.0,142,26,97
2025-03-31,SKU-003,89.0,60,25,161
2025-03-31,SKU-004,132.0,0,29,69
2025-03-31,SKU-005,137.0,0,24,51
2025-03-31,SKU-006,0.0,83,28,307
2025-03-31,SKU-007,39.0,85,38,276
2025-03-31,SKU-008,65.0,0,31,37
2025-03-31,SKU-009,125.0,0,45,33
2025-03-31,SKU-010,125.0,0,27,121
2025-03-31,SKU-011,51.0,0,25,27
2025-03-31,SKU-012,69.0,67,41,103
2025-03-31,SKU-013,0.0,100,14,181
2025-03-31,SKU-014,70.0,138,7,94
2025-03-31,SKU-015,93.0,0,11,72
2025-03-31,SKU-016,176.0,0,11,151
2025-03-31,SKU-018,48.0,118,8,75
2025-03-31,SKU-019,31.0,0,8,25
2025-03-31,SKU-020,110.0,0,12,100
2025-03-31,SKU-021,58.0,0,14,28
2025-03-31,SKU-022,138.0,83,13,186
2025-03-31,SKU-023,37.0,0,13,14
2025-03-31,SKU-024,54.0,0,11,44
2025-03-31,SKU-025,106.0,77,12,131
2025-03-31,SKU-026,88.0,0,10,76
2025-03-31,SKU-027,18.0,123,7,31
2025-03-31,SKU-028,67.0,0,17,16
2025-03-31,SKU-029,97.0,0,13,22
2025-03-31,SKU-030,110.0,0,15,36
2025-03-31,SKU-031,117.0,104,12,134
2025-03-31,SKU-032,0.0,90,19,264
2025-03-31,SKU-033,18.0,142,18,208
2025-03-31,SKU-034,158.0,144,13,208
2025-03-31,SKU-035,104.0,0,11,17
2025-03-31,SKU-036,90.0,139,17,190
2025-03-31,SKU-037,121.0,0,16,54
2025-03-31,SKU-038,176.0,0,19,57
2025-03-31,SKU-039,186.0,0,16,11
2025-03-31,SKU-040,47.0,0,15,22
2025-03-31,SKU-041,23.0,0,26,8
2025-03-31,SKU-042,110.0,98,18,162
2025-03-31,SKU-043,0.0,73,15,179
2025-03-31,SKU-044,102.0,0,18,49
2025-03-31,SKU-045,68.0,0,24,30
2025-03-31,SKU-046,14.0,71,17,25
2025-03-31,SKU-047,48.0,0,27,25
2025-03-31,SKU-048,59.0,62,24,107
2025-03-31,SKU-049,74.0,0,19,13
2025-03-31,SKU-051,39.0,79,20,60
2025-03-31,SKU-052,2.0,129,23,134
2025-03-31,SKU-053,16.0,142,23,296
2025-03-31,SKU-054,157.0,0,30,77
2025-03-31,SKU-056,10.0,75,29,26
2025-03-31,SKU-057,61.0,131,31,82
2025-03-31,SKU-058,166.0,0,25,70
2025-03-31,SKU-059,61.0,112,21,105
2025-03-31,SKU-060,19.0,68,15,177
2025-04-07,SKU-001,78.0,0,21,55
2025-04-07,SKU-002,147.0,0,26,97
2025-04-07,SKU-003,59.0,60,25,161
2025-04-07,SKU-004,116.0,0,29,69
2025-04-07,SKU-005,127.0,0,24,51
2025-04-07,SKU-006,0.0,83,28,307
2025-04-07,SKU-007,6.0,85,38,276
2025-04-07,SKU-008,65.0,0,31,37
2025-04-07,SKU-009,123.0,0,45,33
2025-04-07,SKU-010,102.0,56,27,121
2025-04-07,SKU-011,48.0,0,25,27
2025-04-07,SKU-012,,67,41,103
2025-04-07,SKU-013,37.0,126,14,181
2025-04-07,SKU-014,164.0,0,7,94
2025-04-07,SKU-015,55.0,125,11,72
2025-04-07,SKU-016,113.0,98,11,151
2025-04-07,SKU-018,112.0,0,8,75
2025-04-07,SKU-019,17.0,139,8,25
2025-04-07,SKU-020,78.0,56,12,100
2025-04-07,SKU-021,49.0,0,14,28
2025-04-07,SKU-022,149.0,108,13,186
2025-04-07,SKU-023,35.0,0,13,14
2025-04-07,SKU-024,39.0,124,11,44
2025-04-07,SKU-025,132.0,0,12,131
2025-04-07,SKU-026,49.0,74,10,76
2025-04-07,SKU-027,114.0,0,7,31
2025-04-07,SKU-028,63.0,0,17,16
2025-04-07,SKU-029,89.0,0,13,22
2025-04-07,SKU-030,99.0,0,15,36
2025-04-07,SKU-031,168.0,0,12,134
2025-04-07,SKU-032,36.0,124,19,264
2025-04-07,SKU-033,0.0,142,18,208
2025-04-07,SKU-034,,0,13,208
2025-04-07,SKU-035,89.0,0,11,17
2025-04-07,SKU-036,42.0,139,17,190
2025-04-07,SKU-037,98.0,0,16,54
2025-04-07,SKU-038,155.0,0,19,57
2025-04-07,SKU-039,184.0,0,16,11
2025-04-07,SKU-040,41.0,0,15,22
2025-04-07,SKU-041,22.0,0,26,8
2025-04-07,SKU-042,161.0,60,18,162
2025-04-07,SKU-043,19.0,50,15,179
2025-04-07,SKU-044,86.0,0,18,49
2025-04-07,SKU-045,63.0,0,24,30
2025-04-07,SKU-046,77.0,0,17,25
2025-04-07,SKU-047,40.0,0,27,25
2025-04-07,SKU-048,106.0,94,24,107
2025-04-07,SKU-049,74.0,0,19,13
2025-04-07,SKU-051,99.0,0,20,60
2025-04-07,SKU-052,0.0,129,23,134
2025-04-07,SKU-053,0.0,142,23,296
2025-04-07,SKU-054,133.0,0,30,77
2025-04-07,SKU-056,82.0,0,29,26
2025-04-07,SKU-057,46.0,131,31,82
2025-04-07,SKU-058,153.0,0,25,70
2025-04-07,SKU-059,35.0,112,21,105
2025-04-07,SKU-060,33.0,62,15,177
2025-04-14,SKU-001,62.0,0,21,55
2025-04-14,SKU-002,132.0,0,26,97
2025-04-14,SKU-003,88.0,95,25,161
2025-04-14,SKU-004,107.0,0,29,69
2025-04-14,SKU-005,116.0,0,24,51
2025-04-14,SKU-006,46.0,130,28,307
2025-04-14,SKU-007,0.0,85,38,276
2025-04-14,SKU-008,59.0,0,31,37
2025-04-14,SKU-009,120.0,0,45,33
2025-04-14,SKU-010,81.0,56,27,121
2025-04-14,SKU-011,41.0,0,25,27
2025-04-14,SKU-012,114.0,0,41,103
2025-04-14,SKU-013,,126,14,181
2025-04-14,SKU-014,100.0,0,7,94
2025-04-14,SKU-015,149.0,0,11,72
2025-04-14,SKU-016,163.0,0,11,151
2025-04-14,SKU-017,190.0,0,14,7
2025-04-14,SKU-018,71.0,53,8,75
2025-04-14,SKU-019,138.0,0,8,25
2025-04-14,SKU-020,92.0,144,12,100
2025-04-14,SKU-021,40.0,0,14,28
2025-04-14,SKU-022,192.0,0,13,186
2025-04-14,SKU-023,32.0,0,13,14
2025-04-14,SKU-024,141.0,0,11,44
2025-04-14,SKU-025,85.0,108,12,131
2025-04-14,SKU-026,85.0,0,10,76
2025-04-14,SKU-027,96.0,0,7,31
2025-04-14,SKU-028,54.0,0,17,16
2025-04-14,SKU-029,82.0,0,13,22
2025-04-14,SKU-030,92.0,0,15,36
2025-04-14,SKU-031,122.0,58,12,134
2025-04-14,SKU-032,0.0,124,19,264
2025-04-14,SKU-033,87.0,130,18,208
2025-04-14,SKU-034,164.0,57,13,208
2025-04-14,SKU-035,83.0,0,11,17
2025-04-14,SKU-036,121.0,117,17,190
2025-04-14,SKU-037,78.0,0,16,54
2025-04-14,SKU-038,143.0,0,19,57
2025-04-14,SKU-039,181.0,0,16,11
2025-04-14,SKU-040,33.0,0,15,22
2025-04-14,SKU-041,18.0,0,26,8
2025-04-14,SKU-042,114.0,60,18,162
2025-04-14,SKU-043,0.0,50,15,179
2025-04-14,SKU-044,77.0,0,18,49
2025-04-14,SKU-045,53.0,0,24,30
2025-04-14,SKU-046,71.0,0,17,25
2025-04-14,SKU-047,38.0,0,27,25
2025-04-14,SKU-048,91.0,94,24,107
2025-04-14,SKU-049,69.0,0,19,13
2025-04-14,SKU-050,85.0,0,15,3
2025-04-14,SKU-051,85.0,0,20,60
2025-04-14,SKU-052,101.0,59,23,134
2025-04-14,SKU-053,0.0,142,23,296
2025-04-14,SKU-054,119.0,0,30,77
2025-04-14,SKU-055,73.0,0,32,57
2025-04-14,SKU-056,79.0,0,29,26
2025-04-14,SKU-057,35.0,131,31,82
2025-04-14,SKU-058,142.0,0,25,70
2025-04-14,SKU-059,121.0,0,21,105
2025-04-14,SKU-060,0.0,62,15,177
2025-04-21,SKU-001,46.0,102,21,55
2025-04-21,SKU-002,115.0,0,26,97
2025-04-21,SKU-003,61.0,95,25,161
2025-04-21,SKU-004,95.0,0,29,69
2025-04-21,SKU-005,104.0,0,24,51
2025-04-21,SKU-006,0.0,130,28,307
2025-04-21,SKU-007,0.0,85,38,276
2025-04-21,SKU-008,54.0,0,31,37
2025-04-21,SKU-009,115.0,0,45,33
2025-04-21,SKU-010,59.0,56,27,121
2025-04-21,SKU-011,39.0,0,25,27
2025-04-21,SKU-012,105.0,0,41,103
2025-04-21,SKU-013,53.0,146,14,181
2025-04-21,SKU-014,34.0,97,7,94
2025-04-21,SKU-015,,0,11,72
2025-04-21,SKU-016,97.0,75,11,151
2025-04-21,SKU-017,190.0,0,14,7
2025-04-21,SKU-018,77.0,0,8,75
2025-04-21,SKU-019,123.0,0,8,25
2025-04-21,SKU-020,198.0,0,12,100
2025-04-21,SKU-021,34.0,0,14,28
2025-04-21,SKU-022,136.0,138,13,186
2025-04-21,SKU-023,27.0,0,13,14
2025-04-21,SKU-024,128.0,0,11,44
2025-04-21,SKU-025,134.0,0,12,131
2025-04-21,SKU-026,48.0,93,10,76
2025-04-21,SKU-027,72.0,0,7,31
2025-04-21,SKU-028,50.0,0,17,16
2025-04-21,SKU-029,72.0,0,13,22
2025-04-21,SKU-030,84.0,0,15,36
2025-04-21,SKU-031,130.0,123,12,134
2025-04-21,SKU-032,50.0,140,19,264
2025-04-21,SKU-033,,130,18,208
2025-04-21,SKU-034,137.0,134,13,208
2025-04-21,SKU-035,71.0,0,11,17
2025-04-21,SKU-036,64.0,117,17,190
2025-04-21,SKU-037,69.0,0,16,54
2025-04-21,SKU-038,130.0,0,19,57
2025-04-21,SKU-039,178.0,0,16,11
2025-04-21,SKU-040,24.0,0,15,22
2025-04-21,SKU-041,13.0,0,26,8
2025-04-21,SKU-042,129.0,118,18,162
2025-04-21,SKU-043,0.0,96,15,179
2025-04-21,SKU-044,61.0,0,18,49
2025-04-21,SKU-045,50.0,0,24,30
2025-04-21,SKU-046,66.0,0,17,25
2025-04-21,SKU-047,35.0,0,27,25
2025-04-21,SKU-048,70.0,94,24,107
2025-04-21,SKU-049,68.0,0,19,13
2025-04-21,SKU-050,84.0,0,15,3
2025-04-21,SKU-051,68.0,0,20,60
2025-04-21,SKU-052,77.0,59,23,134
2025-04-21,SKU-053,89.0,143,23,296
2025-04-21,SKU-054,102.0,0,30,77
2025-04-21,SKU-055,62.0,0,32,57
2025-04-21,SKU-056,75.0,0,29,26
2025-04-21,SKU-057,152.0,0,31,82
2025-04-21,SKU-058,136.0,0,25,70
2025-04-21,SKU-059,94.0,134,21,105
2025-04-21,SKU-060,0.0,58,15,177
2025-04-28,SKU-001,34.0,102,21,55
2025-04-28,SKU-002,97.0,0,26,97
2025-04-28,SKU-003,31.0,95,25,161
2025-04-28,SKU-004,82.0,0,29,69
2025-04-28,SKU-005,95.0,0,24,51
2025-04-28,SKU-006,0.0,130,28,307
2025-04-28,SKU-007,0.0,85,38,276
2025-04-28,SKU-008,49.0,0,31,37
2025-04-28,SKU-009,114.0,0,45,33
2025-04-28,SKU-010,96.0,149,27,121
2025-04-28,SKU-011,34.0,0,25,27
2025-04-28,SKU-012,96.0,96,41,103
2025-04-28,SKU-013,1.0,146,14,181
2025-04-28,SKU-014,67.0,132,7,94
2025-04-28,SKU-015,83.0,0,11,72
2025-04-28,SKU-016,117.0,75,11,151
2025-04-28,SKU-017,188.0,0,14,7
2025-04-28,SKU-018,25.0,130,8,75
2025-04-28,SKU-019,114.0,0,8,25
2025-04-28,SKU-020,165.0,0,12,100
2025-04-28,SKU-021,23.0,69,14,28
2025-04-28,SKU-022,185.0,57,13,186
2025-04-28,SKU-023,23.0,0,13,14
2025-04-28,SKU-024,114.0,0,11,44
2025-04-28,SKU-025,78.0,141,12,131
2025-04-28,SKU-026,112.0,0,10,76
2025-04-28,SKU-027,51.0,0,7,31
2025-04-28,SKU-028,45.0,0,17,16
2025-04-28,SKU-029,64.0,0,13,22
2025-04-28,SKU-030,,0,15,36
2025-04-28,SKU-031,205.0,0,12,134
2025-04-28,SKU-032,0.0,140,19,264
2025-04-28,SKU-033,114.0,128,18,208
2025-04-28,SKU-034,197.0,71,13,208
2025-04-28,SKU-035,66.0,0,11,17
2025-04-28,SKU-036,125.0,121,17,190
2025-04-28,SKU-037,58.0,0,16,54
2025-04-28,SKU-038,121.0,0,19,57
2025-04-28,SKU-039,173.0,0,16,11
2025-04-28,SKU-040,16.0,79,15,22
2025-04-28,SKU-041,11.0,0,26,8
2025-04-28,SKU-042,89.0,118,18,162
2025-04-28,SKU-043,0.0,96,15,179
2025-04-28,SKU-044,46.0,133,18,49
2025-04-28,SKU-045,44.0,0,24,30
2025-04-28,SKU-046,58.0,0,17,25
2025-04-28,SKU-047,35.0,0,27,25
2025-04-28,SKU-048,144.0,0,24,107
2025-04-28,SKU-049,68.0,0,19,13
2025-04-28,SKU-050,82.0,0,15,3
2025-04-28,SKU-051,56.0,97,20,60
2025-04-28,SKU-052,53.0,59,23,134
2025-04-28,SKU-053,36.0,143,23,296
2025-04-28,SKU-054,91.0,0,30,77
2025-04-28,SKU-055,59.0,0,32,57
2025-04-28,SKU-056,72.0,0,29,26
2025-04-28,SKU-057,147.0,0,31,82
2025-04-28,SKU-058,120.0,0,25,70
2025-04-28,SKU-059,72.0,134,21,105
2025-04-28,SKU-060,0.0,58,15,177
2025-05-05,SKU-001,23.0,102,21,55
2025-05-05,SKU-002,80.0,80,26,97
2025-05-05,SKU-003,96.0,84,25,161
2025-05-05,SKU-004,71.0,0,29,69
2025-05-05,SKU-005,84.0,0,24,51
2025-05-05,SKU-006,0.0,130,28,307
2025-05-05,SKU-007,48.0,69,38,276
2025-05-05,SKU-008,44.0,0,31,37
2025-05-05,SKU-009,107.0,0,45,33
2025-05-05,SKU-010,74.0,149,27,121
2025-05-05,SKU-011,28.0,0,25,27
2025-05-05,SKU-012,78.0,96,41,103
2025-05-05,SKU-013,78.0,133,14,181
2025-05-05,SKU-014,135.0,0,7,94
2025-05-05,SKU-015,59.0,85,11,72
2025-05-05,SKU-016,125.0,131,11,151
2025-05-05,SKU-017,188.0,0,14,7
2025-05-05,SKU-018,111.0,0,8,75
2025-05-05,SKU-019,99.0,0,8,25
2025-05-05,SKU-020,134.0,0,12,100
2025-05-05,SKU-021,13.0,69,14,28
2025-05-05,SKU-022,177.0,127,13,186
2025-05-05,SKU-023,21.0,0,13,14
2025-05-05,SKU-024,98.0,0,11,44
2025-05-05,SKU-025,166.0,0,12,131
2025-05-05,SKU-026,,0,10,76
2025-05-05,SKU-027,36.0,0,7,31
2025-05-05,SKU-028,43.0,0,17,16
2025-05-05,SKU-029,60.0,0,13,22
2025-05-05,SKU-030,66.0,0,15,36
2025-05-05,SKU-031,152.0,0,12,134
2025-05-05,SKU-032,76.0,92,19,264
2025-05-05,SKU-033,56.0,128,18,208
2025-05-05,SKU-034,195.0,51,13,208
2025-05-05,SKU-035,59.0,0,11,17
2025-05-05,SKU-036,82.0,121,17,190
2025-05-05,SKU-037,42.0,140,16,54
2025-05-05,SKU-038,110.0,0,19,57
2025-05-05,SKU-039,166.0,0,16,11
2025-05-05,SKU-040,10.0,79,15,22
2025-05-05,SKU-041,,60,26,8
2025-05-05,SKU-042,164.0,0,18,162
2025-05-05,SKU-043,42.0,90,15,179
2025-05-05,SKU-044,35.0,133,18,49
2025-05-05,SKU-045,41.0,0,24,30
2025-05-05,SKU-046,53.0,0,17,25
2025-05-05,SKU-047,34.0,0,27,25
2025-05-05,SKU-048,116.0,0,24,107
2025-05-05,SKU-049,65.0,0,19,13
2025-05-05,SKU-050,80.0,0,15,3
2025-05-05,SKU-051,36.0,97,20,60
2025-05-05,SKU-052,76.0,71,23,134
2025-05-05,SKU-053,0.0,143,23,296
2025-05-05,SKU-054,75.0,141,30,77
2025-05-05,SKU-055,51.0,143,32,57
2025-05-05,SKU-056,72.0,0,29,26
2025-05-05,SKU-057,131.0,0,31,82
2025-05-05,SKU-058,105.0,0,25,70
2025-05-05,SKU-059,46.0,134,21,105
2025-05-05,SKU-060,5.0,137,15,177
2025-05-12,SKU-001,110.0,0,21,55
2025-05-12,SKU-002,61.0,80,26,97
2025-05-12,SKU-003,60.0,84,25,161
2025-05-12,SKU-004,60.0,118,29,69
2025-05-12,SKU-005,81.0,0,24,51
2025-05-12,SKU-006,85.0,51,28,307
2025-05-12,SKU-007,13.0,69,38,276
2025-05-12,SKU-008,40.0,0,31,37
2025-05-12,SKU-009,102.0,0,45,33
2025-05-12,SKU-010,49.0,149,27,121
2025-05-12,SKU-011,23.0,56,25,27
2025-05-12,SKU-012,64.0,96,41,103
2025-05-12,SKU-013,19.0,133,14,181
2025-05-12,SKU-014,74.0,143,7,94
2025-05-12,SKU-015,119.0,0,11,72
2025-05-12,SKU-016,200.0,0,11,151
2025-05-12,SKU-017,186.0,0,14,7
2025-05-12,SKU-018,65.0,103,8,75
2025-05-12,SKU-019,76.0,0,8,25
2025-05-12,SKU-020,,83,12,100
2025-05-12,SKU-021,73.0,0,14,28
2025-05-12,SKU-022,239.0,0,13,186
2025-05-12,SKU-023,14.0,0,13,14
2025-05-12,SKU-024,78.0,0,11,44
2025-05-12,SKU-025,105.0,117,12,131
2025-05-12,SKU-026,48.0,102,10,76
2025-05-12,SKU-027,14.0,65,7,31
2025-05-12,SKU-028,38.0,0,17,16
2025-05-12,SKU-029,50.0,0,13,22
2025-05-12,SKU-030,58.0,0,15,36
2025-05-12,SKU-031,106.0,130,12,134
2025-05-12,SKU-032,19.0,92,19,264
2025-05-12,SKU-033,144.0,90,18,208
2025-05-12,SKU-034,175.0,107,13,208
2025-05-12,SKU-035,50.0,0,11,17
2025-05-12,SKU-036,157.0,134,17,190
2025-05-12,SKU-037,32.0,140,16,54
2025-05-12,SKU-038,96.0,0,19,57
2025-05-12,SKU-039,163.0,0,16,11
2025-05-12,SKU-040,81.0,0,15,22
2025-05-12,SKU-041,6.0,60,26,8
2025-05-12,SKU-042,118.0,108,18,162
2025-05-12,SKU-043,0.0,90,15,179
2025-05-12,SKU-044,150.0,0,18,49
2025-05-12,SKU-045,37.0,0,24,30
2025-05-12,SKU-046,41.0,0,17,25
2025-05-12,SKU-047,28.0,0,27,25
2025-05-12,SKU-048,95.0,125,24,107
2025-05-12,SKU-049,64.0,0,19,13
2025-05-12,SKU-050,79.0,0,15,3
2025-05-12,SKU-051,118.0,0,20,60
2025-05-12,SKU-052,44.0,71,23,134
2025-05-12,SKU-053,91.0,124,23,296
2025-05-12,SKU-054,68.0,141,30,77
2025-05-12,SKU-055,43.0,143,32,57
2025-05-12,SKU-056,67.0,0,29,26
2025-05-12,SKU-057,120.0,0,31,82
2025-05-12,SKU-058,91.0,0,25,70
2025-05-12,SKU-059,154.0,0,21,105
2025-05-12,SKU-060,0.0,137,15,177
2025-05-19,SKU-001,100.0,0,21,55
2025-05-19,SKU-002,39.0,80,26,97
2025-05-19,SKU-003,28.0,84,25,161
2025-05-19,SKU-004,41.0,118,29,69
2025-05-19,SKU-005,71.0,0,24,51
2025-05-19,SKU-006,40.0,51,28,307
2025-05-19,SKU-007,0.0,69,38,276
2025-05-19,SKU-008,37.0,0,31,37
2025-05-19,SKU-009,99.0,0,45,33
2025-05-19,SKU-010,185.0,0,27,121
2025-05-19,SKU-011,18.0,56,25,27
2025-05-19,SKU-012,49.0,96,41,103
2025-05-19,SKU-013,103.0,77,14,181
2025-05-19,SKU-014,148.0,0,7,94
2025-05-19,SKU-015,91.0,0,11,72
2025-05-19,SKU-016,154.0,0,11,151
2025-05-19,SKU-017,183.0,0,14,7
2025-05-19,SKU-018,132.0,0,8,75
2025-05-19,SKU-019,52.0,0,8,25
2025-05-19,SKU-020,128.0,0,12,100
2025-05-19,SKU-021,67.0,0,14,28
2025-05-19,SKU-022,159.0,136,13,186
2025-05-19,SKU-023,8.0,73,13,14
2025-05-19,SKU-024,53.0,0,11,44
2025-05-19,SKU-025,169.0,0,12,131
2025-05-19,SKU-026,114.0,0,10,76
2025-05-19,SKU-027,65.0,0,7,31
2025-05-19,SKU-028,35.0,0,17,16
2025-05-19,SKU-029,41.0,0,13,22
2025-05-19,SKU-030,43.0,0,15,36
2025-05-19,SKU-031,191.0,0,12,134
2025-05-19,SKU-032,40.0,84,19,264
2025-05-19,SKU-033,89.0,90,18,208
2025-05-19,SKU-034,209.0,0,13,208
2025-05-19,SKU-035,47.0,0,11,17
2025-05-19,SKU-036,101.0,134,17,190
2025-05-19,SKU-037,157.0,0,16,54
2025-05-19,SKU-038,81.0,0,19,57
2025-05-19,SKU-039,158.0,0,16,11
2025-05-19,SKU-040,74.0,0,15,22
2025-05-19,SKU-041,3.0,60,26,8
2025-05-19,SKU-042,74.0,108,18,162
2025-05-19,SKU-043,37.0,101,15,179
2025-05-19,SKU-044,139.0,0,18,49
2025-05-19,SKU-045,33.0,0,24,30
2025-05-19,SKU-046,36.0,0,17,25
2025-05-19,SKU-047,26.0,0,27,25
2025-05-19,SKU-048,81.0,125,24,107
2025-05-19,SKU-049,64.0,0,19,13
2025-05-19,SKU-050,78.0,0,15,3
2025-05-19,SKU-051,108.0,0,20,60
2025-05-19,SKU-052,22.0,71,23,134
2025-05-19,SKU-053,33.0,124,23,296
2025-05-19,SKU-054,65.0,141,30,77
2025-05-19,SKU-055,33.0,143,32,57
2025-05-19,SKU-056,64.0,0,29,26
2025-05-19,SKU-057,112.0,0,31,82
2025-05-19,SKU-058,77.0,0,25,70
2025-05-19,SKU-059,131.0,0,21,105
2025-05-19,SKU-060,90.0,140,15,177
2025-05-26,SKU-001,87.0,0,21,55
2025-05-26,SKU-002,101.0,0,26,97
2025-05-26,SKU-003,74.0,129,25,161
2025-05-26,SKU-004,28.0,118,29,69
2025-05-26,SKU-005,61.0,0,24,51
2025-05-26,SKU-006,0.0,51,28,307
2025-05-26,SKU-007,0.0,69,38,276
2025-05-26,SKU-008,32.0,133,31,37
2025-05-26,SKU-009,94.0,0,45,33
2025-05-26,SKU-010,170.0,0,27,121
2025-05-26,SKU-011,14.0,56,25,27
2025-05-26,SKU-012,39.0,96,41,103
2025-05-26,SKU-013,38.0,77,14,181
2025-05-26,SKU-014,82.0,101,7,94
2025-05-26,SKU-015,61.0,138,11,72
2025-05-26,SKU-016,98.0,84,11,151
2025-05-26,SKU-017,180.0,0,14,7
2025-05-26,SKU-018,88.0,0,8,75
2025-05-26,SKU-019,36.0,0,8,25
2025-05-26,SKU-020,93.0,127,12,100
2025-05-26,SKU-021,54.0,0,14,28
2025-05-26,SKU-022,215.0,0,13,186
2025-05-26,SKU-023,72.0,0,13,14
2025-05-26,SKU-024,34.0,71,11,44
2025-05-26,SKU-025,109.0,116,12,131
2025-05-26,SKU-026,80.0,0,10,76
2025-05-26,SKU-027,47.0,0,7,31
2025-05-26,SKU-028,26.0,0,17,16
2025-05-26,SKU-029,30.0,0,13,22
2025-05-26,SKU-030,35.0,125,15,36
2025-05-26,SKU-031,128.0,105,12,134
2025-05-26,SKU-032,0.0,84,19,264
2025-05-26,SKU-033,128.0,75,18,208
2025-05-26,SKU-034,121.0,148,13,208
2025-05-26,SKU-035,42.0,0,11,17
2025-05-26,SKU-036,184.0,117,17,190
2025-05-26,SKU-037,146.0,0,16,54
2025-05-26,SKU-038,72.0,0,19,57
2025-05-26,SKU-039,156.0,0,16,11
2025-05-26,SKU-040,64.0,0,15,22
2025-05-26,SKU-041,61.0,0,26,8
2025-05-26,SKU-042,128.0,129,18,162
2025-05-26,SKU-043,0.0,101,15,179
2025-05-26,SKU-044,118.0,0,18,49
2025-05-26,SKU-045,28.0,133,24,30
2025-05-26,SKU-046,30.0,0,17,25
2025-05-26,SKU-047,21.0,122,27,25
2025-05-26,SKU-048,56.0,125,24,107
2025-05-26,SKU-049,61.0,0,19,13
2025-05-26,SKU-050,78.0,0,15,3
2025-05-26,SKU-051,95.0,0,20,60
2025-05-26,SKU-052,67.0,123,23,134
2025-05-26,SKU-053,0.0,124,23,296
2025-05-26,SKU-054,50.0,141,30,77
2025-05-26,SKU-055,23.0,143,32,57
2025-05-26,SKU-056,59.0,0,29,26
2025-05-26,SKU-057,101.0,0,31,82
2025-05-26,SKU-058,49.0,102,25,70
2025-05-26,SKU-059,109.0,0,21,105
2025-05-26,SKU-060,43.0,140,15,177
2025-06-02,SKU-001,,0,21,55
2025-06-02,SKU-002,85.0,115,26,97
2025-06-02,SKU-003,45.0,129,25,161
2025-06-02,SKU-004,13.0,118,29,69
2025-06-02,SKU-005,56.0,0,24,51
2025-06-02,SKU-006,0.0,51,28,307
2025-06-02,SKU-007,0.0,69,38,276
2025-06-02,SKU-008,25.0,133,31,37
2025-06-02,SKU-009,92.0,0,45,33
2025-06-02,SKU-010,,0,27,121
2025-06-02,SKU-011,68.0,0,25,27
2025-06-02,SKU-012,124.0,0,41,103
2025-06-02,SKU-013,64.0,51,14,181
2025-06-02,SKU-014,111.0,0,7,94
2025-06-02,SKU-015,161.0,0,11,72
2025-06-02,SKU-016,132.0,63,11,151
2025-06-02,SKU-017,178.0,0,14,7
2025-06-02,SKU-018,25.0,73,8,75
2025-06-02,SKU-019,19.0,140,8,25
2025-06-02,SKU-020,180.0,0,12,100
2025-06-02,SKU-021,43.0,0,14,28
2025-06-02,SKU-022,148.0,103,13,186
2025-06-02,SKU-023,69.0,0,13,14
2025-06-02,SKU-024,94.0,0,11,44
2025-06-02,SKU-025,178.0,0,12,131
2025-06-02,SKU-026,39.0,98,10,76
2025-06-02,SKU-027,33.0,0,7,31
2025-06-02,SKU-028,23.0,0,17,16
2025-06-02,SKU-029,18.0,122,13,22
2025-06-02,SKU-030,26.0,125,15,36
2025-06-02,SKU-031,182.0,0,12,134
2025-06-02,SKU-032,25.0,142,19,264
2025-06-02,SKU-033,79.0,75,18,208
2025-06-02,SKU-034,162.0,128,13,208
2025-06-02,SKU-035,29.0,0,11,17
2025-06-02,SKU-036,134.0,117,17,190
2025-06-02,SKU-037,130.0,0,16,54
2025-06-02,SKU-038,58.0,0,19,57
2025-06-02,SKU-039,153.0,0,16,11
2025-06-02,SKU-040,58.0,0,15,22
2025-06-02,SKU-041,58.0,0,26,8
2025-06-02,SKU-042,83.0,129,18,162
2025-06-02,SKU-043,33.0,74,15,179
2025-06-02,SKU-044,100.0,0,18,49
2025-06-02,SKU-045,21.0,133,24,30
2025-06-02,SKU-046,21.0,56,17,25
2025-06-02,SKU-047,14.0,122,27,25
2025-06-02,SKU-048,155.0,0,24,107
2025-06-02,SKU-049,59.0,0,19,13
2025-06-02,SKU-050,77.0,0,15,3
2025-06-02,SKU-051,80.0,0,20,60
2025-06-02,SKU-052,34.0,123,23,134
2025-06-02,SKU-053,63.0,54,23,296
2025-06-02,SKU-054,178.0,0,30,77
2025-06-02,SKU-055,157.0,0,32,57
2025-06-02,SKU-056,54.0,0,29,26
2025-06-02,SKU-057,90.0,0,31,82
2025-06-02,SKU-058,27.0,102,25,70
2025-06-02,SKU-059,89.0,90,21,105
2025-06-02,SKU-060,125.0,89,15,177
2025-06-09,SKU-001,60.0,0,21,55
2025-06-09,SKU-002,66.0,115,26,97
2025-06-09,SKU-003,12.0,129,25,161
2025-06-09,SKU-004,118.0,0,29,69
2025-06-09,SKU-005,45.0,107,24,51
2025-06-09,SKU-006,0.0,101,28,307
2025-06-09,SKU-007,42.0,85,38,276
2025-06-09,SKU-008,21.0,133,31,37
2025-06-09,SKU-009,88.0,0,45,33
2025-06-09,SKU-010,129.0,0,27,121
2025-06-09,SKU-011,61.0,0,25,27
2025-06-09,SKU-012,109.0,0,41,103
2025-06-09,SKU-013,0.0,51,14,181
2025-06-09,SKU-014,42.0,71,7,94
2025-06-09,SKU-015,133.0,0,11,72
2025-06-09,SKU-016,125.0,144,11,151
2025-06-09,SKU-017,176.0,0,14,7
2025-06-09,SKU-018,66.0,86,8,75
2025-06-09,SKU-019,143.0,0,8,25
2025-06-09,SKU-020,132.0,0,12,100
2025-06-09,SKU-021,34.0,0,14,28
2025-06-09,SKU-022,190.0,0,13,186
2025-06-09,SKU-023,63.0,0,13,14
2025-06-09,SKU-024,80.0,0,11,44
2025-06-09,SKU-025,121.0,129,12,131
2025-06-09,SKU-026,102.0,0,10,76
2025-06-09,SKU-027,8.0,84,7,31
2025-06-09,SKU-028,18.0,0,17,16
2025-06-09,SKU-029,134.0,0,13,22
2025-06-09,SKU-030,143.0,0,15,36
2025-06-09,SKU-031,129.0,89,12,134
2025-06-09,SKU-032,0.0,142,19,264
2025-06-09,SKU-033,96.0,68,18,208
2025-06-09,SKU-034,217.0,0,13,208
2025-06-09,SKU-035,24.0,0,11,17
2025-06-09,SKU-036,199.0,0,17,190
2025-06-09,SKU-037,109.0,0,16,54
2025-06-09,SKU-038,47.0,144,19,57
2025-06-09,SKU-039,149.0,0,16,11
2025-06-09,SKU-040,55.0,0,15,22
2025-06-09,SKU-041,56.0,0,26,8
2025-06-09,SKU-042,174.0,0,18,162
2025-06-09,SKU-043,0.0,74,15,179
2025-06-09,SKU-044,95.0,0,18,49
2025-06-09,SKU-045,10.0,133,24,30
2025-06-09,SKU-046,14.0,56,17,25
2025-06-09,SKU-047,7.0,122,27,25
2025-06-09,SKU-048,125.0,0,24,107
2025-06-09,SKU-049,55.0,0,19,13
2025-06-09,SKU-050,73.0,0,15,3
2025-06-09,SKU-051,64.0,0,20,60
2025-06-09,SKU-052,1.0,123,23,134
2025-06-09,SKU-053,17.0,54,23,296
2025-06-09,SKU-054,170.0,0,30,77
2025-06-09,SKU-055,,0,32,57
2025-06-09,SKU-056,53.0,0,29,26
2025-06-09,SKU-057,78.0,121,31,82
2025-06-09,SKU-058,10.0,102,25,70
2025-06-09,SKU-059,68.0,90,21,105
2025-06-09,SKU-060,77.0,89,15,177
2025-06-16,SKU-001,47.0,72,21,55
2025-06-16,SKU-002,47.0,115,26,97
2025-06-16,SKU-003,115.0,119,25,161
2025-06-16,SKU-004,104.0,0,29,69
2025-06-16,SKU-005,35.0,107,24,51
2025-06-16,SKU-006,0.0,101,28,307
2025-06-16,SKU-007,9.0,85,38,276
2025-06-16,SKU-008,18.0,133,31,37
2025-06-16,SKU-009,86.0,0,45,33
2025-06-16,SKU-010,109.0,61,27,121
2025-06-16,SKU-011,56.0,0,25,27
2025-06-16,SKU-012,97.0,115,41,103
2025-06-16,SKU-013,0.0,74,14,181
2025-06-16,SKU-014,46.0,69,7,94
2025-06-16,SKU-015,98.0,0,11,72
2025-06-16,SKU-016,199.0,0,11,151
2025-06-16,SKU-017,170.0,0,14,7
2025-06-16,SKU-018,107.0,0,8,75
2025-06-16,SKU-019,128.0,0,8,25
2025-06-16,SKU-020,98.0,93,12,100
2025-06-16,SKU-021,26.0,96,14,28
2025-06-16,SKU-022,132.0,60,13,186
2025-06-16,SKU-023,57.0,0,13,14
2025-06-16,SKU-024,51.0,0,11,44
2025-06-16,SKU-025,199.0,0,12,131
2025-06-16,SKU-026,67.0,70,10,76
2025-06-16,SKU-027,68.0,0,7,31
2025-06-16,SKU-028,14.0,98,17,16
2025-06-16,SKU-029,126.0,0,13,22
2025-06-16,SKU-030,139.0,0,15,36
2025-06-16,SKU-031,186.0,0,12,134
2025-06-16,SKU-032,79.0,100,19,264
2025-06-16,SKU-033,39.0,68,18,208
2025-06-16,SKU-034,153.0,143,13,208
2025-06-16,SKU-035,20.0,0,11,17
2025-06-16,SKU-036,150.0,126,17,190
2025-06-16,SKU-037,90.0,0,16,54
2025-06-16,SKU-038,25.0,144,19,57
2025-06-16,SKU-039,144.0,0,16,11
2025-06-16,SKU-040,45.0,0,15,22
2025-06-16,SKU-041,56.0,0,26,8
2025-06-16,SKU-042,129.0,58,18,162
2025-06-16,SKU-043,22.0,111,15,179
2025-06-16,SKU-044,76.0,0,18,49
2025-06-16,SKU-045,,0,24,30
2025-06-16,SKU-046,63.0,0,17,25
2025-06-16,SKU-047,126.0,0,27,25
2025-06-16,SKU-048,100.0,132,24,107
2025-06-16,SKU-049,51.0,0,19,13
2025-06-16,SKU-050,72.0,0,15,3
2025-06-16,SKU-051,54.0,118,20,60
2025-06-16,SKU-052,103.0,73,23,134
2025-06-16,SKU-053,0.0,54,23,296
2025-06-16,SKU-054,156.0,0,30,77
2025-06-16,SKU-055,147.0,0,32,57
2025-06-16,SKU-056,48.0,0,29,26
2025-06-16,SKU-057,64.0,121,31,82
2025-06-16,SKU-058,96.0,0,25,70
2025-06-16,SKU-059,48.0,90,21,105
2025-06-16,SKU-060,114.0,106,15,177
2025-06-23,SKU-001,29.0,72,21,55
2025-06-23,SKU-002,140.0,0,26,97
2025-06-23,SKU-003,78.0,119,25,161
2025-06-23,SKU-004,90.0,0,29,69
2025-06-23,SKU-005,22.0,107,24,51
2025-06-23,SKU-006,0.0,101,28,307
2025-06-23,SKU-007,0.0,85,38,276
2025-06-23,SKU-008,143.0,0,31,37
2025-06-23,SKU-009,84.0,0,45,33
2025-06-23,SKU-010,90.0,61,27,121
2025-06-23,SKU-011,49.0,0,25,27
2025-06-23,SKU-012,81.0,115,41,103
2025-06-23,SKU-013,0.0,74,14,181
2025-06-23,SKU-014,51.0,70,7,94
2025-06-23,SKU-015,58.0,127,11,72
2025-06-23,SKU-016,138.0,108,11,151
2025-06-23,SKU-017,169.0,0,14,7
2025-06-23,SKU-018,58.0,73,8,75
2025-06-23,SKU-019,115.0,0,8,25
2025-06-23,SKU-020,160.0,0,12,100
2025-06-23,SKU-021,20.0,96,14,28
2025-06-23,SKU-022,132.0,64,13,186
2025-06-23,SKU-023,51.0,0,13,14
2025-06-23,SKU-024,31.0,80,11,44
2025-06-23,SKU-025,146.0,0,12,131
2025-06-23,SKU-026,105.0,0,10,76
2025-06-23,SKU-027,47.0,0,7,31
2025-06-23,SKU-028,14.0,98,17,16
2025-06-23,SKU-029,112.0,0,13,22
2025-06-23,SKU-030,128.0,0,15,36
2025-06-23,SKU-031,,105,12,134
2025-06-23,SKU-032,9.0,100,19,264
2025-06-23,SKU-033,52.0,128,18,208
2025-06-23,SKU-034,216.0,0,13,208
2025-06-23,SKU-035,14.0,138,11,17
2025-06-23,SKU-036,99.0,126,17,190
2025-06-23,SKU-037,75.0,0,16,54
2025-06-23,SKU-038,150.0,0,19,57
2025-06-23,SKU-039,141.0,0,16,11
2025-06-23,SKU-040,41.0,0,15,22
2025-06-23,SKU-041,53.0,0,26,8
2025-06-23,SKU-042,89.0,58,18,162
2025-06-23,SKU-043,0.0,111,15,179
2025-06-23,SKU-044,58.0,0,18,49
2025-06-23,SKU-045,131.0,0,24,30
2025-06-23,SKU-046,56.0,0,17,25
2025-06-23,SKU-047,121.0,0,27,25
2025-06-23,SKU-048,77.0,132,24,107
2025-06-23,SKU-049,49.0,0,19,13
2025-06-23,SKU-050,71.0,0,15,3
2025-06-23,SKU-051,43.0,118,20,60
2025-06-23,SKU-052,79.0,73,23,134
2025-06-23,SKU-053,2.0,52,23,296
2025-06-23,SKU-054,141.0,0,30,77
2025-06-23,SKU-055,140.0,0,32,57
2025-06-23,SKU-056,43.0,0,29,26
2025-06-23,SKU-057,60.0,121,31,82
2025-06-23,SKU-058,86.0,0,25,70
2025-06-23,SKU-059,115.0,0,21,105
2025-06-23,SKU-060,62.0,106,15,177
2025-06-30,SKU-001,9.0,72,21,55
2025-06-30,SKU-002,,0,26,97
2025-06-30,SKU-003,46.0,119,25,161
2025-06-30,SKU-004,82.0,0,29,69
2025-06-30,SKU-005,115.0,0,24,51
2025-06-30,SKU-006,0.0,101,28,307
2025-06-30,SKU-007,0.0,85,38,276
2025-06-30,SKU-008,138.0,0,31,37
2025-06-30,SKU-009,82.0,0,45,33
2025-06-30,SKU-010,76.0,61,27,121
2025-06-30,SKU-011,45.0,0,25,27
2025-06-30,SKU-012,68.0,115,41,103
2025-06-30,SKU-013,5.0,121,14,181
2025-06-30,SKU-014,58.0,100,7,94
2025-06-30,SKU-015,145.0,0,11,72
2025-06-30,SKU-016,188.0,0,11,151
2025-06-30,SKU-017,166.0,0,14,7
2025-06-30,SKU-018,89.0,0,8,75
2025-06-30,SKU-019,98.0,0,8,25
2025-06-30,SKU-020,126.0,0,12,100
2025-06-30,SKU-021,108.0,0,14,28
2025-06-30,SKU-022,133.0,104,13,186
2025-06-30,SKU-023,46.0,0,13,14
2025-06-30,SKU-024,85.0,0,11,44
2025-06-30,SKU-025,98.0,52,12,131
2025-06-30,SKU-026,73.0,71,10,76
2025-06-30,SKU-027,24.0,66,7,31
2025-06-30,SKU-028,108.0,0,17,16
2025-06-30,SKU-029,97.0,0,13,22
2025-06-30,SKU-030,114.0,0,15,36
2025-06-30,SKU-031,175.0,0,12,134
2025-06-30,SKU-032,28.0,125,19,264
2025-06-30,SKU-033,0.0,128,18,208
2025-06-30,SKU-034,133.0,101,13,208
2025-06-30,SKU-035,149.0,0,11,17
2025-06-30,SKU-036,171.0,79,17,190
2025-06-30,SKU-037,63.0,0,16,54
2025-06-30,SKU-038,140.0,0,19,57
2025-06-30,SKU-039,138.0,0,16,11
2025-06-30,SKU-040,39.0,0,15,22
2025-06-30,SKU-041,53.0,0,26,8
2025-06-30,SKU-042,92.0,59,18,162
2025-06-30,SKU-043,63.0,102,15,179
2025-06-30,SKU-044,48.0,95,18,49
2025-06-30,SKU-045,117.0,0,24,30
2025-06-30,SKU-046,48.0,0,17,25
2025-06-30,SKU-047,117.0,0,27,25
2025-06-30,SKU-048,51.0,132,24,107
2025-06-30,SKU-049,44.0,0,19,13
2025-06-30,SKU-050,70.0,0,15,3
2025-06-30,SKU-051,149.0,0,20,60
2025-06-30,SKU-052,51.0,73,23,134
2025-06-30,SKU-053,0.0,52,23,296
2025-06-30,SKU-054,133.0,0,30,77
2025-06-30,SKU-055,,0,32,57
2025-06-30,SKU-056,41.0,0,29,26
2025-06-30,SKU-057,45.0,121,31,82
2025-06-30,SKU-058,71.0,0,25,70
2025-06-30,SKU-059,89.0,56,21,105
2025-06-30,SKU-060,115.0,64,15,177
2025-07-07,SKU-001,68.0,0,21,55
2025-07-07,SKU-002,105.0,0,26,97
2025-07-07,SKU-003,128.0,141,25,161
2025-07-07,SKU-004,72.0,0,29,69
2025-07-07,SKU-005,108.0,0,24,51
2025-07-07,SKU-006,49.0,73,28,307
2025-07-07,SKU-007,0.0,85,38,276
2025-07-07,SKU-008,130.0,0,31,37
2025-07-07,SKU-009,79.0,0,45,33
2025-07-07,SKU-010,118.0,85,27,121
2025-07-07,SKU-011,41.0,0,25,27
2025-07-07,SKU-012,56.0,115,41,103
2025-07-07,SKU-013,0.0,121,14,181
2025-07-07,SKU-014,97.0,0,7,94
2025-07-07,SKU-015,102.0,0,11,72
2025-07-07,SKU-016,118.0,57,11,151
2025-07-07,SKU-017,165.0,0,14,7
2025-07-07,SKU-018,39.0,87,8,75
2025-07-07,SKU-019,85.0,0,8,25
2025-07-07,SKU-020,86.0,135,12,100
2025-07-07,SKU-021,93.0,0,14,28
2025-07-07,SKU-022,180.0,51,13,186
2025-07-07,SKU-023,42.0,0,13,14
2025-07-07,SKU-024,,0,11,44
2025-07-07,SKU-025,101.0,145,12,131
2025-07-07,SKU-026,115.0,0,10,76
2025-07-07,SKU-027,68.0,0,7,31
2025-07-07,SKU-028,104.0,0,17,16
2025-07-07,SKU-029,85.0,0,13,22
2025-07-07,SKU-030,106.0,0,15,36
2025-07-07,SKU-031,126.0,136,12,134
2025-07-07,SKU-032,0.0,125,19,264
2025-07-07,SKU-033,79.0,76,18,208
2025-07-07,SKU-034,172.0,89,13,208
2025-07-07,SKU-035,,0,11,17
2025-07-07,SKU-036,115.0,79,17,190
2025-07-07,SKU-037,52.0,62,16,54
2025-07-07,SKU-038,127.0,0,19,57
2025-07-07,SKU-039,136.0,0,16,11
2025-07-07,SKU-040,31.0,0,15,22
2025-07-07,SKU-041,50.0,0,26,8
2025-07-07,SKU-042,53.0,59,18,162
2025-07-07,SKU-043,18.0,102,15,179
2025-07-07,SKU-044,36.0,95,18,49
2025-07-07,SKU-045,110.0,0,24,30
2025-07-07,SKU-046,38.0,0,17,25
2025-07-07,SKU-047,113.0,0,27,25
2025-07-07,SKU-048,158.0,0,24,107
2025-07-07,SKU-049,43.0,0,19,13
2025-07-07,SKU-050,69.0,0,15,3
2025-07-07,SKU-051,137.0,0,20,60
2025-07-07,SKU-052,99.0,111,23,134
2025-07-07,SKU-053,0.0,52,23,296
2025-07-07,SKU-054,123.0,0,30,77
2025-07-07,SKU-055,121.0,0,32,57
2025-07-07,SKU-056,38.0,0,29,26
2025-07-07,SKU-057,159.0,0,31,82
2025-07-07,SKU-058,62.0,103,25,70
2025-07-07,SKU-059,61.0,56,21,105
2025-07-07,SKU-060,49.0,64,15,177
2025-07-14,SKU-001,58.0,0,21,55
2025-07-14,SKU-002,87.0,50,26,97
2025-07-14,SKU-003,88.0,141,25,161
2025-07-14,SKU-004,60.0,135,29,69
2025-07-14,SKU-005,99.0,0,24,51
2025-07-14,SKU-006,15.0,73,28,307
2025-07-14,SKU-007,39.0,136,38,276
2025-07-14,SKU-008,121.0,0,31,37
2025-07-14,SKU-009,76.0,0,45,33
2025-07-14,SKU-010,90.0,85,27,121
2025-07-14,SKU-011,34.0,0,25,27
2025-07-14,SKU-012,43.0,115,41,103
2025-07-14,SKU-013,64.0,128,14,181
2025-07-14,SKU-014,33.0,112,7,94
2025-07-14,SKU-015,70.0,64,11,72
2025-07-14,SKU-016,107.0,75,11,151
2025-07-14,SKU-017,162.0,0,14,7
2025-07-14,SKU-018,98.0,0,8,75
2025-07-14,SKU-019,71.0,0,8,25
2025-07-14,SKU-020,185.0,0,12,100
2025-07-14,SKU-021,85.0,0,14,28
2025-07-14,SKU-022,157.0,113,13,186
2025-07-14,SKU-023,36.0,0,13,14
2025-07-14,SKU-024,49.0,0,11,44
2025-07-14,SKU-025,202.0,0,12,131
2025-07-14,SKU-026,80.0,0,10,76
2025-07-14,SKU-027,47.0,0,7,31
2025-07-14,SKU-028,102.0,0,17,16
2025-07-14,SKU-029,79.0,0,13,22
2025-07-14,SKU-030,97.0,0,15,36
2025-07-14,SKU-031,223.0,0,12,134
2025-07-14,SKU-032,57.0,111,19,264
2025-07-14,SKU-033,26.0,76,18,208
2025-07-14,SKU-034,187.0,111,13,208
2025-07-14,SKU-035,136.0,0,11,17
2025-07-14,SKU-036,142.0,129,17,190
2025-07-14,SKU-037,39.0,62,16,54
2025-07-14,SKU-038,111.0,0,19,57
2025-07-14,SKU-039,134.0,0,16,11
2025-07-14,SKU-040,21.0,77,15,22
2025-07-14,SKU-041,49.0,0,26,8
2025-07-14,SKU-042,68.0,116,18,162
2025-07-14,SKU-043,77.0,98,15,179
2025-07-14,SKU-044,114.0,0,18,49
2025-07-14,SKU-045,96.0,0,24,30
2025-07-14,SKU-046,32.0,0,17,25
2025-07-14,SKU-047,111.0,0,27,25
2025-07-14,SKU-048,139.0,0,24,107
2025-07-14,SKU-049,34.0,0,19,13
2025-07-14,SKU-050,68.0,0,15,3
2025-07-14,SKU-051,122.0,0,20,60
2025-07-14,SKU-052,69.0,111,23,134
2025-07-14,SKU-053,0.0,88,23,296
2025-07-14,SKU-054,115.0,0,30,77
2025-07-14,SKU-055,115.0,0,32,57
2025-07-14,SKU-056,33.0,0,29,26
2025-07-14,SKU-057,146.0,0,31,82
2025-07-14,SKU-058,55.0,103,25,70
2025-07-14,SKU-059,40.0,56,21,105
2025-07-14,SKU-060,52.0,52,15,177
2025-07-21,SKU-001,49.0,83,21,55
2025-07-21,SKU-002,67.0,50,26,97
2025-07-21,SKU-003,59.0,141,25,161
2025-07-21,SKU-004,50.0,135,29,69
2025-07-21,SKU-005,88.0,0,24,51
2025-07-21,SKU-006,0.0,73,28,307
2025-07-21,SKU-007,0.0,136,38,276
2025-07-21,SKU-008,114.0,0,31,37
2025-07-21,SKU-009,74.0,0,45,33
2025-07-21,SKU-010,61.0,85,27,121
2025-07-21,SKU-011,29.0,0,25,27
2025-07-21,SKU-012,150.0,0,41,103
2025-07-21,SKU-013,4.0,128,14,181
2025-07-21,SKU-014,85.0,109,7,94
2025-07-21,SKU-015,107.0,0,11,72
2025-07-21,SKU-016,125.0,53,11,151
2025-07-21,SKU-017,161.0,0,14,7
2025-07-21,SKU-018,50.0,84,8,75
2025-07-21,SKU-019,62.0,0,8,25
2025-07-21,SKU-020,145.0,0,12,100
2025-07-21,SKU-021,73.0,0,14,28
2025-07-21,SKU-022,193.0,0,13,186
2025-07-21,SKU-023,28.0,0,13,14
2025-07-21,SKU-024,29.0,69,11,44
2025-07-21,SKU-025,145.0,0,12,131
2025-07-21,SKU-026,49.0,55,10,76
2025-07-21,SKU-027,21.0,134,7,31
2025-07-21,SKU-028,93.0,0,17,16
2025-07-21,SKU-029,70.0,0,13,22
2025-07-21,SKU-030,82.0,0,15,36
2025-07-21,SKU-031,175.0,0,12,134
2025-07-21,SKU-032,0.0,111,19,264
2025-07-21,SKU-033,59.0,119,18,208
2025-07-21,SKU-034,207.0,104,13,208
2025-07-21,SKU-035,,0,11,17
2025-07-21,SKU-036,86.0,129,17,190
2025-07-21,SKU-037,85.0,0,16,54
2025-07-21,SKU-038,96.0,0,19,57
2025-07-21,SKU-039,132.0,0,16,11
2025-07-21,SKU-040,16.0,77,15,22
2025-07-21,SKU-041,47.0,0,26,8
2025-07-21,SKU-042,30.0,116,18,162
2025-07-21,SKU-043,35.0,98,15,179
2025-07-21,SKU-044,100.0,0,18,49
2025-07-21,SKU-045,92.0,0,24,30
2025-07-21,SKU-046,30.0,0,17,25
2025-07-21,SKU-047,105.0,0,27,25
2025-07-21,SKU-048,113.0,0,24,107
2025-07-21,SKU-049,32.0,0,19,13
2025-07-21,SKU-050,66.0,0,15,3
2025-07-21,SKU-051,107.0,0,20,60
2025-07-21,SKU-052,46.0,111,23,134
2025-07-21,SKU-053,0.0,88,23,296
2025-07-21,SKU-054,108.0,0,30,77
2025-07-21,SKU-055,106.0,0,32,57
2025-07-21,SKU-056,25.0,101,29,26
2025-07-21,SKU-057,134.0,0,31,82
2025-07-21,SKU-058,36.0,103,25,70
2025-07-21,SKU-059,67.0,142,21,105
2025-07-21,SKU-060,1.0,52,15,177
2025-07-28,SKU-001,39.0,83,21,55
2025-07-28,SKU-002,51.0,50,26,97
2025-07-28,SKU-003,169.0,0,25,161
2025-07-28,SKU-004,34.0,135,29,69
2025-07-28,SKU-005,76.0,0,24,51
2025-07-28,SKU-006,0.0,73,28,307
2025-07-28,SKU-007,0.0,136,38,276
2025-07-28,SKU-008,111.0,0,31,37
2025-07-28,SKU-009,71.0,0,45,33
2025-07-28,SKU-010,132.0,0,27,121
2025-07-28,SKU-011,20.0,88,25,27
2025-07-28,SKU-012,139.0,0,41,103
2025-07-28,SKU-013,73.0,113,14,181
2025-07-28,SKU-014,126.0,0,7,94
2025-07-28,SKU-015,82.0,0,11,72
2025-07-28,SKU-016,127.0,145,11,151
2025-07-28,SKU-017,157.0,0,14,7
2025-07-28,SKU-018,85.0,0,8,75
2025-07-28,SKU-019,47.0,0,8,25
2025-07-28,SKU-020,113.0,0,12,100
2025-07-28,SKU-021,65.0,0,14,28
2025-07-28,SKU-022,126.0,117,13,186
2025-07-28,SKU-023,21.0,0,13,14
2025-07-28,SKU-024,77.0,0,11,44
2025-07-28,SKU-025,100.0,103,12,131
2025-07-28,SKU-026,71.0,74,10,76
2025-07-28,SKU-027,137.0,0,7,31
2025-07-28,SKU-028,88.0,0,17,16
2025-07-28,SKU-029,57.0,0,13,22
2025-07-28,SKU-030,72.0,0,15,36
2025-07-28,SKU-031,116.0,96,12,134
2025-07-28,SKU-032,43.0,139,19,264
2025-07-28,SKU-033,,119,18,208
2025-07-28,SKU-034,242.0,0,13,208
2025-07-28,SKU-035,119.0,0,11,17
2025-07-28,SKU-036,166.0,125,17,190
2025-07-28,SKU-037,75.0,0,16,54
2025-07-28,SKU-038,84.0,0,19,57
2025-07-28,SKU-039,130.0,0,16,11
2025-07-28,SKU-040,86.0,0,15,22
2025-07-28,SKU-041,44.0,0,26,8
2025-07-28,SKU-042,100.0,137,18,162
2025-07-28,SKU-043,74.0,84,15,179
2025-07-28,SKU-044,84.0,0,18,49
2025-07-28,SKU-045,82.0,0,24,30
2025-07-28,SKU-046,22.0,81,17,25
2025-07-28,SKU-047,104.0,0,27,25
2025-07-28,SKU-048,96.0,51,24,107
2025-07-28,SKU-049,28.0,0,19,13
2025-07-28,SKU-050,65.0,0,15,3
2025-07-28,SKU-051,93.0,0,20,60
2025-07-28,SKU-052,136.0,0,23,134
2025-07-28,SKU-053,0.0,88,23,296
2025-07-28,SKU-054,93.0,0,30,77
2025-07-28,SKU-055,101.0,0,32,57
2025-07-28,SKU-056,16.0,101,29,26
2025-07-28,SKU-057,122.0,0,31,82
2025-07-28,SKU-058,122.0,0,25,70
2025-07-28,SKU-059,39.0,142,21,105
2025-07-28,SKU-060,0.0,139,15,177
2025-08-04,SKU-001,31.0,83,21,55
2025-08-04,SKU-002,81.0,139,26,97
2025-08-04,SKU-003,143.0,59,25,161
2025-08-04,SKU-004,20.0,135,29,69
2025-08-04,SKU-005,66.0,0,24,51
2025-08-04,SKU-006,23.0,69,28,307
2025-08-04,SKU-007,0.0,136,38,276
2025-08-04,SKU-008,108.0,0,31,37
2025-08-04,SKU-009,69.0,0,45,33
2025-08-04,SKU-010,109.0,66,27,121
2025-08-04,SKU-011,15.0,88,25,27
2025-08-04,SKU-012,124.0,0,41,103
2025-08-04,SKU-013,14.0,113,14,181
2025-08-04,SKU-014,57.0,99,7,94
2025-08-04,SKU-015,53.0,127,11,72
2025-08-04,SKU-016,209.0,0,11,151
2025-08-04,SKU-017,152.0,0,14,7
2025-08-04,SKU-018,35.0,88,8,75
2025-08-04,SKU-019,33.0,0,8,25
2025-08-04,SKU-020,,65,12,100
2025-08-04,SKU-021,55.0,0,14,28
2025-08-04,SKU-022,185.0,91,13,186
2025-08-04,SKU-023,18.0,0,13,14
2025-08-04,SKU-024,53.0,0,11,44
2025-08-04,SKU-025,162.0,0,12,131
2025-08-04,SKU-026,113.0,0,10,76
2025-08-04,SKU-027,112.0,0,7,31
2025-08-04,SKU-028,85.0,0,17,16
2025-08-04,SKU-029,44.0,0,13,22
2025-08-04,SKU-030,64.0,0,15,36
2025-08-04,SKU-031,156.0,0,12,134
2025-08-04,SKU-032,0.0,139,19,264
2025-08-04,SKU-033,75.0,81,18,208
2025-08-04,SKU-034,169.0,134,13,208
2025-08-04,SKU-035,110.0,0,11,17
2025-08-04,SKU-036,111.0,125,17,190
2025-08-04,SKU-037,63.0,0,16,54
2025-08-04,SKU-038,73.0,0,19,57
2025-08-04,SKU-039,126.0,0,16,11
2025-08-04,SKU-040,79.0,0,15,22
2025-08-04,SKU-041,,0,26,8
2025-08-04,SKU-042,48.0,137,18,162
2025-08-04,SKU-043,15.0,84,15,179
2025-08-04,SKU-044,70.0,0,18,49
2025-08-04,SKU-045,73.0,0,24,30
2025-08-04,SKU-046,14.0,81,17,25
2025-08-04,SKU-047,100.0,0,27,25
2025-08-04,SKU-048,63.0,51,24,107
2025-08-04,SKU-049,27.0,0,19,13
2025-08-04,SKU-050,62.0,0,15,3
2025-08-04,SKU-051,84.0,0,20,60
2025-08-04,SKU-052,113.0,91,23,134
2025-08-04,SKU-053,22.0,82,23,296
2025-08-04,SKU-054,88.0,0,30,77
2025-08-04,SKU-055,89.0,0,32,57
2025-08-04,SKU-056,15.0,101,29,26
2025-08-04,SKU-057,109.0,0,31,82
2025-08-04,SKU-058,106.0,0,25,70
2025-08-04,SKU-059,14.0,142,21,105
2025-08-04,SKU-060,0.0,139,15,177
2025-08-11,SKU-001,95.0,0,21,55
2025-08-11,SKU-002,67.0,139,26,97
2025-08-11,SKU-003,106.0,59,25,161
2025-08-11,SKU-004,146.0,0,29,69
2025-08-11,SKU-005,57.0,0,24,51
2025-08-11,SKU-006,0.0,69,28,307
2025-08-11,SKU-007,0.0,136,38,276
2025-08-11,SKU-008,102.0,0,31,37
2025-08-11,SKU-009,65.0,0,45,33
2025-08-11,SKU-010,82.0,66,27,121
2025-08-11,SKU-011,13.0,88,25,27
2025-08-11,SKU-012,116.0,0,41,103
2025-08-11,SKU-013,65.0,75,14,181
2025-08-11,SKU-014,92.0,65,7,94
2025-08-11,SKU-015,151.0,0,11,72
2025-08-11,SKU-016,138.0,114,11,151
2025-08-11,SKU-017,151.0,0,14,7
2025-08-11,SKU-018,,0,8,75
2025-08-11,SKU-019,18.0,110,8,25
2025-08-11,SKU-020,95.0,51,12,100
2025-08-11,SKU-021,46.0,0,14,28
2025-08-11,SKU-022,208.0,0,13,186
2025-08-11,SKU-023,8.0,132,13,14
2025-08-11,SKU-024,33.0,132,11,44
2025-08-11,SKU-025,110.0,94,12,131
2025-08-11,SKU-026,81.0,0,10,76
2025-08-11,SKU-027,91.0,0,7,31
2025-08-11,SKU-028,78.0,0,17,16
2025-08-11,SKU-029,39.0,0,13,22
2025-08-11,SKU-030,60.0,0,15,36
2025-08-11,SKU-031,116.0,146,12,134
2025-08-11,SKU-032,73.0,55,19,264
2025-08-11,SKU-033,18.0,81,18,208
2025-08-11,SKU-034,240.0,0,13,208
2025-08-11,SKU-035,104.0,0,11,17
2025-08-11,SKU-036,192.0,0,17,190
2025-08-11,SKU-037,48.0,129,16,54
2025-08-11,SKU-038,60.0,0,19,57
2025-08-11,SKU-039,124.0,0,16,11
2025-08-11,SKU-040,71.0,0,15,22
2025-08-11,SKU-041,42.0,0,26,8
2025-08-11,SKU-042,139.0,120,18,162
2025-08-11,SKU-043,30.0,70,15,179
2025-08-11,SKU-044,54.0,0,18,49
2025-08-11,SKU-045,64.0,0,24,30
2025-08-11,SKU-046,87.0,0,17,25
2025-08-11,SKU-047,97.0,0,27,25
2025-08-11,SKU-048,44.0,51,24,107
2025-08-11,SKU-049,24.0,0,19,13
2025-08-11,SKU-050,61.0,0,15,3
2025-08-11,SKU-051,67.0,0,20,60
2025-08-11,SKU-052,89.0,91,23,134
2025-08-11,SKU-053,0.0,82,23,296
2025-08-11,SKU-054,76.0,68,30,77
2025-08-11,SKU-055,78.0,0,32,57
2025-08-11,SKU-056,10.0,101,29,26
2025-08-11,SKU-057,100.0,0,31,82
2025-08-11,SKU-058,96.0,0,25,70
2025-08-11,SKU-059,127.0,0,21,105
2025-08-11,SKU-060,86.0,58,15,177
2025-08-18,SKU-001,83.0,0,21,55
2025-08-18,SKU-002,41.0,139,26,97
2025-08-18,SKU-003,78.0,59,25,161
2025-08-18,SKU-004,130.0,0,29,69
2025-08-18,SKU-005,54.0,0,24,51
2025-08-18,SKU-006,0.0,69,28,307
2025-08-18,SKU-007,103.0,146,38,276
2025-08-18,SKU-008,97.0,0,31,37
2025-08-18,SKU-009,64.0,0,45,33
2025-08-18,SKU-010,61.0,66,27,121
2025-08-18,SKU-011,97.0,0,25,27
2025-08-18,SKU-012,102.0,102,41,103
2025-08-18,SKU-013,1.0,75,14,181
2025-08-18,SKU-014,103.0,0,7,94
2025-08-18,SKU-015,119.0,0,11,72
2025-08-18,SKU-016,188.0,0,11,151
2025-08-18,SKU-017,147.0,0,14,7
2025-08-18,SKU-018,35.0,67,8,75
2025-08-18,SKU-019,116.0,0,8,25
2025-08-18,SKU-020,108.0,0,12,100
2025-08-18,SKU-021,38.0,0,14,28
2025-08-18,SKU-022,150.0,142,13,186
2025-08-18,SKU-023,137.0,0,13,14
2025-08-18,SKU-024,137.0,0,11,44
2025-08-18,SKU-025,143.0,0,12,131
2025-08-18,SKU-026,40.0,97,10,76
2025-08-18,SKU-027,75.0,0,7,31
2025-08-18,SKU-028,74.0,0,17,16
2025-08-18,SKU-029,35.0,0,13,22
2025-08-18,SKU-030,48.0,0,15,36
2025-08-18,SKU-031,209.0,0,12,134
2025-08-18,SKU-032,0.0,55,19,264
2025-08-18,SKU-033,49.0,129,18,208
2025-08-18,SKU-034,156.0,78,13,208
2025-08-18,SKU-035,99.0,0,11,17
2025-08-18,SKU-036,139.0,72,17,190
2025-08-18,SKU-037,38.0,129,16,54
2025-08-18,SKU-038,44.0,73,19,57
2025-08-18,SKU-039,120.0,0,16,11
2025-08-18,SKU-040,59.0,0,15,22
2025-08-18,SKU-041,41.0,0,26,8
2025-08-18,SKU-042,106.0,120,18,162
2025-08-18,SKU-043,0.0,70,15,179
2025-08-18,SKU-044,45.0,85,18,49
2025-08-18,SKU-045,54.0,0,24,30
2025-08-18,SKU-046,76.0,0,17,25
2025-08-18,SKU-047,90.0,0,27,25
2025-08-18,SKU-048,78.0,51,24,107
2025-08-18,SKU-049,23.0,0,19,13
2025-08-18,SKU-050,60.0,0,15,3
2025-08-18,SKU-051,47.0,140,20,60
2025-08-18,SKU-052,59.0,91,23,134
2025-08-18,SKU-053,0.0,82,23,296
2025-08-18,SKU-054,68.0,68,30,77
2025-08-18,SKU-055,71.0,0,32,57
2025-08-18,SKU-056,111.0,0,29,26
2025-08-18,SKU-057,88.0,0,31,82
2025-08-18,SKU-058,87.0,0,25,70
2025-08-18,SKU-059,101.0,149,21,105
2025-08-18,SKU-060,32.0,58,15,177
2025-08-25,SKU-001,72.0,0,21,55
2025-08-25,SKU-002,166.0,0,26,97
2025-08-25,SKU-003,108.0,116,25,161
2025-08-25,SKU-004,119.0,0,29,69
2025-08-25,SKU-005,44.0,87,24,51
2025-08-25,SKU-006,0.0,69,28,307
2025-08-25,SKU-007,58.0,146,38,276
2025-08-25,SKU-008,90.0,0,31,37
2025-08-25,SKU-009,56.0,0,45,33
2025-08-25,SKU-010,107.0,131,27,121
2025-08-25,SKU-011,92.0,0,25,27
2025-08-25,SKU-012,92.0,102,41,103
2025-08-25,SKU-013,23.0,52,14,181
2025-08-25,SKU-014,41.0,133,7,94
2025-08-25,SKU-015,84.0,0,11,72
2025-08-25,SKU-016,113.0,113,11,151
2025-08-25,SKU-017,146.0,0,14,7
2025-08-25,SKU-018,59.0,87,8,75
2025-08-25,SKU-019,103.0,0,8,25
2025-08-25,SKU-020,73.0,123,12,100
2025-08-25,SKU-021,29.0,0,14,28
2025-08-25,SKU-022,221.0,0,13,186
2025-08-25,SKU-023,132.0,0,13,14
2025-08-25,SKU-024,115.0,0,11,44
2025-08-25,SKU-025,,75,12,131
2025-08-25,SKU-026,103.0,0,10,76
2025-08-25,SKU-027,49.0,0,7,31
2025-08-25,SKU-028,71.0,0,17,16
2025-08-25,SKU-029,30.0,0,13,22
2025-08-25,SKU-030,33.0,117,15,36
2025-08-25,SKU-031,153.0,0,12,134
2025-08-25,SKU-032,0.0,81,19,264
2025-08-25,SKU-033,3.0,129,18,208
2025-08-25,SKU-034,155.0,83,13,208
2025-08-25,SKU-035,92.0,0,11,17
2025-08-25,SKU-036,92.0,72,17,190
2025-08-25,SKU-037,146.0,0,16,54
2025-08-25,SKU-038,24.0,73,19,57
2025-08-25,SKU-039,117.0,0,16,11
2025-08-25,SKU-040,48.0,0,15,22
2025-08-25,SKU-041,40.0,0,26,8
2025-08-25,SKU-042,184.0,0,18,162
2025-08-25,SKU-043,19.0,60,15,179
2025-08-25,SKU-044,33.0,85,18,49
2025-08-25,SKU-045,50.0,0,24,30
2025-08-25,SKU-046,66.0,0,17,25
2025-08-25,SKU-047,86.0,0,27,25
2025-08-25,SKU-048,59.0,51,24,107
2025-08-25,SKU-049,18.0,0,19,13
2025-08-25,SKU-050,58.0,0,15,3
2025-08-25,SKU-051,28.0,140,20,60
2025-08-25,SKU-052,121.0,102,23,134
2025-08-25,SKU-053,8.0,67,23,296
2025-08-25,SKU-054,56.0,68,30,77
2025-08-25,SKU-055,65.0,0,32,57
2025-08-25,SKU-056,109.0,0,29,26
2025-08-25,SKU-057,78.0,81,31,82
2025-08-25,SKU-058,75.0,0,25,70
2025-08-25,SKU-059,68.0,149,21,105
2025-08-25,SKU-060,49.0,146,15,177
2025-09-01,SKU-001,61.0,0,21,55
2025-09-01,SKU-002,153.0,0,26,97
2025-09-01,SKU-003,72.0,116,25,161
2025-09-01,SKU-004,103.0,0,29,69
2025-09-01,SKU-005,36.0,87,24,51
2025-09-01,SKU-006,8.0,68,28,307
2025-09-01,SKU-007,25.0,146,38,276
2025-09-01,SKU-008,83.0,0,31,37
2025-09-01,SKU-009,50.0,0,45,33
2025-09-01,SKU-010,91.0,131,27,121
2025-09-01,SKU-011,89.0,0,25,27
2025-09-01,SKU-012,,102,41,103
2025-09-01,SKU-013,,52,14,181
2025-09-01,SKU-014,107.0,0,7,94
2025-09-01,SKU-015,61.0,91,11,72
2025-09-01,SKU-016,152.0,0,11,151
2025-09-01,SKU-017,146.0,0,14,7
2025-09-01,SKU-018,116.0,0,8,75
2025-09-01,SKU-019,90.0,0,8,25
2025-09-01,SKU-020,143.0,0,12,100
2025-09-01,SKU-021,19.0,132,14,28
2025-09-01,SKU-022,157.0,146,13,186
2025-09-01,SKU-023,127.0,0,13,14
2025-09-01,SKU-024,101.0,0,11,44
2025-09-01,SKU-025,106.0,67,12,131
2025-09-01,SKU-026,69.0,115,10,76
2025-09-01,SKU-027,24.0,113,7,31
2025-09-01,SKU-028,67.0,0,17,16
2025-09-01,SKU-029,19.0,85,13,22
2025-09-01,SKU-030,19.0,117,15,36
2025-09-01,SKU-031,92.0,89,12,134
2025-09-01,SKU-032,0.0,81,19,264
2025-09-01,SKU-033,78.0,53,18,208
2025-09-01,SKU-034,179.0,67,13,208
2025-09-01,SKU-035,91.0,0,11,17
2025-09-01,SKU-036,110.0,122,17,190
2025-09-01,SKU-037,133.0,0,16,54
2025-09-01,SKU-038,84.0,0,19,57
2025-09-01,SKU-039,112.0,0,16,11
2025-09-01,SKU-040,43.0,0,15,22
2025-09-01,SKU-041,40.0,0,26,8
2025-09-01,SKU-042,146.0,64,18,162
2025-09-01,SKU-043,0.0,60,15,179
2025-09-01,SKU-044,100.0,0,18,49
2025-09-01,SKU-045,43.0,0,24,30
2025-09-01,SKU-046,60.0,0,17,25
2025-09-01,SKU-047,83.0,0,27,25
2025-09-01,SKU-048,34.0,51,24,107
2025-09-01,SKU-049,12.0,75,19,13
2025-09-01,SKU-050,56.0,0,15,3
2025-09-01,SKU-051,156.0,0,20,60
2025-09-01,SKU-052,88.0,102,23,134
2025-09-01,SKU-053,0.0,67,23,296
2025-09-01,SKU-054,41.0,68,30,77
2025-09-01,SKU-055,52.0,76,32,57
2025-09-01,SKU-056,106.0,0,29,26
2025-09-01,SKU-057,66.0,81,31,82
2025-09-01,SKU-058,66.0,67,25,70
2025-09-01,SKU-059,44.0,149,21,105
2025-09-01,SKU-060,0.0,146,15,177
2025-09-08,SKU-001,52.0,69,21,55
2025-09-08,SKU-002,131.0,0,26,97
2025-09-08,SKU-003,49.0,116,25,161
2025-09-08,SKU-004,93.0,0,29,69
2025-09-08,SKU-005,25.0,87,24,51
2025-09-08,SKU-006,0.0,68,28,307
2025-09-08,SKU-007,0.0,146,38,276
2025-09-08,SKU-008,77.0,0,31,37
2025-09-08,SKU-009,48.0,0,45,33
2025-09-08,SKU-010,73.0,131,27,121
2025-09-08,SKU-011,85.0,0,25,27
2025-09-08,SKU-012,67.0,102,41,103
2025-09-08,SKU-013,0.0,111,14,181
2025-09-08,SKU-014,45.0,104,7,94
2025-09-08,SKU-015,121.0,0,11,72
2025-09-08,SKU-016,95.0,52,11,151
2025-09-08,SKU-017,145.0,0,14,7
2025-09-08,SKU-018,85.0,0,8,75
2025-09-08,SKU-019,64.0,0,8,25
2025-09-08,SKU-020,96.0,76,12,100
2025-09-08,SKU-021,10.0,132,14,28
2025-09-08,SKU-022,244.0,0,13,186
2025-09-08,SKU-023,121.0,0,13,14
2025-09-08,SKU-024,82.0,0,11,44
2025-09-08,SKU-025,120.0,125,12,131
2025-09-08,SKU-026,139.0,0,10,76
2025-09-08,SKU-027,120.0,0,7,31
2025-09-08,SKU-028,59.0,0,17,16
2025-09-08,SKU-029,101.0,0,13,22
2025-09-08,SKU-030,123.0,0,15,36
2025-09-08,SKU-031,124.0,73,12,134
2025-09-08,SKU-032,21.0,65,19,264
2025-09-08,SKU-033,23.0,53,18,208
2025-09-08,SKU-034,172.0,122,13,208
2025-09-08,SKU-035,87.0,0,11,17
2025-09-08,SKU-036,68.0,122,17,190
2025-09-08,SKU-037,120.0,0,16,54
2025-09-08,SKU-038,68.0,0,19,57
2025-09-08,SKU-039,108.0,0,16,11
2025-09-08,SKU-040,37.0,0,15,22
2025-09-08,SKU-041,40.0,0,26,8
2025-09-08,SKU-042,94.0,64,18,162
2025-09-08,SKU-043,6.0,63,15,179
2025-09-08,SKU-044,90.0,0,18,49
2025-09-08,SKU-045,39.0,0,24,30
2025-09-08,SKU-046,55.0,0,17,25
2025-09-08,SKU-047,78.0,0,27,25
2025-09-08,SKU-048,69.0,102,24,107
2025-09-08,SKU-049,11.0,75,19,13
2025-09-08,SKU-050,55.0,0,15,3
2025-09-08,SKU-051,134.0,0,20,60
2025-09-08,SKU-052,56.0,102,23,134
2025-09-08,SKU-053,0.0,67,23,296
2025-09-08,SKU-054,100.0,0,30,77
2025-09-08,SKU-055,48.0,76,32,57
2025-09-08,SKU-056,103.0,0,29,26
2025-09-08,SKU-057,50.0,81,31,82
2025-09-08,SKU-058,52.0,67,25,70
2025-09-08,SKU-059,157.0,0,21,105
2025-09-08,SKU-060,90.0,91,15,177
2025-09-15,SKU-001,39.0,69,21,55
2025-09-15,SKU-002,115.0,0,26,97
2025-09-15,SKU-003,137.0,114,25,161
2025-09-15,SKU-004,82.0,0,29,69
2025-09-15,SKU-005,105.0,0,24,51
2025-09-15,SKU-006,0.0,68,28,307
2025-09-15,SKU-007,0.0,146,38,276
2025-09-15,SKU-008,69.0,0,31,37
2025-09-15,SKU-009,47.0,0,45,33
2025-09-15,SKU-010,187.0,0,27,121
2025-09-15,SKU-011,81.0,0,25,27
2025-09-15,SKU-012,53.0,102,41,103
2025-09-15,SKU-013,0.0,111,14,181
2025-09-15,SKU-014,86.0,146,7,94
2025-09-15,SKU-015,89.0,0,11,72
2025-09-15,SKU-016,81.0,54,11,151
2025-09-15,SKU-017,,0,14,7
2025-09-15,SKU-018,36.0,99,8,75
2025-09-15,SKU-019,51.0,0,8,25
2025-09-15,SKU-020,135.0,0,12,100
2025-09-15,SKU-021,133.0,0,14,28
2025-09-15,SKU-022,191.0,0,13,186
2025-09-15,SKU-023,115.0,0,13,14
2025-09-15,SKU-024,55.0,0,11,44
2025-09-15,SKU-025,197.0,0,12,131
2025-09-15,SKU-026,107.0,0,10,76
2025-09-15,SKU-027,104.0,0,7,31
2025-09-15,SKU-028,56.0,0,17,16
2025-09-15,SKU-029,93.0,0,13,22
2025-09-15,SKU-030,113.0,0,15,36
2025-09-15,SKU-031,138.0,0,12,134
2025-09-15,SKU-032,0.0,65,19,264
2025-09-15,SKU-033,24.0,83,18,208
2025-09-15,SKU-034,210.0,0,13,208
2025-09-15,SKU-035,83.0,0,11,17
2025-09-15,SKU-036,140.0,77,17,190
2025-09-15,SKU-037,,0,16,54
2025-09-15,SKU-038,49.0,130,19,57
2025-09-15,SKU-039,107.0,0,16,11
2025-09-15,SKU-040,24.0,0,15,22
2025-09-15,SKU-041,,0,26,8
2025-09-15,SKU-042,112.0,115,18,162
2025-09-15,SKU-043,0.0,63,15,179
2025-09-15,SKU-044,78.0,0,18,49
2025-09-15,SKU-045,36.0,0,24,30
2025-09-15,SKU-046,48.0,0,17,25
2025-09-15,SKU-047,75.0,0,27,25
2025-09-15,SKU-048,49.0,102,24,107
2025-09-15,SKU-049,83.0,0,19,13
2025-09-15,SKU-050,54.0,0,15,3
2025-09-15,SKU-051,121.0,0,20,60
2025-09-15,SKU-052,135.0,0,23,134
2025-09-15,SKU-053,11.0,97,23,296
2025-09-15,SKU-054,92.0,0,30,77
2025-09-15,SKU-055,35.0,76,32,57
2025-09-15,SKU-056,,0,29,26
2025-09-15,SKU-057,34.0,81,31,82
2025-09-15,SKU-058,41.0,67,25,70
2025-09-15,SKU-059,138.0,0,21,105
2025-09-15,SKU-060,30.0,91,15,177
2025-09-22,SKU-001,26.0,69,21,55
2025-09-22,SKU-002,98.0,0,26,97
2025-09-22,SKU-003,112.0,114,25,161
2025-09-22,SKU-004,65.0,92,29,69
2025-09-22,SKU-005,93.0,0,24,51
2025-09-22,SKU-006,0.0,68,28,307
2025-09-22,SKU-007,113.0,144,38,276
2025-09-22,SKU-008,61.0,0,31,37
2025-09-22,SKU-009,44.0,0,45,33
2025-09-22,SKU-010,166.0,0,27,121
2025-09-22,SKU-011,78.0,0,25,27
2025-09-22,SKU-012,145.0,0,41,103
2025-09-22,SKU-013,48.0,58,14,181
2025-09-22,SKU-014,162.0,0,7,94
2025-09-22,SKU-015,69.0,67,11,72
2025-09-22,SKU-016,70.0,128,11,151
2025-09-22,SKU-017,140.0,0,14,7
2025-09-22,SKU-018,82.0,0,8,75
2025-09-22,SKU-019,34.0,0,8,25
2025-09-22,SKU-020,104.0,0,12,100
2025-09-22,SKU-021,126.0,0,14,28
2025-09-22,SKU-022,120.0,124,13,186
2025-09-22,SKU-023,109.0,0,13,14
2025-09-22,SKU-024,39.0,114,11,44
2025-09-22,SKU-025,139.0,0,12,131
2025-09-22,SKU-026,69.0,104,10,76
2025-09-22,SKU-027,79.0,0,7,31
2025-09-22,SKU-028,53.0,0,17,16
2025-09-22,SKU-029,83.0,0,13,22
2025-09-22,SKU-030,99.0,0,15,36
2025-09-22,SKU-031,91.0,101,12,134
2025-09-22,SKU-032,8.0,139,19,264
2025-09-22,SKU-033,0.0,83,18,208
2025-09-22,SKU-034,111.0,80,13,208
2025-09-22,SKU-035,74.0,0,11,17
2025-09-22,SKU-036,94.0,77,17,190
2025-09-22,SKU-037,89.0,0,16,54
2025-09-22,SKU-038,37.0,130,19,57
2025-09-22,SKU-039,99.0,0,16,11
2025-09-22,SKU-040,16.0,64,15,22
2025-09-22,SKU-041,35.0,0,26,8
2025-09-22,SKU-042,74.0,115,18,162
2025-09-22,SKU-043,0.0,116,15,179
2025-09-22,SKU-044,62.0,0,18,49
2025-09-22,SKU-045,27.0,137,24,30
2025-09-22,SKU-046,42.0,0,17,25
2025-09-22,SKU-047,68.0,0,27,25
2025-09-22,SKU-048,26.0,102,24,107
2025-09-22,SKU-049,80.0,0,19,13
2025-09-22,SKU-050,54.0,0,15,3
2025-09-22,SKU-051,105.0,0,20,60
2025-09-22,SKU-052,106.0,53,23,134
2025-09-22,SKU-053,0.0,97,23,296
2025-09-22,SKU-054,,0,30,77
2025-09-22,SKU-055,32.0,76,32,57
2025-09-22,SKU-056,90.0,0,29,26
2025-09-22,SKU-057,107.0,0,31,82
2025-09-22,SKU-058,93.0,0,25,70
2025-09-22,SKU-059,112.0,0,21,105
2025-09-22,SKU-060,70.0,91,15,177
2025-09-29,SKU-001,88.0,0,21,55
2025-09-29,SKU-002,78.0,115,26,97
2025-09-29,SKU-003,90.0,114,25,161
2025-09-29,SKU-004,49.0,92,29,69
2025-09-29,SKU-005,87.0,0,24,51
2025-09-29,SKU-006,4.0,81,28,307
2025-09-29,SKU-007,88.0,144,38,276
2025-09-29,SKU-008,55.0,0,31,37
2025-09-29,SKU-009,41.0,0,45,33
2025-09-29,SKU-010,143.0,0,27,121
2025-09-29,SKU-011,76.0,0,25,27
2025-09-29,SKU-012,126.0,0,41,103
2025-09-29,SKU-013,0.0,58,14,181
2025-09-29,SKU-014,96.0,0,7,94
2025-09-29,SKU-015,104.0,0,11,72
2025-09-29,SKU-016,134.0,51,11,151
2025-09-29,SKU-017,,0,14,7
2025-09-29,SKU-018,42.0,128,8,75
2025-09-29,SKU-019,15.0,107,8,25
2025-09-29,SKU-020,68.0,100,12,100
2025-09-29,SKU-021,119.0,0,14,28
2025-09-29,SKU-022,167.0,124,13,186
2025-09-29,SKU-023,103.0,0,13,14
2025-09-29,SKU-024,133.0,0,11,44
2025-09-29,SKU-025,90.0,53,12,131
2025-09-29,SKU-026,141.0,0,10,76
2025-09-29,SKU-027,61.0,0,7,31
2025-09-29,SKU-028,46.0,0,17,16
2025-09-29,SKU-029,70.0,0,13,22
2025-09-29,SKU-030,87.0,0,15,36
2025-09-29,SKU-031,138.0,0,12,134
2025-09-29,SKU-032,0.0,139,19,264
2025-09-29,SKU-033,21.0,150,18,208
2025-09-29,SKU-034,125.0,134,13,208
2025-09-29,SKU-035,67.0,0,11,17
2025-09-29,SKU-036,124.0,87,17,190
2025-09-29,SKU-037,70.0,0,16,54
2025-09-29,SKU-038,150.0,0,19,57
2025-09-29,SKU-039,93.0,0,16,11
2025-09-29,SKU-040,11.0,64,15,22
2025-09-29,SKU-041,34.0,0,26,8
2025-09-29,SKU-042,137.0,98,18,162
2025-09-29,SKU-043,0.0,116,15,179
2025-09-29,SKU-044,51.0,0,18,49
2025-09-29,SKU-045,24.0,137,24,30
2025-09-29,SKU-046,38.0,0,17,25
2025-09-29,SKU-047,65.0,0,27,25
2025-09-29,SKU-048,104.0,75,24,107
2025-09-29,SKU-049,80.0,0,19,13
2025-09-29,SKU-050,54.0,0,15,3
2025-09-29,SKU-051,96.0,0,20,60
2025-09-29,SKU-052,84.0,53,23,134
2025-09-29,SKU-053,0.0,97,23,296
2025-09-29,SKU-054,64.0,90,30,77
2025-09-29,SKU-055,102.0,0,32,57
2025-09-29,SKU-056,86.0,0,29,26
2025-09-29,SKU-057,96.0,0,31,82
2025-09-29,SKU-058,87.0,0,25,70
2025-09-29,SKU-059,90.0,52,21,105
2025-09-29,SKU-060,5.0,91,15,177
2025-10-06,SKU-001,76.0,0,21,55
2025-10-06,SKU-002,56.0,115,26,97
2025-10-06,SKU-003,175.0,0,25,161
2025-10-06,SKU-004,35.0,92,29,69
2025-10-06,SKU-005,74.0,0,24,51
2025-10-06,SKU-006,0.0,81,28,307
2025-10-06,SKU-007,54.0,144,38,276
2025-10-06,SKU-008,50.0,0,31,37
2025-10-06,SKU-009,33.0,0,45,33
2025-10-06,SKU-010,126.0,0,27,121
2025-10-06,SKU-011,68.0,0,25,27
2025-10-06,SKU-012,120.0,0,41,103
2025-10-06,SKU-013,0.0,113,14,181
2025-10-06,SKU-014,44.0,110,7,94
2025-10-06,SKU-015,77.0,0,11,72
2025-10-06,SKU-016,136.0,79,11,151
2025-10-06,SKU-017,137.0,0,14,7
2025-10-06,SKU-018,123.0,0,8,75
2025-10-06,SKU-019,112.0,0,8,25
2025-10-06,SKU-020,129.0,0,12,100
2025-10-06,SKU-021,105.0,0,14,28
2025-10-06,SKU-022,226.0,0,13,186
2025-10-06,SKU-023,97.0,0,13,14
2025-10-06,SKU-024,104.0,0,11,44
2025-10-06,SKU-025,88.0,145,12,131
2025-10-06,SKU-026,102.0,0,10,76
2025-10-06,SKU-027,45.0,0,7,31
2025-10-06,SKU-028,39.0,0,17,16
2025-10-06,SKU-029,64.0,0,13,22
2025-10-06,SKU-030,73.0,0,15,36
2025-10-06,SKU-031,85.0,63,12,134
2025-10-06,SKU-032,67.0,120,19,264
2025-10-06,SKU-033,0.0,150,18,208
2025-10-06,SKU-034,182.0,118,13,208
2025-10-06,SKU-035,62.0,0,11,17
2025-10-06,SKU-036,75.0,87,17,190
2025-10-06,SKU-037,56.0,0,16,54
2025-10-06,SKU-038,138.0,0,19,57
2025-10-06,SKU-039,90.0,0,16,11
2025-10-06,SKU-040,67.0,0,15,22
2025-10-06,SKU-041,32.0,0,26,8
2025-10-06,SKU-042,96.0,98,18,162
2025-10-06,SKU-043,64.0,93,15,179
2025-10-06,SKU-044,37.0,129,18,49
2025-10-06,SKU-045,18.0,137,24,30
2025-10-06,SKU-046,28.0,0,17,25
2025-10-06,SKU-047,62.0,0,27,25
2025-10-06,SKU-048,84.0,75,24,107
2025-10-06,SKU-049,77.0,0,19,13
2025-10-06,SKU-050,51.0,0,15,3
2025-10-06,SKU-051,88.0,0,20,60
2025-10-06,SKU-052,52.0,53,23,134
2025-10-06,SKU-053,37.0,80,23,296
2025-10-06,SKU-054,51.0,90,30,77
2025-10-06,SKU-055,91.0,0,32,57
2025-10-06,SKU-056,81.0,0,29,26
2025-10-06,SKU-057,83.0,0,31,82
2025-10-06,SKU-058,,0,25,70
2025-10-06,SKU-059,61.0,52,21,105
2025-10-06,SKU-060,36.0,109,15,177
2025-10-13,SKU-001,61.0,0,21,55
2025-10-13,SKU-002,41.0,115,26,97
2025-10-13,SKU-003,136.0,108,25,161
2025-10-13,SKU-004,28.0,92,29,69
2025-10-13,SKU-005,62.0,0,24,51
2025-10-13,SKU-006,0.0,81,28,307
2025-10-13,SKU-007,10.0,144,38,276
2025-10-13,SKU-008,44.0,0,31,37
2025-10-13,SKU-009,27.0,96,45,33
2025-10-13,SKU-010,108.0,80,27,121
2025-10-13,SKU-011,62.0,0,25,27
2025-10-13,SKU-012,102.0,77,41,103
2025-10-13,SKU-013,0.0,113,14,181
2025-10-13,SKU-014,105.0,0,7,94
2025-10-13,SKU-015,48.0,94,11,72
2025-10-13,SKU-016,139.0,126,11,151
2025-10-13,SKU-017,136.0,0,14,7
2025-10-13,SKU-018,83.0,0,8,75
2025-10-13,SKU-019,96.0,0,8,25
2025-10-13,SKU-020,91.0,135,12,100
2025-10-13,SKU-021,98.0,0,14,28
2025-10-13,SKU-022,153.0,138,13,186
2025-10-13,SKU-023,92.0,0,13,14
2025-10-13,SKU-024,89.0,0,11,44
2025-10-13,SKU-025,176.0,0,12,131
2025-10-13,SKU-026,68.0,82,10,76
2025-10-13,SKU-027,24.0,131,7,31
2025-10-13,SKU-028,35.0,0,17,16
2025-10-13,SKU-029,53.0,0,13,22
2025-10-13,SKU-030,61.0,0,15,36
2025-10-13,SKU-031,91.0,55,12,134
2025-10-13,SKU-032,4.0,120,19,264
2025-10-13,SKU-033,98.0,122,18,208
2025-10-13,SKU-034,215.0,0,13,208
2025-10-13,SKU-035,56.0,0,11,17
2025-10-13,SKU-036,101.0,90,17,190
2025-10-13,SKU-037,41.0,133,16,54
2025-10-13,SKU-038,122.0,0,19,57
2025-10-13,SKU-039,88.0,0,16,11
2025-10-13,SKU-040,58.0,0,15,22
2025-10-13,SKU-041,31.0,0,26,8
2025-10-13,SKU-042,146.0,133,18,162
2025-10-13,SKU-043,7.0,93,15,179
2025-10-13,SKU-044,21.0,129,18,49
2025-10-13,SKU-045,147.0,0,24,30
2025-10-13,SKU-046,18.0,81,17,25
2025-10-13,SKU-047,58.0,0,27,25
2025-10-13,SKU-048,64.0,75,24,107
2025-10-13,SKU-049,,0,19,13
2025-10-13,SKU-050,50.0,0,15,3
2025-10-13,SKU-051,79.0,0,20,60
2025-10-13,SKU-052,80.0,74,23,134
2025-10-13,SKU-053,0.0,80,23,296
2025-10-13,SKU-054,35.0,90,30,77
2025-10-13,SKU-055,86.0,0,32,57
2025-10-13,SKU-056,78.0,0,29,26
2025-10-13,SKU-057,70.0,71,31,82
2025-10-13,SKU-058,67.0,132,25,70
2025-10-13,SKU-059,39.0,52,21,105
2025-10-13,SKU-060,0.0,109,15,177
2025-10-20,SKU-001,50.0,84,21,55
2025-10-20,SKU-002,147.0,0,26,97
2025-10-20,SKU-003,109.0,108,25,161
2025-10-20,SKU-004,107.0,0,29,69
2025-10-20,SKU-005,53.0,0,24,51
2025-10-20,SKU-006,0.0,81,28,307
2025-10-20,SKU-007,0.0,144,38,276
2025-10-20,SKU-008,39.0,0,31,37
2025-10-20,SKU-009,24.0,96,45,33
2025-10-20,SKU-010,87.0,80,27,121
2025-10-20,SKU-011,59.0,0,25,27
2025-10-20,SKU-012,95.0,77,41,103
2025-10-20,SKU-013,56.0,136,14,181
2025-10-20,SKU-014,45.0,130,7,94
2025-10-20,SKU-015,108.0,0,11,72
2025-10-20,SKU-016,196.0,0,11,151
2025-10-20,SKU-017,135.0,0,14,7
2025-10-20,SKU-018,44.0,144,8,75
2025-10-20,SKU-019,85.0,0,8,25
2025-10-20,SKU-020,191.0,0,12,100
2025-10-20,SKU-021,88.0,0,14,28
2025-10-20,SKU-022,224.0,0,13,186
2025-10-20,SKU-023,88.0,0,13,14
2025-10-20,SKU-024,73.0,0,11,44
2025-10-20,SKU-025,112.0,81,12,131
2025-10-20,SKU-026,,0,10,76
2025-10-20,SKU-027,133.0,0,7,31
2025-10-20,SKU-028,30.0,0,17,16
2025-10-20,SKU-029,40.0,0,13,22
2025-10-20,SKU-030,49.0,0,15,36
2025-10-20,SKU-031,92.0,75,12,134
2025-10-20,SKU-032,51.0,142,19,264
2025-10-20,SKU-033,43.0,122,18,208
2025-10-20,SKU-034,135.0,91,13,208
2025-10-20,SKU-035,45.0,0,11,17
2025-10-20,SKU-036,67.0,90,17,190
2025-10-20,SKU-037,21.0,133,16,54
2025-10-20,SKU-038,112.0,0,19,57
2025-10-20,SKU-039,86.0,0,16,11
2025-10-20,SKU-040,49.0,0,15,22
2025-10-20,SKU-041,28.0,0,26,8
2025-10-20,SKU-042,98.0,133,18,162
2025-10-20,SKU-043,23.0,52,15,179
2025-10-20,SKU-044,132.0,0,18,49
2025-10-20,SKU-045,143.0,0,24,30
2025-10-20,SKU-046,9.0,81,17,25
2025-10-20,SKU-047,52.0,0,27,25
2025-10-20,SKU-048,116.0,0,24,107
2025-10-20,SKU-049,70.0,0,19,13
2025-10-20,SKU-050,47.0,0,15,3
2025-10-20,SKU-051,61.0,0,20,60
2025-10-20,SKU-052,40.0,74,23,134
2025-10-20,SKU-053,0.0,80,23,296
2025-10-20,SKU-054,26.0,90,30,77
2025-10-20,SKU-055,80.0,0,32,57
2025-10-20,SKU-056,76.0,0,29,26
2025-10-20,SKU-057,60.0,71,31,82
2025-10-20,SKU-058,60.0,132,25,70
2025-10-20,SKU-059,59.0,100,21,105
2025-10-20,SKU-060,57.0,123,15,177
2025-10-27,SKU-001,,84,21,55
2025-10-27,SKU-002,121.0,0,26,97
2025-10-27,SKU-003,89.0,108,25,161
2025-10-27,SKU-004,99.0,0,29,69
2025-10-27,SKU-005,49.0,146,24,51
2025-10-27,SKU-006,24.0,117,28,307
2025-10-27,SKU-007,114.0,148,38,276
2025-10-27,SKU-008,34.0,87,31,37
2025-10-27,SKU-009,20.0,96,45,33
2025-10-27,SKU-010,67.0,80,27,121
2025-10-27,SKU-011,55.0,0,25,27
2025-10-27,SKU-012,86.0,77,41,103
2025-10-27,SKU-013,,136,14,181
2025-10-27,SKU-014,121.0,0,7,94
2025-10-27,SKU-015,80.0,0,11,72
2025-10-27,SKU-016,135.0,88,11,151
2025-10-27,SKU-017,134.0,0,14,7
2025-10-27,SKU-018,136.0,0,8,75
2025-10-27,SKU-019,73.0,0,8,25
2025-10-27,SKU-020,155.0,0,12,100
2025-10-27,SKU-021,83.0,0,14,28
2025-10-27,SKU-022,168.0,81,13,186
2025-10-27,SKU-023,81.0,0,13,14
2025-10-27,SKU-024,48.0,0,11,44
2025-10-27,SKU-025,140.0,0,12,131
2025-10-27,SKU-026,62.0,77,10,76
2025-10-27,SKU-027,107.0,0,7,31
2025-10-27,SKU-028,28.0,0,17,16
2025-10-27,SKU-029,32.0,0,13,22
2025-10-27,SKU-030,,143,15,36
2025-10-27,SKU-031,109.0,116,12,134
2025-10-27,SKU-032,0.0,142,19,264
2025-10-27,SKU-033,115.0,129,18,208
2025-10-27,SKU-034,168.0,52,13,208
2025-10-27,SKU-035,37.0,0,11,17
2025-10-27,SKU-036,113.0,70,17,190
2025-10-27,SKU-037,138.0,0,16,54
2025-10-27,SKU-038,98.0,0,19,57
2025-10-27,SKU-039,81.0,0,16,11
2025-10-27,SKU-040,42.0,0,15,22
2025-10-27,SKU-041,28.0,0,26,8
2025-10-27,SKU-042,179.0,0,18,162
2025-10-27,SKU-043,0.0,52,15,179
2025-10-27,SKU-044,115.0,0,18,49
2025-10-27,SKU-045,138.0,0,24,30
2025-10-27,SKU-046,86.0,0,17,25
2025-10-27,SKU-047,51.0,0,27,25
2025-10-27,SKU-048,88.0,91,24,107
2025-10-27,SKU-049,69.0,0,19,13
2025-10-27,SKU-050,46.0,0,15,3
2025-10-27,SKU-051,54.0,84,20,60
2025-10-27,SKU-052,9.0,74,23,134
2025-10-27,SKU-053,20.0,113,23,296
2025-10-27,SKU-054,104.0,0,30,77
2025-10-27,SKU-055,68.0,0,32,57
2025-10-27,SKU-056,75.0,0,29,26
2025-10-27,SKU-057,51.0,71,31,82
2025-10-27,SKU-058,52.0,132,25,70
2025-10-27,SKU-059,37.0,100,21,105
2025-10-27,SKU-060,0.0,123,15,177
2025-11-03,SKU-001,20.0,84,21,55
2025-11-03,SKU-002,107.0,0,26,97
2025-11-03,SKU-003,165.0,0,25,161
2025-11-03,SKU-004,89.0,0,29,69
2025-11-03,SKU-005,42.0,146,24,51
2025-11-03,SKU-006,0.0,117,28,307
2025-11-03,SKU-007,79.0,148,38,276
2025-11-03,SKU-008,25.0,87,31,37
2025-11-03,SKU-009,16.0,96,45,33
2025-11-03,SKU-010,130.0,0,27,121
2025-11-03,SKU-011,46.0,0,25,27
2025-11-03,SKU-012,80.0,77,41,103
2025-11-03,SKU-013,88.0,145,14,181
2025-11-03,SKU-014,67.0,61,7,94
2025-11-03,SKU-015,46.0,134,11,72
2025-11-03,SKU-016,173.0,0,11,151
2025-11-03,SKU-017,133.0,0,14,7
2025-11-03,SKU-018,96.0,0,8,75
2025-11-03,SKU-019,54.0,0,8,25
2025-11-03,SKU-020,110.0,0,12,100
2025-11-03,SKU-021,76.0,0,14,28
2025-11-03,SKU-022,189.0,0,13,186
2025-11-03,SKU-023,76.0,0,13,14
2025-11-03,SKU-024,34.0,72,11,44
2025-11-03,SKU-025,86.0,110,12,131
2025-11-03,SKU-026,106.0,0,10,76
2025-11-03,SKU-027,81.0,0,7,31
2025-11-03,SKU-028,25.0,0,17,16
2025-11-03,SKU-029,22.0,0,13,22
2025-11-03,SKU-030,22.0,143,15,36
2025-11-03,SKU-031,171.0,0,12,134
2025-11-03,SKU-032,90.0,119,19,264
2025-11-03,SKU-033,67.0,129,18,208
2025-11-03,SKU-034,145.0,50,13,208
2025-11-03,SKU-035,29.0,0,11,17
2025-11-03,SKU-036,64.0,70,17,190
2025-11-03,SKU-037,123.0,0,16,54
2025-11-03,SKU-038,,0,19,57
2025-11-03,SKU-039,76.0,0,16,11
2025-11-03,SKU-040,35.0,0,15,22
2025-11-03,SKU-041,28.0,0,26,8
2025-11-03,SKU-042,142.0,150,18,162
2025-11-03,SKU-043,10.0,100,15,179
2025-11-03,SKU-044,95.0,0,18,49
2025-11-03,SKU-045,130.0,0,24,30
2025-11-03,SKU-046,81.0,0,17,25
2025-11-03,SKU-047,49.0,0,27,25
2025-11-03,SKU-048,69.0,91,24,107
2025-11-03,SKU-049,67.0,0,19,13
2025-11-03,SKU-050,45.0,0,15,3
2025-11-03,SKU-051,41.0,84,20,60
2025-11-03,SKU-052,54.0,98,23,134
2025-11-03,SKU-053,0.0,113,23,296
2025-11-03,SKU-054,91.0,0,30,77
2025-11-03,SKU-055,58.0,0,32,57
2025-11-03,SKU-056,72.0,0,29,26
2025-11-03,SKU-057,37.0,71,31,82
2025-11-03,SKU-058,169.0,0,25,70
2025-11-03,SKU-059,17.0,100,21,105
2025-11-03,SKU-060,64.0,82,15,177
2025-11-10,SKU-001,91.0,0,21,55
2025-11-10,SKU-002,92.0,146,26,97
2025-11-10,SKU-003,137.0,89,25,161
2025-11-10,SKU-004,78.0,0,29,69
2025-11-10,SKU-005,33.0,146,24,51
2025-11-10,SKU-006,0.0,117,28,307
2025-11-10,SKU-007,54.0,148,38,276
2025-11-10,SKU-008,24.0,87,31,37
2025-11-10,SKU-009,9.0,96,45,33
2025-11-10,SKU-010,111.0,120,27,121
2025-11-10,SKU-011,45.0,0,25,27
2025-11-10,SKU-012,74.0,77,41,103
2025-11-10,SKU-013,31.0,145,14,181
2025-11-10,SKU-014,61.0,96,7,94
2025-11-10,SKU-015,141.0,0,11,72
2025-11-10,SKU-016,,132,11,151
2025-11-10,SKU-017,129.0,0,14,7
2025-11-10,SKU-018,47.0,102,8,75
2025-11-10,SKU-019,40.0,0,8,25
2025-11-10,SKU-020,65.0,111,12,100
2025-11-10,SKU-021,67.0,0,14,28
2025-11-10,SKU-022,,120,13,186
2025-11-10,SKU-023,69.0,0,13,14
2025-11-10,SKU-024,81.0,0,11,44
2025-11-10,SKU-025,153.0,0,12,131
2025-11-10,SKU-026,65.0,138,10,76
2025-11-10,SKU-027,52.0,0,7,31
2025-11-10,SKU-028,18.0,0,17,16
2025-11-10,SKU-029,,98,13,22
2025-11-10,SKU-030,151.0,0,15,36
2025-11-10,SKU-031,115.0,115,12,134
2025-11-10,SKU-032,25.0,119,19,264
2025-11-10,SKU-033,136.0,126,18,208
2025-11-10,SKU-034,123.0,71,13,208
2025-11-10,SKU-035,23.0,0,11,17
2025-11-10,SKU-036,93.0,100,17,190
2025-11-10,SKU-037,114.0,0,16,54
2025-11-10,SKU-038,61.0,0,19,57
2025-11-10,SKU-039,74.0,0,16,11
2025-11-10,SKU-040,,0,15,22
2025-11-10,SKU-041,28.0,0,26,8
2025-11-10,SKU-042,94.0,150,18,162
2025-11-10,SKU-043,0.0,100,15,179
2025-11-10,SKU-044,84.0,0,18,49
2025-11-10,SKU-045,122.0,0,24,30
2025-11-10,SKU-046,73.0,0,17,25
2025-11-10,SKU-047,45.0,0,27,25
2025-11-10,SKU-048,49.0,91,24,107
2025-11-10,SKU-049,64.0,0,19,13
2025-11-10,SKU-050,45.0,0,15,3
2025-11-10,SKU-051,106.0,0,20,60
2025-11-10,SKU-052,20.0,98,23,134
2025-11-10,SKU-053,0.0,113,23,296
2025-11-10,SKU-054,79.0,0,30,77
2025-11-10,SKU-055,47.0,145,32,57
2025-11-10,SKU-056,70.0,0,29,26
2025-11-10,SKU-057,91.0,0,31,82
2025-11-10,SKU-058,159.0,0,25,70
2025-11-10,SKU-059,89.0,114,21,105
2025-11-10,SKU-060,2.0,82,15,177
2025-11-17,SKU-001,86.0,0,21,55
2025-11-17,SKU-002,73.0,146,26,97
2025-11-17,SKU-003,105.0,89,25,161
2025-11-17,SKU-004,,95,29,69
2025-11-17,SKU-005,169.0,0,24,51
2025-11-17,SKU-006,0.0,117,28,307
2025-11-17,SKU-007,22.0,148,38,276
2025-11-17,SKU-008,22.0,87,31,37
2025-11-17,SKU-009,3.0,96,45,33
2025-11-17,SKU-010,90.0,120,27,121
2025-11-17,SKU-011,43.0,0,25,27
2025-11-17,SKU-012,138.0,0,41,103
2025-11-17,SKU-013,102.0,141,14,181
2025-11-17,SKU-014,101.0,0,7,94
2025-11-17,SKU-015,103.0,0,11,72
2025-11-17,SKU-016,203.0,0,11,151
2025-11-17,SKU-017,125.0,0,14,7
2025-11-17,SKU-018,107.0,0,8,75
2025-11-17,SKU-019,27.0,0,8,25
2025-11-17,SKU-020,139.0,0,12,100
2025-11-17,SKU-021,54.0,0,14,28
2025-11-17,SKU-022,166.0,90,13,186
2025-11-17,SKU-023,66.0,0,13,14
2025-11-17,SKU-024,64.0,0,11,44
2025-11-17,SKU-025,100.0,64,12,131
2025-11-17,SKU-026,163.0,0,10,76
2025-11-17,SKU-027,22.0,68,7,31
2025-11-17,SKU-028,9.0,111,17,16
2025-11-17,SKU-029,105.0,0,13,22
2025-11-17,SKU-030,137.0,0,15,36
2025-11-17,SKU-031,176.0,0,12,134
2025-11-17,SKU-032,91.0,148,19,264
2025-11-17,SKU-033,91.0,126,18,208
2025-11-17,SKU-034,126.0,56,13,208
2025-11-17,SKU-035,13.0,144,11,17
2025-11-17,SKU-036,36.0,100,17,190
2025-11-17,SKU-037,94.0,0,16,54
2025-11-17,SKU-038,49.0,62,19,57
2025-11-17,SKU-039,71.0,0,16,11
2025-11-17,SKU-040,24.0,0,15,22
2025-11-17,SKU-041,27.0,0,26,8
2025-11-17,SKU-042,190.0,0,18,162
2025-11-17,SKU-043,46.0,63,15,179
2025-11-17,SKU-044,72.0,0,18,49
2025-11-17,SKU-045,118.0,0,24,30
2025-11-17,SKU-046,67.0,0,17,25
2025-11-17,SKU-047,44.0,0,27,25
2025-11-17,SKU-048,119.0,0,24,107
2025-11-17,SKU-049,61.0,0,19,13
2025-11-17,SKU-050,43.0,0,15,3
2025-11-17,SKU-051,94.0,0,20,60
2025-11-17,SKU-052,0.0,98,23,134
2025-11-17,SKU-053,40.0,117,23,296
2025-11-17,SKU-054,64.0,141,30,77
2025-11-17,SKU-055,40.0,145,32,57
2025-11-17,SKU-056,66.0,0,29,26
2025-11-17,SKU-057,83.0,0,31,82
2025-11-17,SKU-058,145.0,0,25,70
2025-11-17,SKU-059,65.0,114,21,105
2025-11-17,SKU-060,,76,15,177
2025-11-24,SKU-001,79.0,0,21,55
2025-11-24,SKU-002,56.0,146,26,97
2025-11-24,SKU-003,64.0,89,25,161
2025-11-24,SKU-004,58.0,95,29,69
2025-11-24,SKU-005,159.0,0,24,51
2025-11-24,SKU-006,64.0,103,28,307
2025-11-24,SKU-007,0.0,148,38,276
2025-11-24,SKU-008,104.0,0,31,37
2025-11-24,SKU-009,94.0,0,45,33
2025-11-24,SKU-010,72.0,120,27,121
2025-11-24,SKU-011,39.0,0,25,27
2025-11-24,SKU-012,122.0,0,41,103
2025-11-24,SKU-013,50.0,141,14,181
2025-11-24,SKU-014,37.0,57,7,94
2025-11-24,SKU-015,68.0,100,11,72
2025-11-24,SKU-016,141.0,78,11,151
2025-11-24,SKU-017,124.0,0,14,7
2025-11-24,SKU-018,64.0,142,8,75
2025-11-24,SKU-019,15.0,113,8,25
2025-11-24,SKU-020,106.0,0,12,100
2025-11-24,SKU-021,42.0,0,14,28
2025-11-24,SKU-022,186.0,0,13,186
2025-11-24,SKU-023,59.0,0,13,14
2025-11-24,SKU-024,44.0,0,11,44
2025-11-24,SKU-025,113.0,51,12,131
2025-11-24,SKU-026,125.0,0,10,76
2025-11-24,SKU-027,72.0,0,7,31
2025-11-24,SKU-028,7.0,111,17,16
2025-11-24,SKU-029,94.0,0,13,22
2025-11-24,SKU-030,132.0,0,15,36
2025-11-24,SKU-031,106.0,150,12,134
2025-11-24,SKU-032,40.0,148,19,264
2025-11-24,SKU-033,162.0,139,18,208
2025-11-24,SKU-034,103.0,133,13,208
2025-11-24,SKU-035,151.0,0,11,17
2025-11-24,SKU-036,86.0,143,17,190
2025-11-24,SKU-037,74.0,0,16,54
2025-11-24,SKU-038,29.0,62,19,57
2025-11-24,SKU-039,69.0,0,16,11
2025-11-24,SKU-040,19.0,91,15,22
2025-11-24,SKU-041,26.0,0,26,8
2025-11-24,SKU-042,146.0,93,18,162
2025-11-24,SKU-043,0.0,63,15,179
2025-11-24,SKU-044,59.0,0,18,49
2025-11-24,SKU-045,109.0,0,24,30
2025-11-24,SKU-046,63.0,0,17,25
2025-11-24,SKU-047,40.0,0,27,25
2025-11-24,SKU-048,95.0,89,24,107
2025-11-24,SKU-049,56.0,0,19,13
2025-11-24,SKU-050,43.0,0,15,3
2025-11-24,SKU-051,79.0,0,20,60
2025-11-24,SKU-052,75.0,95,23,134
2025-11-24,SKU-053,0.0,117,23,296
2025-11-24,SKU-054,55.0,141,30,77
2025-11-24,SKU-055,26.0,145,32,57
2025-11-24,SKU-056,62.0,0,29,26
2025-11-24,SKU-057,72.0,102,31,82
2025-11-24,SKU-058,136.0,0,25,70
2025-11-24,SKU-059,33.0,114,21,105
2025-11-24,SKU-060,0.0,76,15,177
2025-12-01,SKU-001,70.0,0,21,55
2025-12-01,SKU-002,177.0,0,26,97
2025-12-01,SKU-003,126.0,140,25,161
2025-12-01,SKU-004,43.0,95,29,69
2025-12-01,SKU-005,142.0,0,24,51
2025-12-01,SKU-006,6.0,103,28,307
2025-12-01,SKU-007,114.0,93,38,276
2025-12-01,SKU-008,94.0,0,31,37
2025-12-01,SKU-009,91.0,0,45,33
2025-12-01,SKU-010,172.0,0,27,121
2025-12-01,SKU-011,33.0,0,25,27
2025-12-01,SKU-012,115.0,0,41,103
2025-12-01,SKU-013,136.0,63,14,181
2025-12-01,SKU-014,30.0,92,7,94
2025-12-01,SKU-015,147.0,0,11,72
2025-12-01,SKU-016,154.0,0,11,151
2025-12-01,SKU-017,121.0,0,14,7
2025-12-01,SKU-018,154.0,0,8,75
2025-12-01,SKU-019,112.0,0,8,25
2025-12-01,SKU-020,59.0,84,12,100
2025-12-01,SKU-021,27.0,130,14,28
2025-12-01,SKU-022,112.0,61,13,186
2025-12-01,SKU-023,50.0,0,13,14
2025-12-01,SKU-024,24.0,85,11,44
2025-12-01,SKU-025,109.0,72,12,131
2025-12-01,SKU-026,87.0,0,10,76
2025-12-01,SKU-027,49.0,0,7,31
2025-12-01,SKU-028,108.0,0,17,16
2025-12-01,SKU-029,88.0,0,13,22
2025-12-01,SKU-030,117.0,0,15,36
2025-12-01,SKU-031,211.0,0,12,134
2025-12-01,SKU-032,121.0,78,19,264
2025-12-01,SKU-033,115.0,139,18,208
2025-12-01,SKU-034,,139,13,208
2025-12-01,SKU-035,145.0,0,11,17
2025-12-01,SKU-036,25.0,143,17,190
2025-12-01,SKU-037,63.0,0,16,54
2025-12-01,SKU-038,78.0,0,19,57
2025-12-01,SKU-039,65.0,0,16,11
2025-12-01,SKU-040,10.0,91,15,22
2025-12-01,SKU-041,22.0,0,26,8
2025-12-01,SKU-042,118.0,93,18,162
2025-12-01,SKU-043,0.0,118,15,179
2025-12-01,SKU-044,46.0,103,18,49
2025-12-01,SKU-045,101.0,0,24,30
2025-12-01,SKU-046,56.0,0,17,25
2025-12-01,SKU-047,34.0,0,27,25
2025-12-01,SKU-048,71.0,89,24,107
2025-12-01,SKU-049,51.0,0,19,13
2025-12-01,SKU-050,41.0,0,15,3
2025-12-01,SKU-051,64.0,0,20,60
2025-12-01,SKU-052,,95,23,134
2025-12-01,SKU-053,0.0,117,23,296
2025-12-01,SKU-054,42.0,141,30,77
2025-12-01,SKU-055,21.0,145,32,57
2025-12-01,SKU-056,58.0,0,29,26
2025-12-01,SKU-057,62.0,102,31,82
2025-12-01,SKU-058,120.0,0,25,70
2025-12-01,SKU-059,129.0,0,21,105
2025-12-01,SKU-060,18.0,59,15,177
2025-12-08,SKU-001,59.0,0,21,55
2025-12-08,SKU-002,158.0,0,26,97
2025-12-08,SKU-003,103.0,140,25,161
2025-12-08,SKU-004,,95,29,69
2025-12-08,SKU-005,128.0,0,24,51
2025-12-08,SKU-006,0.0,103,28,307
2025-12-08,SKU-007,86.0,93,38,276
2025-12-08,SKU-008,87.0,0,31,37
2025-12-08,SKU-009,87.0,0,45,33
2025-12-08,SKU-010,149.0,0,27,121
2025-12-08,SKU-011,28.0,0,25,27
2025-12-08,SKU-012,100.0,89,41,103
2025-12-08,SKU-013,83.0,63,14,181
2025-12-08,SKU-014,65.0,90,7,94
2025-12-08,SKU-015,121.0,0,11,72
2025-12-08,SKU-016,89.0,52,11,151
2025-12-08,SKU-017,117.0,0,14,7
2025-12-08,SKU-018,107.0,0,8,75
2025-12-08,SKU-019,98.0,0,8,25
2025-12-08,SKU-020,111.0,0,12,100
2025-12-08,SKU-021,15.0,130,14,28
2025-12-08,SKU-022,113.0,127,13,186
2025-12-08,SKU-023,47.0,0,13,14
2025-12-08,SKU-024,85.0,0,11,44
2025-12-08,SKU-025,137.0,0,12,131
2025-12-08,SKU-026,51.0,89,10,76
2025-12-08,SKU-027,35.0,0,7,31
2025-12-08,SKU-028,103.0,0,17,16
2025-12-08,SKU-029,86.0,0,13,22
2025-12-08,SKU-030,108.0,0,15,36
2025-12-08,SKU-031,147.0,0,12,134
2025-12-08,SKU-032,64.0,78,19,264
2025-12-08,SKU-033,215.0,0,18,208
2025-12-08,SKU-034,,0,13,208
2025-12-08,SKU-035,132.0,0,11,17
2025-12-08,SKU-036,115.0,65,17,190
2025-12-08,SKU-037,49.0,78,16,54
2025-12-08,SKU-038,64.0,0,19,57
2025-12-08,SKU-039,63.0,0,16,11
2025-12-08,SKU-040,98.0,0,15,22
2025-12-08,SKU-041,21.0,0,26,8
2025-12-08,SKU-042,169.0,0,18,162
2025-12-08,SKU-043,,118,15,179
2025-12-08,SKU-044,36.0,103,18,49
2025-12-08,SKU-045,96.0,0,24,30
2025-12-08,SKU-046,48.0,0,17,25
2025-12-08,SKU-047,26.0,0,27,25
2025-12-08,SKU-048,55.0,89,24,107
2025-12-08,SKU-049,50.0,0,19,13
2025-12-08,SKU-050,40.0,0,15,3
2025-12-08,SKU-051,48.0,131,20,60
2025-12-08,SKU-052,31.0,95,23,134
2025-12-08,SKU-053,75.0,133,23,296
2025-12-08,SKU-054,31.0,141,30,77
2025-12-08,SKU-055,157.0,0,32,57
2025-12-08,SKU-056,54.0,0,29,26
2025-12-08,SKU-057,48.0,102,31,82
2025-12-08,SKU-058,108.0,0,25,70
2025-12-08,SKU-059,97.0,121,21,105
2025-12-08,SKU-060,0.0,59,15,177
2025-12-15,SKU-001,50.0,71,21,55
2025-12-15,SKU-002,143.0,0,26,97
2025-12-15,SKU-003,76.0,140,25,161
2025-12-15,SKU-004,117.0,0,29,69
2025-12-15,SKU-005,120.0,0,24,51
2025-12-15,SKU-006,0.0,103,28,307
2025-12-15,SKU-007,56.0,93,38,276
2025-12-15,SKU-008,83.0,0,31,37
2025-12-15,SKU-009,82.0,0,45,33
2025-12-15,SKU-010,132.0,0,27,121
2025-12-15,SKU-011,22.0,69,25,27
2025-12-15,SKU-012,88.0,89,41,103
2025-12-15,SKU-013,,95,14,181
2025-12-15,SKU-014,99.0,0,7,94
2025-12-15,SKU-015,87.0,0,11,72
2025-12-15,SKU-016,82.0,148,11,151
2025-12-15,SKU-017,114.0,0,14,7
2025-12-15,SKU-018,72.0,115,8,75
2025-12-15,SKU-019,87.0,0,8,25
2025-12-15,SKU-020,66.0,58,12,100
2025-12-15,SKU-021,134.0,0,14,28
2025-12-15,SKU-022,177.0,84,13,186
2025-12-15,SKU-023,40.0,0,13,14
2025-12-15,SKU-024,65.0,0,11,44
2025-12-15,SKU-025,93.0,141,12,131
2025-12-15,SKU-026,107.0,0,10,76
2025-12-15,SKU-027,19.0,54,7,31
2025-12-15,SKU-028,97.0,0,17,16
2025-12-15,SKU-029,75.0,0,13,22
2025-12-15,SKU-030,98.0,0,15,36
2025-12-15,SKU-031,91.0,60,12,134
2025-12-15,SKU-032,66.0,131,19,264
2025-12-15,SKU-033,168.0,51,18,208
2025-12-15,SKU-034,170.0,63,13,208
2025-12-15,SKU-035,124.0,0,11,17
2025-12-15,SKU-036,51.0,65,17,190
2025-12-15,SKU-037,38.0,78,16,54
2025-12-15,SKU-038,53.0,135,19,57
2025-12-15,SKU-039,58.0,0,16,11
2025-12-15,SKU-040,86.0,0,15,22
2025-12-15,SKU-041,20.0,0,26,8
2025-12-15,SKU-042,129.0,65,18,162
2025-12-15,SKU-043,62.0,123,15,179
2025-12-15,SKU-044,131.0,0,18,49
2025-12-15,SKU-045,91.0,0,24,30
2025-12-15,SKU-046,41.0,0,17,25
2025-12-15,SKU-047,17.0,53,27,25
2025-12-15,SKU-048,126.0,0,24,107
2025-12-15,SKU-049,46.0,0,19,13
2025-12-15,SKU-050,39.0,0,15,3
2025-12-15,SKU-051,37.0,131,20,60
2025-12-15,SKU-052,102.0,94,23,134
2025-12-15,SKU-053,8.0,133,23,296
2025-12-15,SKU-054,164.0,0,30,77
2025-12-15,SKU-055,146.0,0,32,57
2025-12-15,SKU-056,48.0,0,29,26
2025-12-15,SKU-057,38.0,102,31,82
2025-12-15,SKU-058,92.0,0,25,70
2025-12-15,SKU-059,77.0,121,21,105
2025-12-15,SKU-060,6.0,54,15,177
2025-12-22,SKU-001,37.0,71,21,55
2025-12-22,SKU-002,133.0,0,26,97
2025-12-22,SKU-003,191.0,0,25,161
2025-12-22,SKU-004,106.0,0,29,69
2025-12-22,SKU-005,114.0,0,24,51
2025-12-22,SKU-006,48.0,134,28,307
2025-12-22,SKU-007,24.0,93,38,276
2025-12-22,SKU-008,75.0,0,31,37
2025-12-22,SKU-009,78.0,0,45,33
2025-12-22,SKU-010,121.0,0,27,121
2025-12-22,SKU-011,18.0,69,25,27
2025-12-22,SKU-012,70.0,89,41,103
2025-12-22,SKU-013,27.0,95,14,181
2025-12-22,SKU-014,36.0,88,7,94
2025-12-22,SKU-015,51.0,143,11,72
2025-12-22,SKU-016,158.0,0,11,151
2025-12-22,SKU-017,114.0,0,14,7
2025-12-22,SKU-018,145.0,0,8,75
2025-12-22,SKU-019,80.0,0,8,25
2025-12-22,SKU-020,87.0,89,12,100
2025-12-22,SKU-021,124.0,0,14,28
2025-12-22,SKU-022,195.0,0,13,186
2025-12-22,SKU-023,32.0,0,13,14
2025-12-22,SKU-024,44.0,0,11,44
2025-12-22,SKU-025,175.0,0,12,131
2025-12-22,SKU-026,64.0,143,10,76
2025-12-22,SKU-027,60.0,0,7,31
2025-12-22,SKU-028,89.0,0,17,16
2025-12-22,SKU-029,65.0,0,13,22
2025-12-22,SKU-030,89.0,0,15,36
2025-12-22,SKU-031,90.0,71,12,134
2025-12-22,SKU-032,0.0,131,19,264
2025-12-22,SKU-033,111.0,51,18,208
2025-12-22,SKU-034,151.0,135,13,208
2025-12-22,SKU-035,119.0,0,11,17
2025-12-22,SKU-036,70.0,119,17,190
2025-12-22,SKU-037,103.0,0,16,54
2025-12-22,SKU-038,39.0,135,19,57
2025-12-22,SKU-039,55.0,0,16,11
2025-12-22,SKU-040,80.0,0,15,22
2025-12-22,SKU-041,19.0,0,26,8
2025-12-22,SKU-042,72.0,65,18,162
2025-12-22,SKU-043,10.0,123,15,179
2025-12-22,SKU-044,120.0,0,18,49
2025-12-22,SKU-045,87.0,0,24,30
2025-12-22,SKU-046,33.0,0,17,25
2025-12-22,SKU-047,13.0,53,27,25
2025-12-22,SKU-048,104.0,63,24,107
2025-12-22,SKU-049,45.0,0,19,13
2025-12-22,SKU-050,37.0,0,15,3
2025-12-22,SKU-051,155.0,0,20,60
2025-12-22,SKU-052,75.0,94,23,134
2025-12-22,SKU-053,0.0,133,23,296
2025-12-22,SKU-054,157.0,0,30,77
2025-12-22,SKU-055,138.0,0,32,57
2025-12-22,SKU-056,46.0,0,29,26
2025-12-22,SKU-057,124.0,0,31,82
2025-12-22,SKU-058,73.0,0,25,70
2025-12-22,SKU-059,48.0,121,21,105
2025-12-22,SKU-060,0.0,54,15,177
2025-12-29,SKU-001,28.0,71,21,55
2025-12-29,SKU-002,116.0,0,26,97
2025-12-29,SKU-003,168.0,0,25,161
2025-12-29,SKU-004,97.0,0,29,69
2025-12-29,SKU-005,102.0,0,24,51
2025-12-29,SKU-006,0.0,134,28,307
2025-12-29,SKU-007,0.0,93,38,276
2025-12-29,SKU-008,69.0,0,31,37
2025-12-29,SKU-009,74.0,0,45,33
2025-12-29,SKU-010,110.0,103,27,121
2025-12-29,SKU-011,14.0,69,25,27
2025-12-29,SKU-012,60.0,89,41,103
2025-12-29,SKU-013,,89,14,181
2025-12-29,SKU-014,73.0,90,7,94
2025-12-29,SKU-015,165.0,0,11,72
2025-12-29,SKU-016,94.0,114,11,151
2025-12-29,SKU-017,114.0,0,14,7
2025-12-29,SKU-018,95.0,0,8,75
2025-12-29,SKU-019,66.0,0,8,25
2025-12-29,SKU-020,140.0,0,12,100
2025-12-29,SKU-021,118.0,0,14,28
2025-12-29,SKU-022,118.0,138,13,186
2025-12-29,SKU-023,24.0,0,13,14
2025-12-29,SKU-024,23.0,142,11,44
2025-12-29,SKU-025,122.0,54,12,131
2025-12-29,SKU-026,180.0,0,10,76
2025-12-29,SKU-027,36.0,0,7,31
2025-12-29,SKU-028,86.0,0,17,16
2025-12-29,SKU-029,58.0,0,13,22
2025-12-29,SKU-030,81.0,0,15,36
2025-12-29,SKU-031,117.0,133,12,134
2025-12-29,SKU-032,78.0,145,19,264
2025-12-29,SKU-033,,117,18,208
2025-12-29,SKU-034,217.0,0,13,208
2025-12-29,SKU-035,111.0,0,11,17
2025-12-29,SKU-036,15.0,119,17,190
2025-12-29,SKU-037,85.0,0,16,54
2025-12-29,SKU-038,159.0,0,19,57
2025-12-29,SKU-039,52.0,0,16,11
2025-12-29,SKU-040,70.0,0,15,22
2025-12-29,SKU-041,18.0,0,26,8
2025-12-29,SKU-042,101.0,63,18,162
2025-12-29,SKU-043,85.0,54,15,179
2025-12-29,SKU-044,113.0,0,18,49
2025-12-29,SKU-045,81.0,0,24,30
2025-12-29,SKU-046,28.0,0,17,25
2025-12-29,SKU-047,9.0,53,27,25
2025-12-29,SKU-048,87.0,63,24,107
2025-12-29,SKU-049,44.0,0,19,13
2025-12-29,SKU-050,37.0,0,15,3
2025-12-29,SKU-051,144.0,0,20,60
2025-12-29,SKU-052,48.0,94,23,134
2025-12-29,SKU-053,79.0,131,23,296
2025-12-29,SKU-054,145.0,0,30,77
2025-12-29,SKU-055,127.0,0,32,57
2025-12-29,SKU-056,43.0,0,29,26
2025-12-29,SKU-057,110.0,0,31,82
2025-12-29,SKU-058,62.0,143,25,70
2025-12-29,SKU-059,146.0,0,21,105
2025-12-29,SKU-060,5.0,100,15,177
2026-01-05,SKU-001,90.0,0,21,55
2026-01-05,SKU-002,98.0,0,26,97
2026-01-05,SKU-003,140.0,139,25,161
2026-01-05,SKU-004,82.0,0,29,69
2026-01-05,SKU-005,90.0,0,24,51
2026-01-05,SKU-006,0.0,134,28,307
2026-01-05,SKU-007,52.0,78,38,276
2026-01-05,SKU-008,63.0,0,31,37
2026-01-05,SKU-009,68.0,0,45,33
2026-01-05,SKU-010,85.0,103,27,121
2026-01-05,SKU-011,70.0,0,25,27
2026-01-05,SKU-012,53.0,89,41,103
2026-01-05,SKU-013,3.0,89,14,181
2026-01-05,SKU-014,102.0,0,7,94
2026-01-05,SKU-015,136.0,0,11,72
2026-01-05,SKU-016,139.0,92,11,151
2026-01-05,SKU-017,109.0,0,14,7
2026-01-05,SKU-018,42.0,95,8,75
2026-01-05,SKU-019,59.0,0,8,25
2026-01-05,SKU-020,104.0,0,12,100
2026-01-05,SKU-021,100.0,0,14,28
2026-01-05,SKU-022,180.0,62,13,186
2026-01-05,SKU-023,19.0,0,13,14
2026-01-05,SKU-024,151.0,0,11,44
2026-01-05,SKU-025,128.0,124,12,131
2026-01-05,SKU-026,133.0,0,10,76
2026-01-05,SKU-027,12.0,112,7,31
2026-01-05,SKU-028,80.0,0,17,16
2026-01-05,SKU-029,46.0,0,13,22
2026-01-05,SKU-030,70.0,0,15,36
2026-01-05,SKU-031,196.0,0,12,134
2026-01-05,SKU-032,31.0,145,19,264
2026-01-05,SKU-033,58.0,117,18,208
2026-01-05,SKU-034,154.0,150,13,208
2026-01-05,SKU-035,101.0,0,11,17
2026-01-05,SKU-036,79.0,68,17,190
2026-01-05,SKU-037,68.0,0,16,54
2026-01-05,SKU-038,146.0,0,19,57
2026-01-05,SKU-039,48.0,0,16,11
2026-01-05,SKU-040,64.0,0,15,22
2026-01-05,SKU-041,17.0,0,26,8
2026-01-05,SKU-042,56.0,63,18,162
2026-01-05,SKU-043,14.0,54,15,179
2026-01-05,SKU-044,96.0,0,18,49
2026-01-05,SKU-045,79.0,0,24,30
2026-01-05,SKU-046,24.0,101,17,25
2026-01-05,SKU-047,59.0,0,27,25
2026-01-05,SKU-048,,63,24,107
2026-01-05,SKU-049,42.0,0,19,13
2026-01-05,SKU-050,37.0,0,15,3
2026-01-05,SKU-051,131.0,0,20,60
2026-01-05,SKU-052,108.0,74,23,134
2026-01-05,SKU-053,14.0,131,23,296
2026-01-05,SKU-054,130.0,0,30,77
2026-01-05,SKU-055,114.0,0,32,57
2026-01-05,SKU-056,36.0,0,29,26
2026-01-05,SKU-057,102.0,0,31,82
2026-01-05,SKU-058,52.0,143,25,70
2026-01-05,SKU-059,120.0,0,21,105
2026-01-05,SKU-060,0.0,100,15,177
2026-01-12,SKU-001,74.0,0,21,55
2026-01-12,SKU-002,82.0,87,26,97
2026-01-12,SKU-003,115.0,139,25,161
2026-01-12,SKU-004,75.0,0,29,69
2026-01-12,SKU-005,81.0,0,24,51
2026-01-12,SKU-006,0.0,134,28,307
2026-01-12,SKU-007,13.0,78,38,276
2026-01-12,SKU-008,57.0,0,31,37
2026-01-12,SKU-009,64.0,0,45,33
2026-01-12,SKU-010,66.0,103,27,121
2026-01-12,SKU-011,65.0,0,25,27
2026-01-12,SKU-012,126.0,0,41,103
2026-01-12,SKU-013,37.0,140,14,181
2026-01-12,SKU-014,49.0,84,7,94
2026-01-12,SKU-015,99.0,0,11,72
2026-01-12,SKU-016,164.0,0,11,151
2026-01-12,SKU-017,107.0,0,14,7
2026-01-12,SKU-018,97.0,0,8,75
2026-01-12,SKU-019,44.0,0,8,25
2026-01-12,SKU-020,68.0,95,12,100
2026-01-12,SKU-021,86.0,0,14,28
2026-01-12,SKU-022,173.0,90,13,186
2026-01-12,SKU-023,12.0,103,13,14
2026-01-12,SKU-024,129.0,0,11,44
2026-01-12,SKU-025,189.0,0,12,131
2026-01-12,SKU-026,93.0,0,10,76
2026-01-12,SKU-027,103.0,0,7,31
2026-01-12,SKU-028,75.0,0,17,16
2026-01-12,SKU-029,,0,13,22
2026-01-12,SKU-030,59.0,0,15,36
2026-01-12,SKU-031,139.0,0,12,134
2026-01-12,SKU-032,99.0,97,19,264
2026-01-12,SKU-033,125.0,120,18,208
2026-01-12,SKU-034,210.0,0,13,208
2026-01-12,SKU-035,98.0,0,11,17
2026-01-12,SKU-036,22.0,68,17,190
2026-01-12,SKU-037,,0,16,54
2026-01-12,SKU-038,132.0,0,19,57
2026-01-12,SKU-039,47.0,0,16,11
2026-01-12,SKU-040,59.0,0,15,22
2026-01-12,SKU-041,16.0,0,26,8
2026-01-12,SKU-042,66.0,70,18,162
2026-01-12,SKU-043,21.0,87,15,179
2026-01-12,SKU-044,85.0,0,18,49
2026-01-12,SKU-045,77.0,0,24,30
2026-01-12,SKU-046,19.0,101,17,25
2026-01-12,SKU-047,50.0,0,27,25
2026-01-12,SKU-048,100.0,113,24,107
2026-01-12,SKU-049,40.0,0,19,13
2026-01-12,SKU-050,36.0,0,15,3
2026-01-12,SKU-051,116.0,0,20,60
2026-01-12,SKU-052,82.0,74,23,134
2026-01-12,SKU-053,0.0,131,23,296
2026-01-12,SKU-054,122.0,0,30,77
2026-01-12,SKU-055,106.0,0,32,57
2026-01-12,SKU-056,26.0,0,29,26
2026-01-12,SKU-057,91.0,0,31,82
2026-01-12,SKU-058,37.0,143,25,70
2026-01-12,SKU-059,100.0,103,21,105
2026-01-12,SKU-060,55.0,121,15,177
2026-01-19,SKU-001,64.0,0,21,55
2026-01-19,SKU-002,67.0,87,26,97
2026-01-19,SKU-003,93.0,139,25,161
2026-01-19,SKU-004,67.0,67,29,69
2026-01-19,SKU-005,71.0,0,24,51
2026-01-19,SKU-006,97.0,138,28,307
2026-01-19,SKU-007,,78,38,276
2026-01-19,SKU-008,54.0,0,31,37
2026-01-19,SKU-009,57.0,0,45,33
2026-01-19,SKU-010,140.0,0,27,121
2026-01-19,SKU-011,59.0,0,25,27
2026-01-19,SKU-012,113.0,0,41,103
2026-01-19,SKU-013,0.0,140,14,181
2026-01-19,SKU-014,76.0,142,7,94
2026-01-19,SKU-015,72.0,0,11,72
2026-01-19,SKU-016,101.0,90,11,151
2026-01-19,SKU-017,106.0,0,14,7
2026-01-19,SKU-018,45.0,118,8,75
2026-01-19,SKU-019,26.0,0,8,25
2026-01-19,SKU-020,116.0,0,12,100
2026-01-19,SKU-021,81.0,0,14,28
2026-01-19,SKU-022,209.0,0,13,186
2026-01-19,SKU-023,108.0,0,13,14
2026-01-19,SKU-024,107.0,0,11,44
2026-01-19,SKU-025,139.0,0,12,131
2026-01-19,SKU-026,68.0,82,10,76
2026-01-19,SKU-027,,0,7,31
2026-01-19,SKU-028,70.0,0,17,16
2026-01-19,SKU-029,37.0,0,13,22
2026-01-19,SKU-030,48.0,0,15,36
2026-01-19,SKU-031,85.0,95,12,134
2026-01-19,SKU-032,37.0,97,19,264
2026-01-19,SKU-033,82.0,120,18,208
2026-01-19,SKU-034,136.0,125,13,208
2026-01-19,SKU-035,89.0,0,11,17
2026-01-19,SKU-036,29.0,113,17,190
2026-01-19,SKU-037,42.0,67,16,54
2026-01-19,SKU-038,107.0,0,19,57
2026-01-19,SKU-039,42.0,0,16,11
2026-01-19,SKU-040,52.0,0,15,22
2026-01-19,SKU-041,14.0,0,26,8
2026-01-19,SKU-042,30.0,70,18,162
2026-01-19,SKU-043,0.0,87,15,179
2026-01-19,SKU-044,71.0,0,18,49
2026-01-19,SKU-045,71.0,0,24,30
2026-01-19,SKU-046,113.0,0,17,25
2026-01-19,SKU-047,40.0,0,27,25
2026-01-19,SKU-048,91.0,113,24,107
2026-01-19,SKU-049,36.0,0,19,13
2026-01-19,SKU-050,35.0,0,15,3
2026-01-19,SKU-051,104.0,0,20,60
2026-01-19,SKU-052,52.0,74,23,134
2026-01-19,SKU-053,67.0,69,23,296
2026-01-19,SKU-054,106.0,0,30,77
2026-01-19,SKU-055,98.0,0,32,57
2026-01-19,SKU-056,23.0,56,29,26
2026-01-19,SKU-057,78.0,97,31,82
2026-01-19,SKU-058,163.0,0,25,70
2026-01-19,SKU-059,75.0,103,21,105
2026-01-19,SKU-060,0.0,121,15,177
2026-01-26,SKU-001,55.0,0,21,55
2026-01-26,SKU-002,53.0,87,26,97
2026-01-26,SKU-003,202.0,0,25,161
2026-01-26,SKU-004,56.0,67,29,69
2026-01-26,SKU-005,60.0,0,24,51
2026-01-26,SKU-006,40.0,138,28,307
2026-01-26,SKU-007,0.0,78,38,276
2026-01-26,SKU-008,46.0,0,31,37
2026-01-26,SKU-009,49.0,0,45,33
2026-01-26,SKU-010,113.0,55,27,121
2026-01-26,SKU-011,54.0,0,25,27
2026-01-26,SKU-012,100.0,65,41,103
2026-01-26,SKU-013,86.0,137,14,181
2026-01-26,SKU-014,160.0,0,7,94
2026-01-26,SKU-015,38.0,60,11,72
2026-01-26,SKU-016,120.0,99,11,151
2026-01-26,SKU-017,105.0,0,14,7
2026-01-26,SKU-018,125.0,0,8,75
2026-01-26,SKU-019,11.0,52,8,25
2026-01-26,SKU-020,83.0,52,12,100
2026-01-26,SKU-021,68.0,0,14,28
2026-01-26,SKU-022,154.0,67,13,186
2026-01-26,SKU-023,105.0,0,13,14
2026-01-26,SKU-024,91.0,0,11,44
2026-01-26,SKU-025,82.0,104,12,131
2026-01-26,SKU-026,114.0,0,10,76
2026-01-26,SKU-027,68.0,0,7,31
2026-01-26,SKU-028,66.0,0,17,16
2026-01-26,SKU-029,28.0,0,13,22
2026-01-26,SKU-030,38.0,0,15,36
2026-01-26,SKU-031,135.0,0,12,134
2026-01-26,SKU-032,75.0,116,19,264
2026-01-26,SKU-033,147.0,88,18,208
2026-01-26,SKU-034,186.0,136,13,208
2026-01-26,SKU-035,86.0,0,11,17
2026-01-26,SKU-036,0.0,113,17,190
2026-01-26,SKU-037,30.0,67,16,54
2026-01-26,SKU-038,91.0,0,19,57
2026-01-26,SKU-039,41.0,0,16,11
2026-01-26,SKU-040,44.0,0,15,22
2026-01-26,SKU-041,14.0,0,26,8
2026-01-26,SKU-042,61.0,124,18,162
2026-01-26,SKU-043,34.0,105,15,179
2026-01-26,SKU-044,60.0,0,18,49
2026-01-26,SKU-045,69.0,0,24,30
2026-01-26,SKU-046,103.0,0,17,25
2026-01-26,SKU-047,36.0,0,27,25
2026-01-26,SKU-048,70.0,113,24,107
2026-01-26,SKU-049,33.0,0,19,13
2026-01-26,SKU-050,35.0,0,15,3
2026-01-26,SKU-051,85.0,0,20,60
2026-01-26,SKU-052,102.0,110,23,134
2026-01-26,SKU-053,5.0,69,23,296
2026-01-26,SKU-054,96.0,0,30,77
2026-01-26,SKU-055,89.0,0,32,57
2026-01-26,SKU-056,16.0,56,29,26
2026-01-26,SKU-057,65.0,97,31,82
2026-01-26,SKU-058,152.0,0,25,70
2026-01-26,SKU-059,54.0,103,21,105
2026-01-26,SKU-060,,108,15,177
2026-02-02,SKU-001,44.0,113,21,55
2026-02-02,SKU-002,117.0,0,26,97
2026-02-02,SKU-003,175.0,0,25,161
2026-02-02,SKU-004,46.0,67,29,69
2026-02-02,SKU-005,50.0,105,24,51
2026-02-02,SKU-006,0.0,138,28,307
2026-02-02,SKU-007,0.0,78,38,276
2026-02-02,SKU-008,38.0,0,31,37
2026-02-02,SKU-009,46.0,0,45,33
2026-02-02,SKU-010,94.0,55,27,121
2026-02-02,SKU-011,52.0,0,25,27
2026-02-02,SKU-012,86.0,65,41,103
2026-02-02,SKU-013,19.0,137,14,181
2026-02-02,SKU-014,117.0,0,7,94
2026-02-02,SKU-015,64.0,144,11,72
2026-02-02,SKU-016,154.0,0,11,151
2026-02-02,SKU-017,102.0,0,14,7
2026-02-02,SKU-018,84.0,0,8,75
2026-02-02,SKU-019,50.0,0,8,25
2026-02-02,SKU-020,97.0,65,12,100
2026-02-02,SKU-021,55.0,0,14,28
2026-02-02,SKU-022,164.0,124,13,186
2026-02-02,SKU-023,100.0,0,13,14
2026-02-02,SKU-024,61.0,0,11,44
2026-02-02,SKU-025,129.0,72,12,131
2026-02-02,SKU-026,83.0,0,10,76
2026-02-02,SKU-027,43.0,0,7,31
2026-02-02,SKU-028,,0,17,16
2026-02-02,SKU-029,16.0,56,13,22
2026-02-02,SKU-030,25.0,66,15,36
2026-02-02,SKU-031,82.0,124,12,134
2026-02-02,SKU-032,8.0,116,19,264
2026-02-02,SKU-033,102.0,88,18,208
2026-02-02,SKU-034,252.0,0,13,208
2026-02-02,SKU-035,76.0,0,11,17
2026-02-02,SKU-036,54.0,109,17,190
2026-02-02,SKU-037,87.0,0,16,54
2026-02-02,SKU-038,80.0,0,19,57
2026-02-02,SKU-039,38.0,0,16,11
2026-02-02,SKU-040,33.0,0,15,22
2026-02-02,SKU-041,11.0,0,26,8
2026-02-02,SKU-042,22.0,124,18,162
2026-02-02,SKU-043,0.0,105,15,179
2026-02-02,SKU-044,43.0,101,18,49
2026-02-02,SKU-045,63.0,0,24,30
2026-02-02,SKU-046,98.0,0,17,25
2026-02-02,SKU-047,23.0,81,27,25
2026-02-02,SKU-048,165.0,0,24,107
2026-02-02,SKU-049,30.0,0,19,13
2026-02-02,SKU-050,34.0,0,15,3
2026-02-02,SKU-051,73.0,0,20,60
2026-02-02,SKU-052,74.0,110,23,134
2026-02-02,SKU-053,0.0,69,23,296
2026-02-02,SKU-054,88.0,0,30,77
2026-02-02,SKU-055,78.0,0,32,57
2026-02-02,SKU-056,12.0,56,29,26
2026-02-02,SKU-057,53.0,97,31,82
2026-02-02,SKU-058,135.0,0,25,70
2026-02-02,SKU-059,138.0,0,21,105
2026-02-02,SKU-060,27.0,108,15,177
2026-02-09,SKU-001,39.0,113,21,55
2026-02-09,SKU-002,100.0,0,26,97
2026-02-09,SKU-003,159.0,106,25,161
2026-02-09,SKU-004,37.0,67,29,69
2026-02-09,SKU-005,,105,24,51
2026-02-09,SKU-006,0.0,138,28,307
2026-02-09,SKU-007,50.0,107,38,276
2026-02-09,SKU-008,30.0,93,31,37
2026-02-09,SKU-009,45.0,0,45,33
2026-02-09,SKU-010,64.0,55,27,121
2026-02-09,SKU-011,47.0,0,25,27
2026-02-09,SKU-012,64.0,65,41,103
2026-02-09,SKU-013,103.0,94,14,181
2026-02-09,SKU-014,57.0,96,7,94
2026-02-09,SKU-015,174.0,0,11,72
2026-02-09,SKU-016,85.0,134,11,151
2026-02-09,SKU-017,100.0,0,14,7
2026-02-09,SKU-018,51.0,149,8,75
2026-02-09,SKU-019,36.0,0,8,25
2026-02-09,SKU-020,124.0,0,12,100
2026-02-09,SKU-021,49.0,0,14,28
2026-02-09,SKU-022,223.0,0,13,186
2026-02-09,SKU-023,93.0,0,13,14
2026-02-09,SKU-024,39.0,106,11,44
2026-02-09,SKU-025,151.0,0,12,131
2026-02-09,SKU-026,49.0,129,10,76
2026-02-09,SKU-027,20.0,88,7,31
2026-02-09,SKU-028,54.0,0,17,16
2026-02-09,SKU-029,64.0,0,13,22
2026-02-09,SKU-030,16.0,66,15,36
2026-02-09,SKU-031,150.0,0,12,134
2026-02-09,SKU-032,57.0,142,19,264
2026-02-09,SKU-033,130.0,79,18,208
2026-02-09,SKU-034,181.0,63,13,208
2026-02-09,SKU-035,70.0,0,11,17
2026-02-09,SKU-036,0.0,109,17,190
2026-02-09,SKU-037,72.0,0,16,54
2026-02-09,SKU-038,64.0,0,19,57
2026-02-09,SKU-039,35.0,0,16,11
2026-02-09,SKU-040,28.0,0,15,22
2026-02-09,SKU-041,10.0,0,26,8
2026-02-09,SKU-042,99.0,137,18,162
2026-02-09,SKU-043,54.0,137,15,179
2026-02-09,SKU-044,29.0,101,18,49
2026-02-09,SKU-045,55.0,0,24,30
2026-02-09,SKU-046,89.0,0,17,25
2026-02-09,SKU-047,20.0,81,27,25
2026-02-09,SKU-048,144.0,0,24,107
2026-02-09,SKU-049,22.0,0,19,13
2026-02-09,SKU-050,32.0,0,15,3
2026-02-09,SKU-051,55.0,126,20,60
2026-02-09,SKU-052,46.0,110,23,134
2026-02-09,SKU-053,18.0,74,23,296
2026-02-09,SKU-054,76.0,99,30,77
2026-02-09,SKU-055,71.0,0,32,57
2026-02-09,SKU-056,7.0,56,29,26
2026-02-09,SKU-057,41.0,97,31,82
2026-02-09,SKU-058,123.0,0,25,70
2026-02-09,SKU-059,,0,21,105
2026-02-09,SKU-060,82.0,98,15,177
2026-02-16,SKU-001,28.0,113,21,55
2026-02-16,SKU-002,85.0,106,26,97
2026-02-16,SKU-003,136.0,106,25,161
2026-02-16,SKU-004,91.0,0,29,69
2026-02-16,SKU-005,35.0,105,24,51
2026-02-16,SKU-006,91.0,61,28,307
2026-02-16,SKU-007,13.0,107,38,276
2026-02-16,SKU-008,23.0,93,31,37
2026-02-16,SKU-009,42.0,0,45,33
2026-02-16,SKU-010,103.0,61,27,121
2026-02-16,SKU-011,41.0,0,25,27
2026-02-16,SKU-012,51.0,65,41,103
2026-02-16,SKU-013,39.0,94,14,181
2026-02-16,SKU-014,82.0,101,7,94
2026-02-16,SKU-015,142.0,0,11,72
2026-02-16,SKU-016,158.0,0,11,151
2026-02-16,SKU-017,98.0,0,14,7
2026-02-16,SKU-018,154.0,0,8,75
2026-02-16,SKU-019,22.0,71,8,25
2026-02-16,SKU-020,93.0,95,12,100
2026-02-16,SKU-021,35.0,0,14,28
2026-02-16,SKU-022,161.0,75,13,186
2026-02-16,SKU-023,87.0,0,13,14
2026-02-16,SKU-024,134.0,0,11,44
2026-02-16,SKU-025,105.0,92,12,131
2026-02-16,SKU-026,137.0,0,10,76
2026-02-16,SKU-027,89.0,0,7,31
2026-02-16,SKU-028,47.0,0,17,16
2026-02-16,SKU-029,54.0,0,13,22
2026-02-16,SKU-030,70.0,0,15,36
2026-02-16,SKU-031,103.0,72,12,134
2026-02-16,SKU-032,4.0,142,19,264
2026-02-16,SKU-033,72.0,79,18,208
2026-02-16,SKU-034,155.0,67,13,208
2026-02-16,SKU-035,58.0,0,11,17
2026-02-16,SKU-036,56.0,127,17,190
2026-02-16,SKU-037,50.0,79,16,54
2026-02-16,SKU-038,54.0,147,19,57
2026-02-16,SKU-039,33.0,0,16,11
2026-02-16,SKU-040,22.0,0,15,22
2026-02-16,SKU-041,10.0,0,26,8
2026-02-16,SKU-042,58.0,137,18,162
2026-02-16,SKU-043,0.0,137,15,179
2026-02-16,SKU-044,117.0,0,18,49
2026-02-16,SKU-045,47.0,0,24,30
2026-02-16,SKU-046,88.0,0,17,25
2026-02-16,SKU-047,16.0,81,27,25
2026-02-16,SKU-048,128.0,0,24,107
2026-02-16,SKU-049,19.0,0,19,13
2026-02-16,SKU-050,31.0,0,15,3
2026-02-16,SKU-051,34.0,126,20,60
2026-02-16,SKU-052,130.0,121,23,134
2026-02-16,SKU-053,0.0,74,23,296
2026-02-16,SKU-054,64.0,99,30,77
2026-02-16,SKU-055,63.0,0,32,57
2026-02-16,SKU-056,59.0,0,29,26
2026-02-16,SKU-057,126.0,0,31,82
2026-02-16,SKU-058,115.0,0,25,70
2026-02-16,SKU-059,93.0,100,21,105
2026-02-16,SKU-060,25.0,98,15,177
2026-02-23,SKU-001,133.0,0,21,55
2026-02-23,SKU-002,67.0,106,26,97
2026-02-23,SKU-003,102.0,106,25,161
2026-02-23,SKU-004,,0,29,69
2026-02-23,SKU-005,122.0,0,24,51
2026-02-23,SKU-006,44.0,61,28,307
2026-02-23,SKU-007,0.0,107,38,276
2026-02-23,SKU-008,17.0,93,31,37
2026-02-23,SKU-009,37.0,0,45,33
2026-02-23,SKU-010,83.0,61,27,121
2026-02-23,SKU-011,39.0,0,25,27
2026-02-23,SKU-012,37.0,65,41,103
2026-02-23,SKU-013,77.0,71,14,181
2026-02-23,SKU-014,118.0,0,7,94
2026-02-23,SKU-015,111.0,0,11,72
2026-02-23,SKU-016,103.0,123,11,151
2026-02-23,SKU-017,95.0,0,14,7
2026-02-23,SKU-018,104.0,0,8,75
2026-02-23,SKU-019,78.0,0,8,25
2026-02-23,SKU-020,153.0,0,12,100
2026-02-23,SKU-021,31.0,0,14,28
2026-02-23,SKU-022,166.0,133,13,186
2026-02-23,SKU-023,81.0,0,13,14
2026-02-23,SKU-024,118.0,0,11,44
2026-02-23,SKU-025,138.0,0,12,131
2026-02-23,SKU-026,99.0,0,10,76
2026-02-23,SKU-027,63.0,0,7,31
2026-02-23,SKU-028,41.0,0,17,16
2026-02-23,SKU-029,48.0,0,13,22
2026-02-23,SKU-030,58.0,0,15,36
2026-02-23,SKU-031,,60,12,134
2026-02-23,SKU-032,80.0,118,19,264
2026-02-23,SKU-033,97.0,110,18,208
2026-02-23,SKU-034,134.0,131,13,208
2026-02-23,SKU-035,51.0,0,11,17
2026-02-23,SKU-036,11.0,127,17,190
2026-02-23,SKU-037,32.0,79,16,54
2026-02-23,SKU-038,41.0,147,19,57
2026-02-23,SKU-039,26.0,0,16,11
2026-02-23,SKU-040,17.0,124,15,22
2026-02-23,SKU-041,8.0,0,26,8
2026-02-23,SKU-042,147.0,75,18,162
2026-02-23,SKU-043,86.0,134,15,179
2026-02-23,SKU-044,101.0,0,18,49
2026-02-23,SKU-045,43.0,0,24,30
2026-02-23,SKU-046,82.0,0,17,25
2026-02-23,SKU-047,91.0,0,27,25
2026-02-23,SKU-048,103.0,144,24,107
2026-02-23,SKU-049,16.0,0,19,13
2026-02-23,SKU-050,30.0,0,15,3
2026-02-23,SKU-051,147.0,0,20,60
2026-02-23,SKU-052,97.0,121,23,134
2026-02-23,SKU-053,0.0,74,23,296
2026-02-23,SKU-054,57.0,99,30,77
2026-02-23,SKU-055,48.0,132,32,57
2026-02-23,SKU-056,55.0,0,29,26
2026-02-23,SKU-057,116.0,0,31,82
2026-02-23,SKU-058,99.0,0,25,70
2026-02-23,SKU-059,66.0,100,21,105
2026-02-23,SKU-060,61.0,137,15,177
2026-03-02,SKU-001,118.0,0,21,55
2026-03-02,SKU-002,46.0,106,26,97
2026-03-02,SKU-003,178.0,0,25,161
2026-03-02,SKU-004,74.0,0,29,69
2026-03-02,SKU-005,115.0,0,24,51
2026-03-02,SKU-006,0.0,61,28,307
2026-03-02,SKU-007,0.0,107,38,276
2026-03-02,SKU-008,13.0,93,31,37
2026-03-02,SKU-009,36.0,0,45,33
2026-03-02,SKU-010,61.0,61,27,121
2026-03-02,SKU-011,34.0,0,25,27
2026-03-02,SKU-012,91.0,109,41,103
2026-03-02,SKU-013,21.0,71,14,181
2026-03-02,SKU-014,48.0,93,7,94
2026-03-02,SKU-015,83.0,0,11,72
2026-03-02,SKU-016,162.0,0,11,151
2026-03-02,SKU-017,93.0,0,14,7
2026-03-02,SKU-018,63.0,127,8,75
2026-03-02,SKU-019,64.0,0,8,25
2026-03-02,SKU-020,110.0,0,12,100
2026-03-02,SKU-021,20.0,148,14,28
2026-03-02,SKU-022,231.0,0,13,186
2026-03-02,SKU-023,76.0,0,13,14
2026-03-02,SKU-024,105.0,0,11,44
2026-03-02,SKU-025,88.0,81,12,131
2026-03-02,SKU-026,63.0,130,10,76
2026-03-02,SKU-027,45.0,0,7,31
2026-03-02,SKU-028,34.0,0,17,16
2026-03-02,SKU-029,37.0,0,13,22
2026-03-02,SKU-030,44.0,0,15,36
2026-03-02,SKU-031,115.0,108,12,134
2026-03-02,SKU-032,24.0,118,19,264
2026-03-02,SKU-033,36.0,110,18,208
2026-03-02,SKU-034,198.0,131,13,208
2026-03-02,SKU-035,44.0,0,11,17
2026-03-02,SKU-036,90.0,66,17,190
2026-03-02,SKU-037,98.0,0,16,54
2026-03-02,SKU-038,168.0,0,19,57
2026-03-02,SKU-039,22.0,0,16,11
2026-03-02,SKU-040,6.0,124,15,22
2026-03-02,SKU-041,7.0,111,26,8
2026-03-02,SKU-042,88.0,75,18,162
2026-03-02,SKU-043,28.0,134,15,179
2026-03-02,SKU-044,90.0,0,18,49
2026-03-02,SKU-045,38.0,0,24,30
2026-03-02,SKU-046,75.0,0,17,25
2026-03-02,SKU-047,88.0,0,27,25
2026-03-02,SKU-048,77.0,144,24,107
2026-03-02,SKU-049,12.0,95,19,13
2026-03-02,SKU-050,29.0,0,15,3
2026-03-02,SKU-051,134.0,0,20,60
2026-03-02,SKU-052,64.0,121,23,134
2026-03-02,SKU-053,10.0,62,23,296
2026-03-02,SKU-054,47.0,99,30,77
2026-03-02,SKU-055,31.0,132,32,57
2026-03-02,SKU-056,50.0,0,29,26
2026-03-02,SKU-057,105.0,0,31,82
2026-03-02,SKU-058,82.0,0,25,70
2026-03-02,SKU-059,46.0,100,21,105
2026-03-02,SKU-060,0.0,137,15,177
2026-03-09,SKU-001,107.0,0,21,55
2026-03-09,SKU-002,133.0,0,26,97
2026-03-09,SKU-003,153.0,77,25,161
2026-03-09,SKU-004,61.0,59,29,69
2026-03-09,SKU-005,104.0,0,24,51
2026-03-09,SKU-006,0.0,61,28,307
2026-03-09,SKU-007,0.0,107,38,276
2026-03-09,SKU-008,99.0,0,31,37
2026-03-09,SKU-009,35.0,0,45,33
2026-03-09,SKU-010,104.0,149,27,121
2026-03-09,SKU-011,29.0,0,25,27
2026-03-09,SKU-012,77.0,109,41,103
2026-03-09,SKU-013,37.0,149,14,181
2026-03-09,SKU-014,59.0,91,7,94
2026-03-09,SKU-015,62.0,116,11,72
2026-03-09,SKU-016,105.0,144,11,151
2026-03-09,SKU-017,92.0,0,14,7
2026-03-09,SKU-018,143.0,0,8,75
2026-03-09,SKU-019,49.0,0,8,25
2026-03-09,SKU-020,72.0,98,12,100
2026-03-09,SKU-021,13.0,148,14,28
2026-03-09,SKU-022,176.0,68,13,186
2026-03-09,SKU-023,72.0,0,13,14
2026-03-09,SKU-024,79.0,0,11,44
2026-03-09,SKU-025,124.0,52,12,131
2026-03-09,SKU-026,159.0,0,10,76
2026-03-09,SKU-027,24.0,110,7,31
2026-03-09,SKU-028,29.0,0,17,16
2026-03-09,SKU-029,31.0,0,13,22
2026-03-09,SKU-030,32.0,59,15,36
2026-03-09,SKU-031,161.0,0,12,134
2026-03-09,SKU-032,73.0,76,19,264
2026-03-09,SKU-033,107.0,117,18,208
2026-03-09,SKU-034,261.0,0,13,208
2026-03-09,SKU-035,38.0,0,11,17
2026-03-09,SKU-036,43.0,66,17,190
2026-03-09,SKU-037,86.0,0,16,54
2026-03-09,SKU-038,156.0,0,19,57
2026-03-09,SKU-039,20.0,0,16,11
2026-03-09,SKU-040,126.0,0,15,22
2026-03-09,SKU-041,3.0,111,26,8
2026-03-09,SKU-042,120.0,123,18,162
2026-03-09,SKU-043,104.0,82,15,179
2026-03-09,SKU-044,71.0,0,18,49
2026-03-09,SKU-045,33.0,0,24,30
2026-03-09,SKU-046,67.0,0,17,25
2026-03-09,SKU-047,85.0,0,27,25
2026-03-09,SKU-048,61.0,144,24,107
2026-03-09,SKU-049,6.0,95,19,13
2026-03-09,SKU-050,28.0,0,15,3
2026-03-09,SKU-051,124.0,0,20,60
2026-03-09,SKU-052,154.0,0,23,134
2026-03-09,SKU-053,0.0,62,23,296
2026-03-09,SKU-054,139.0,0,30,77
2026-03-09,SKU-055,18.0,132,32,57
2026-03-09,SKU-056,47.0,0,29,26
2026-03-09,SKU-057,91.0,0,31,82
2026-03-09,SKU-058,68.0,110,25,70
2026-03-09,SKU-059,116.0,0,21,105
2026-03-09,SKU-060,74.0,135,15,177
2026-03-16,SKU-001,96.0,0,21,55
2026-03-16,SKU-002,110.0,0,26,97
2026-03-16,SKU-003,119.0,77,25,161
2026-03-16,SKU-004,50.0,59,29,69
2026-03-16,SKU-005,94.0,0,24,51
2026-03-16,SKU-006,,109,28,307
2026-03-16,SKU-007,68.0,135,38,276
2026-03-16,SKU-008,96.0,0,31,37
2026-03-16,SKU-009,31.0,120,45,33
2026-03-16,SKU-010,,149,27,121
2026-03-16,SKU-011,24.0,93,25,27
2026-03-16,SKU-012,67.0,109,41,103
2026-03-16,SKU-013,0.0,149,14,181
2026-03-16,SKU-014,82.0,88,7,94
2026-03-16,SKU-015,143.0,0,11,72
2026-03-16,SKU-016,196.0,0,11,151
2026-03-16,SKU-017,89.0,0,14,7
2026-03-16,SKU-018,98.0,0,8,75
2026-03-16,SKU-019,31.0,0,8,25
2026-03-16,SKU-020,129.0,0,12,100
2026-03-16,SKU-021,150.0,0,14,28
2026-03-16,SKU-022,182.0,131,13,186
2026-03-16,SKU-023,67.0,0,13,14
2026-03-16,SKU-024,64.0,0,11,44
2026-03-16,SKU-025,121.0,131,12,131
2026-03-16,SKU-026,119.0,0,10,76
2026-03-16,SKU-027,113.0,0,7,31
2026-03-16,SKU-028,25.0,0,17,16
2026-03-16,SKU-029,19.0,56,13,22
2026-03-16,SKU-030,25.0,59,15,36
2026-03-16,SKU-031,110.0,106,12,134
2026-03-16,SKU-032,10.0,76,19,264
2026-03-16,SKU-033,54.0,117,18,208
2026-03-16,SKU-034,186.0,124,13,208
2026-03-16,SKU-035,31.0,0,11,17
2026-03-16,SKU-036,51.0,83,17,190
2026-03-16,SKU-037,74.0,0,16,54
2026-03-16,SKU-038,138.0,0,19,57
2026-03-16,SKU-039,17.0,0,16,11
2026-03-16,SKU-040,120.0,0,15,22
2026-03-16,SKU-041,2.0,111,26,8
2026-03-16,SKU-042,81.0,123,18,162
2026-03-16,SKU-043,45.0,82,15,179
2026-03-16,SKU-044,53.0,0,18,49
2026-03-16,SKU-045,30.0,0,24,30
2026-03-16,SKU-046,57.0,0,17,25
2026-03-16,SKU-047,81.0,0,27,25
2026-03-16,SKU-048,189.0,0,24,107
2026-03-16,SKU-049,98.0,0,19,13
2026-03-16,SKU-050,26.0,0,15,3
2026-03-16,SKU-051,104.0,0,20,60
2026-03-16,SKU-052,127.0,94,23,134
2026-03-16,SKU-053,0.0,62,23,296
2026-03-16,SKU-054,130.0,0,30,77
2026-03-16,SKU-055,7.0,132,32,57
2026-03-16,SKU-056,44.0,0,29,26
2026-03-16,SKU-057,82.0,0,31,82
2026-03-16,SKU-058,49.0,110,25,70
2026-03-16,SKU-059,90.0,81,21,105
2026-03-16,SKU-060,26.0,135,15,177
2026-03-23,SKU-001,83.0,0,21,55
2026-03-23,SKU-002,94.0,128,26,97
2026-03-23,SKU-003,85.0,77,25,161
2026-03-23,SKU-004,37.0,59,29,69
2026-03-23,SKU-005,83.0,0,24,51
2026-03-23,SKU-006,0.0,109,28,307
2026-03-23,SKU-007,39.0,135,38,276
2026-03-23,SKU-008,90.0,0,31,37
2026-03-23,SKU-009,27.0,120,45,33
2026-03-23,SKU-010,57.0,149,27,121
2026-03-23,SKU-011,18.0,93,25,27
2026-03-23,SKU-012,56.0,109,41,103
2026-03-23,SKU-013,79.0,77,14,181
2026-03-23,SKU-014,98.0,0,7,94
2026-03-23,SKU-015,108.0,0,11,72
2026-03-23,SKU-016,130.0,85,11,151
2026-03-23,SKU-017,88.0,0,14,7
2026-03-23,SKU-018,46.0,60,8,75
2026-03-23,SKU-019,12.0,63,8,25
2026-03-23,SKU-020,84.0,73,12,100
2026-03-23,SKU-021,143.0,0,14,28
2026-03-23,SKU-022,253.0,0,13,186
2026-03-23,SKU-023,60.0,0,13,14
2026-03-23,SKU-024,39.0,77,11,44
2026-03-23,SKU-025,202.0,0,12,131
2026-03-23,SKU-026,88.0,0,10,76
2026-03-23,SKU-027,95.0,0,7,31
2026-03-23,SKU-028,22.0,0,17,16
2026-03-23,SKU-029,71.0,0,13,22
2026-03-23,SKU-030,73.0,0,15,36
2026-03-23,SKU-031,156.0,0,12,134
2026-03-23,SKU-032,24.0,102,19,264
2026-03-23,SKU-033,113.0,88,18,208
2026-03-23,SKU-034,235.0,0,13,208
2026-03-23,SKU-035,20.0,0,11,17
2026-03-23,SKU-036,2.0,83,17,190
2026-03-23,SKU-037,59.0,0,16,54
2026-03-23,SKU-038,122.0,0,19,57
2026-03-23,SKU-039,16.0,0,16,11
2026-03-23,SKU-040,114.0,0,15,22
2026-03-23,SKU-041,111.0,0,26,8
2026-03-23,SKU-042,171.0,0,18,162
2026-03-23,SKU-043,67.0,102,15,179
2026-03-23,SKU-044,36.0,138,18,49
2026-03-23,SKU-045,20.0,73,24,30
2026-03-23,SKU-046,50.0,0,17,25
2026-03-23,SKU-047,79.0,0,27,25
2026-03-23,SKU-048,171.0,0,24,107
2026-03-23,SKU-049,94.0,0,19,13
2026-03-23,SKU-050,24.0,0,15,3
2026-03-23,SKU-051,86.0,0,20,60
2026-03-23,SKU-052,99.0,94,23,134
2026-03-23,SKU-053,0.0,132,23,296
2026-03-23,SKU-054,118.0,0,30,77
2026-03-23,SKU-055,129.0,0,32,57
2026-03-23,SKU-056,36.0,0,29,26
2026-03-23,SKU-057,65.0,119,31,82
2026-03-23,SKU-058,37.0,110,25,70
2026-03-23,SKU-059,67.0,81,21,105
2026-03-23,SKU-060,94.0,91,15,177
2026-03-30,SKU-001,72.0,0,21,55
2026-03-30,SKU-002,82.0,128,26,97
2026-03-30,SKU-003,124.0,56,25,161
2026-03-30,SKU-004,29.0,59,29,69
2026-03-30,SKU-005,80.0,0,24,51
2026-03-30,SKU-006,0.0,109,28,307
2026-03-30,SKU-007,0.0,135,38,276
2026-03-30,SKU-008,84.0,0,31,37
2026-03-30,SKU-009,26.0,120,45,33
2026-03-30,SKU-010,187.0,0,27,121
2026-03-30,SKU-011,15.0,93,25,27
2026-03-30,SKU-012,46.0,109,41,103
2026-03-30,SKU-013,20.0,77,14,181
2026-03-30,SKU-014,31.0,98,7,94
2026-03-30,SKU-015,70.0,123,11,72
2026-03-30,SKU-016,157.0,0,11,151
2026-03-30,SKU-017,83.0,0,14,7
2026-03-30,SKU-018,55.0,101,8,75
2026-03-30,SKU-019,59.0,0,8,25
2026-03-30,SKU-020,111.0,0,12,100
2026-03-30,SKU-021,139.0,0,14,28
2026-03-30,SKU-022,176.0,108,13,186
2026-03-30,SKU-023,56.0,0,13,14
2026-03-30,SKU-024,100.0,0,11,44
2026-03-30,SKU-025,160.0,0,12,131
2026-03-30,SKU-026,39.0,138,10,76
2026-03-30,SKU-027,75.0,0,7,31
2026-03-30,SKU-028,18.0,0,17,16
2026-03-30,SKU-029,63.0,0,13,22
2026-03-30,SKU-030,61.0,0,15,36
2026-03-30,SKU-031,114.0,69,12,134
2026-03-30,SKU-032,0.0,102,19,264
2026-03-30,SKU-033,55.0,88,18,208
2026-03-30,SKU-034,166.0,142,13,208
2026-03-30,SKU-035,18.0,0,11,17
2026-03-30,SKU-036,31.0,50,17,190
2026-03-30,SKU-037,39.0,100,16,54
2026-03-30,SKU-038,112.0,0,19,57
2026-03-30,SKU-039,10.0,147,16,11
2026-03-30,SKU-040,105.0,0,15,22
2026-03-30,SKU-041,107.0,0,26,8
2026-03-30,SKU-042,137.0,84,18,162
2026-03-30,SKU-043,13.0,102,15,179
2026-03-30,SKU-044,24.0,138,18,49
2026-03-30,SKU-045,16.0,73,24,30
2026-03-30,SKU-046,46.0,0,17,25
2026-03-30,SKU-047,76.0,0,27,25
2026-03-30,SKU-048,,0,24,107
2026-03-30,SKU-049,91.0,0,19,13
2026-03-30,SKU-050,24.0,0,15,3
2026-03-30,SKU-051,74.0,0,20,60
2026-03-30,SKU-052,75.0,94,23,134
2026-03-30,SKU-053,0.0,132,23,296
2026-03-30,SKU-054,106.0,0,30,77
2026-03-30,SKU-055,124.0,0,32,57
2026-03-30,SKU-056,32.0,0,29,26
2026-03-30,SKU-057,55.0,119,31,82
2026-03-30,SKU-058,141.0,0,25,70
2026-03-30,SKU-059,46.0,81,21,105
2026-03-30,SKU-060,43.0,91,15,177
2026-04-06,SKU-001,,0,21,55
2026-04-06,SKU-002,56.0,128,26,97
2026-04-06,SKU-003,99.0,56,25,161
2026-04-06,SKU-004,70.0,0,29,69
2026-04-06,SKU-005,69.0,0,24,51
2026-04-06,SKU-006,0.0,109,28,307
2026-04-06,SKU-007,0.0,135,38,276
2026-04-06,SKU-008,77.0,0,31,37
2026-04-06,SKU-009,20.0,120,45,33
2026-04-06,SKU-010,173.0,0,27,121
2026-04-06,SKU-011,105.0,0,25,27
2026-04-06,SKU-012,145.0,0,41,103
2026-04-06,SKU-013,33.0,108,14,181
2026-04-06,SKU-014,78.0,89,7,94
2026-04-06,SKU-015,163.0,0,11,72
2026-04-06,SKU-016,102.0,50,11,151
2026-04-06,SKU-017,79.0,0,14,7
2026-04-06,SKU-018,124.0,0,8,75
2026-04-06,SKU-019,42.0,0,8,25
2026-04-06,SKU-020,72.0,141,12,100
2026-04-06,SKU-021,132.0,0,14,28
2026-04-06,SKU-022,218.0,0,13,186
2026-04-06,SKU-023,49.0,0,13,14
2026-04-06,SKU-024,82.0,0,11,44
2026-04-06,SKU-025,105.0,93,12,131
2026-04-06,SKU-026,135.0,0,10,76
2026-04-06,SKU-027,53.0,0,7,31
2026-04-06,SKU-028,15.0,97,17,16
2026-04-06,SKU-029,57.0,0,13,22
2026-04-06,SKU-030,51.0,0,15,36
2026-04-06,SKU-031,135.0,0,12,134
2026-04-06,SKU-032,32.0,140,19,264
2026-04-06,SKU-033,100.0,52,18,208
2026-04-06,SKU-034,237.0,0,13,208
2026-04-06,SKU-035,7.0,78,11,17
2026-04-06,SKU-036,0.0,50,17,190
2026-04-06,SKU-037,32.0,100,16,54
2026-04-06,SKU-038,92.0,0,19,57
2026-04-06,SKU-039,7.0,147,16,11
2026-04-06,SKU-040,97.0,0,15,22
2026-04-06,SKU-041,106.0,0,26,8
2026-04-06,SKU-042,90.0,84,18,162
2026-04-06,SKU-043,39.0,110,15,179
2026-04-06,SKU-044,148.0,0,18,49
2026-04-06,SKU-045,9.0,73,24,30
2026-04-06,SKU-046,40.0,0,17,25
2026-04-06,SKU-047,,0,27,25
2026-04-06,SKU-048,135.0,0,24,107
2026-04-06,SKU-049,89.0,0,19,13
2026-04-06,SKU-050,19.0,0,15,3
2026-04-06,SKU-051,52.0,90,20,60
2026-04-06,SKU-052,142.0,0,23,134
2026-04-06,SKU-053,0.0,132,23,296
2026-04-06,SKU-054,96.0,0,30,77
2026-04-06,SKU-055,112.0,0,32,57
2026-04-06,SKU-056,26.0,0,29,26
2026-04-06,SKU-057,45.0,119,31,82
2026-04-06,SKU-058,130.0,0,25,70
2026-04-06,SKU-059,98.0,51,21,105
2026-04-06,SKU-060,81.0,65,15,177
2026-04-13,SKU-001,46.0,144,21,55
2026-04-13,SKU-002,162.0,0,26,97
2026-04-13,SKU-003,72.0,56,25,161
2026-04-13,SKU-004,60.0,102,29,69
2026-04-13,SKU-005,54.0,0,24,51
2026-04-13,SKU-006,63.0,50,28,307
2026-04-13,SKU-007,0.0,135,38,276
2026-04-13,SKU-008,70.0,0,31,37
2026-04-13,SKU-009,17.0,120,45,33
2026-04-13,SKU-010,147.0,0,27,121
2026-04-13,SKU-011,100.0,0,25,27
2026-04-13,SKU-012,131.0,0,41,103
2026-04-13,SKU-013,0.0,108,14,181
2026-04-13,SKU-014,109.0,0,7,94
2026-04-13,SKU-015,126.0,0,11,72
2026-04-13,SKU-016,102.0,91,11,151
2026-04-13,SKU-017,,0,14,7
2026-04-13,SKU-018,93.0,0,8,75
2026-04-13,SKU-019,28.0,0,8,25
2026-04-13,SKU-020,178.0,0,12,100
2026-04-13,SKU-021,125.0,0,14,28
2026-04-13,SKU-022,160.0,96,13,186
2026-04-13,SKU-023,46.0,0,13,14
2026-04-13,SKU-024,72.0,0,11,44
2026-04-13,SKU-025,,0,12,131
2026-04-13,SKU-026,96.0,0,10,76
2026-04-13,SKU-027,35.0,0,7,31
2026-04-13,SKU-028,11.0,97,17,16
2026-04-13,SKU-029,43.0,0,13,22
2026-04-13,SKU-030,38.0,0,15,36
2026-04-13,SKU-031,93.0,112,12,134
2026-04-13,SKU-032,0.0,140,19,264
2026-04-13,SKU-033,52.0,52,18,208
2026-04-13,SKU-034,168.0,145,13,208
2026-04-13,SKU-035,80.0,0,11,17
2026-04-13,SKU-036,1.0,55,17,190
2026-04-13,SKU-037,115.0,0,16,54
2026-04-13,SKU-038,81.0,0,19,57
2026-04-13,SKU-039,152.0,0,16,11
2026-04-13,SKU-040,90.0,0,15,22
2026-04-13,SKU-041,104.0,0,26,8
2026-04-13,SKU-042,141.0,85,18,162
2026-04-13,SKU-043,0.0,110,15,179
2026-04-13,SKU-044,137.0,0,18,49
2026-04-13,SKU-045,76.0,0,24,30
2026-04-13,SKU-046,33.0,0,17,25
2026-04-13,SKU-047,69.0,0,27,25
2026-04-13,SKU-048,116.0,0,24,107
2026-04-13,SKU-049,87.0,0,19,13
2026-04-13,SKU-050,18.0,0,15,3
2026-04-13,SKU-051,37.0,90,20,60
2026-04-13,SKU-052,119.0,111,23,134
2026-04-13,SKU-053,78.0,115,23,296
2026-04-13,SKU-054,80.0,0,30,77
2026-04-13,SKU-055,101.0,0,32,57
2026-04-13,SKU-056,24.0,107,29,26
2026-04-13,SKU-057,36.0,119,31,82
2026-04-13,SKU-058,118.0,0,25,70
2026-04-13,SKU-059,76.0,51,21,105
2026-04-13,SKU-060,15.0,65,15,177
2026-04-20,SKU-001,24.0,144,21,55
2026-04-20,SKU-002,143.0,0,26,97
2026-04-20,SKU-003,97.0,135,25,161
2026-04-20,SKU-004,47.0,102,29,69
2026-04-20,SKU-005,45.0,58,24,51
2026-04-20,SKU-006,20.0,50,28,307
2026-04-20,SKU-007,117.0,66,38,276
2026-04-20,SKU-008,60.0,0,31,37
2026-04-20,SKU-009,14.0,120,45,33
2026-04-20,SKU-010,128.0,0,27,121
2026-04-20,SKU-011,93.0,0,25,27
2026-04-20,SKU-012,122.0,0,41,103
2026-04-20,SKU-013,49.0,79,14,181
2026-04-20,SKU-014,50.0,111,7,94
2026-04-20,SKU-015,91.0,0,11,72
2026-04-20,SKU-016,122.0,143,11,151
2026-04-20,SKU-017,76.0,0,14,7
2026-04-20,SKU-018,49.0,145,8,75
2026-04-20,SKU-019,11.0,72,8,25
2026-04-20,SKU-020,137.0,0,12,100
2026-04-20,SKU-021,114.0,0,14,28
2026-04-20,SKU-022,186.0,0,13,186
2026-04-20,SKU-023,42.0,0,13,14
2026-04-20,SKU-024,46.0,0,11,44
2026-04-20,SKU-025,82.0,121,12,131
2026-04-20,SKU-026,61.0,110,10,76
2026-04-20,SKU-027,,140,7,31
2026-04-20,SKU-028,104.0,0,17,16
2026-04-20,SKU-029,38.0,0,13,22
2026-04-20,SKU-030,25.0,80,15,36
2026-04-20,SKU-031,162.0,0,12,134
2026-04-20,SKU-032,83.0,96,19,264
2026-04-20,SKU-033,45.0,112,18,208
2026-04-20,SKU-034,241.0,0,13,208
2026-04-20,SKU-035,77.0,0,11,17
2026-04-20,SKU-036,0.0,55,17,190
2026-04-20,SKU-037,93.0,0,16,54
2026-04-20,SKU-038,66.0,0,19,57
2026-04-20,SKU-039,150.0,0,16,11
2026-04-20,SKU-040,82.0,0,15,22
2026-04-20,SKU-041,103.0,0,26,8
2026-04-20,SKU-042,95.0,85,18,162
2026-04-20,SKU-043,43.0,101,15,179
2026-04-20,SKU-044,120.0,0,18,49
2026-04-20,SKU-045,73.0,0,24,30
2026-04-20,SKU-046,27.0,0,17,25
2026-04-20,SKU-047,64.0,0,27,25
2026-04-20,SKU-048,95.0,116,24,107
2026-04-20,SKU-049,85.0,0,19,13
2026-04-20,SKU-050,18.0,0,15,3
2026-04-20,SKU-051,112.0,0,20,60
2026-04-20,SKU-052,98.0,111,23,134
2026-04-20,SKU-053,17.0,115,23,296
2026-04-20,SKU-054,66.0,95,30,77
2026-04-20,SKU-055,95.0,0,32,57
2026-04-20,SKU-056,19.0,107,29,26
2026-04-20,SKU-057,141.0,0,31,82
2026-04-20,SKU-058,108.0,0,25,70
2026-04-20,SKU-059,52.0,51,21,105
2026-04-20,SKU-060,20.0,105,15,177
2026-04-27,SKU-001,12.0,144,21,55
2026-04-27,SKU-002,126.0,0,26,97
2026-04-27,SKU-003,62.0,135,25,161
2026-04-27,SKU-004,36.0,102,29,69
2026-04-27,SKU-005,38.0,58,24,51
2026-04-27,SKU-006,0.0,50,28,307
2026-04-27,SKU-007,86.0,66,38,276
2026-04-27,SKU-008,55.0,0,31,37
2026-04-27,SKU-009,133.0,0,45,33
2026-04-27,SKU-010,107.0,82,27,121
2026-04-27,SKU-011,89.0,0,25,27
2026-04-27,SKU-012,114.0,0,41,103
2026-04-27,SKU-013,0.0,79,14,181
2026-04-27,SKU-014,97.0,0,7,94
2026-04-27,SKU-015,54.0,69,11,72
2026-04-27,SKU-016,202.0,0,11,151
2026-04-27,SKU-017,76.0,0,14,7
2026-04-27,SKU-018,150.0,0,8,75
2026-04-27,SKU-019,69.0,0,8,25
2026-04-27,SKU-020,102.0,0,12,100
2026-04-27,SKU-021,105.0,0,14,28
2026-04-27,SKU-022,123.0,129,13,186
2026-04-27,SKU-023,38.0,0,13,14
2026-04-27,SKU-024,25.0,102,11,44
2026-04-27,SKU-025,155.0,0,12,131
2026-04-27,SKU-026,,0,10,76
2026-04-27,SKU-027,128.0,0,7,31
2026-04-27,SKU-028,101.0,0,17,16
2026-04-27,SKU-029,34.0,0,13,22
2026-04-27,SKU-030,18.0,80,15,36
2026-04-27,SKU-031,130.0,94,12,134
2026-04-27,SKU-032,16.0,96,19,264
2026-04-27,SKU-033,0.0,112,18,208
2026-04-27,SKU-034,166.0,77,13,208
2026-04-27,SKU-035,69.0,0,11,17
2026-04-27,SKU-036,3.0,146,17,190
2026-04-27,SKU-037,81.0,0,16,54
2026-04-27,SKU-038,50.0,150,19,57
2026-04-27,SKU-039,146.0,0,16,11
2026-04-27,SKU-040,75.0,0,15,22
2026-04-27,SKU-041,101.0,0,26,8
2026-04-27,SKU-042,137.0,129,18,162
2026-04-27,SKU-043,0.0,101,15,179
2026-04-27,SKU-044,112.0,0,18,49
2026-04-27,SKU-045,68.0,0,24,30
2026-04-27,SKU-046,17.0,124,17,25
2026-04-27,SKU-047,61.0,0,27,25
2026-04-27,SKU-048,73.0,116,24,107
2026-04-27,SKU-049,79.0,0,19,13
2026-04-27,SKU-050,18.0,0,15,3
2026-04-27,SKU-051,99.0,0,20,60
2026-04-27,SKU-052,78.0,111,23,134
2026-04-27,SKU-053,0.0,115,23,296
2026-04-27,SKU-054,55.0,95,30,77
2026-04-27,SKU-055,87.0,0,32,57
2026-04-27,SKU-056,17.0,107,29,26
2026-04-27,SKU-057,123.0,0,31,82
2026-04-27,SKU-058,,0,25,70
2026-04-27,SKU-059,76.0,133,21,105
2026-04-27,SKU-060,0.0,105,15,177
2026-05-04,SKU-001,141.0,0,21,55
2026-05-04,SKU-002,106.0,0,26,97
2026-05-04,SKU-003,19.0,135,25,161
2026-05-04,SKU-004,22.0,102,29,69
2026-05-04,SKU-005,26.0,58,24,51
2026-05-04,SKU-006,0.0,50,28,307
2026-05-04,SKU-007,47.0,66,38,276
2026-05-04,SKU-008,53.0,0,31,37
2026-05-04,SKU-009,130.0,0,45,33
2026-05-04,SKU-010,81.0,82,27,121
2026-05-04,SKU-011,84.0,0,25,27
2026-05-04,SKU-012,100.0,125,41,103
2026-05-04,SKU-013,18.0,57,14,181
2026-05-04,SKU-014,27.0,129,7,94
2026-05-04,SKU-015,90.0,0,11,72
2026-05-04,SKU-016,140.0,90,11,151
2026-05-04,SKU-017,71.0,0,14,7
2026-05-04,SKU-018,108.0,0,8,75
2026-05-04,SKU-019,49.0,0,8,25
2026-05-04,SKU-020,68.0,86,12,100
2026-05-04,SKU-021,91.0,0,14,28
2026-05-04,SKU-022,180.0,110,13,186
2026-05-04,SKU-023,30.0,0,13,14
2026-05-04,SKU-024,107.0,0,11,44
2026-05-04,SKU-025,110.0,60,12,131
2026-05-04,SKU-026,102.0,0,10,76
2026-05-04,SKU-027,112.0,0,7,31
2026-05-04,SKU-028,92.0,0,17,16
2026-05-04,SKU-029,26.0,0,13,22
2026-05-04,SKU-030,86.0,0,15,36
2026-05-04,SKU-031,163.0,0,12,134
2026-05-04,SKU-032,52.0,113,19,264
2026-05-04,SKU-033,69.0,138,18,208
2026-05-04,SKU-034,163.0,106,13,208
2026-05-04,SKU-035,59.0,0,11,17
2026-05-04,SKU-036,0.0,146,17,190
2026-05-04,SKU-037,63.0,0,16,54
2026-05-04,SKU-038,37.0,150,19,57
2026-05-04,SKU-039,142.0,0,16,11
2026-05-04,SKU-040,68.0,0,15,22
2026-05-04,SKU-041,101.0,0,26,8
2026-05-04,SKU-042,93.0,129,18,162
2026-05-04,SKU-043,43.0,82,15,179
2026-05-04,SKU-044,96.0,0,18,49
2026-05-04,SKU-045,62.0,0,24,30
2026-05-04,SKU-046,9.0,124,17,25
2026-05-04,SKU-047,54.0,0,27,25
2026-05-04,SKU-048,46.0,116,24,107
2026-05-04,SKU-049,,0,19,13
2026-05-04,SKU-050,17.0,0,15,3
2026-05-04,SKU-051,78.0,0,20,60
2026-05-04,SKU-052,163.0,0,23,134
2026-05-04,SKU-053,65.0,143,23,296
2026-05-04,SKU-054,45.0,95,30,77
2026-05-04,SKU-055,76.0,0,32,57
2026-05-04,SKU-056,12.0,107,29,26
2026-05-04,SKU-057,111.0,0,31,82
2026-05-04,SKU-058,93.0,0,25,70
2026-05-04,SKU-059,50.0,133,21,105
2026-05-04,SKU-060,44.0,62,15,177
2026-05-11,SKU-001,129.0,0,21,55
2026-05-11,SKU-002,93.0,104,26,97
2026-05-11,SKU-003,129.0,117,25,161
2026-05-11,SKU-004,111.0,0,29,69
2026-05-11,SKU-005,73.0,0,24,51
2026-05-11,SKU-006,9.0,104,28,307
2026-05-11,SKU-007,19.0,66,38,276
2026-05-11,SKU-008,45.0,0,31,37
2026-05-11,SKU-009,127.0,0,45,33
2026-05-11,SKU-010,58.0,82,27,121
2026-05-11,SKU-011,76.0,0,25,27
2026-05-11,SKU-012,91.0,125,41,103
2026-05-11,SKU-013,0.0,57,14,181
2026-05-11,SKU-014,70.0,112,7,94
2026-05-11,SKU-015,61.0,86,11,72
2026-05-11,SKU-016,164.0,0,11,151
2026-05-11,SKU-017,69.0,0,14,7
2026-05-11,SKU-018,65.0,138,8,75
2026-05-11,SKU-019,38.0,0,8,25
2026-05-11,SKU-020,107.0,0,12,100
2026-05-11,SKU-021,84.0,0,14,28
2026-05-11,SKU-022,231.0,0,13,186
2026-05-11,SKU-023,18.0,0,13,14
2026-05-11,SKU-024,87.0,0,11,44
2026-05-11,SKU-025,117.0,85,12,131
2026-05-11,SKU-026,76.0,0,10,76
2026-05-11,SKU-027,,0,7,31
2026-05-11,SKU-028,85.0,0,17,16
2026-05-11,SKU-029,17.0,117,13,22
2026-05-11,SKU-030,80.0,0,15,36
2026-05-11,SKU-031,104.0,122,12,134
2026-05-11,SKU-032,0.0,113,19,264
2026-05-11,SKU-033,26.0,138,18,208
2026-05-11,SKU-034,195.0,129,13,208
2026-05-11,SKU-035,55.0,0,11,17
2026-05-11,SKU-036,89.0,100,17,190
2026-05-11,SKU-037,55.0,0,16,54
2026-05-11,SKU-038,176.0,0,19,57
2026-05-11,SKU-039,139.0,0,16,11
2026-05-11,SKU-040,57.0,0,15,22
2026-05-11,SKU-041,,0,26,8
2026-05-11,SKU-042,181.0,0,18,162
2026-05-11,SKU-043,0.0,82,15,179
2026-05-11,SKU-044,82.0,0,18,49
2026-05-11,SKU-045,55.0,0,24,30
2026-05-11,SKU-046,122.0,0,17,25
2026-05-11,SKU-047,46.0,0,27,25
2026-05-11,SKU-048,139.0,0,24,107
2026-05-11,SKU-049,71.0,0,19,13
2026-05-11,SKU-050,17.0,0,15,3
2026-05-11,SKU-051,66.0,0,20,60
2026-05-11,SKU-052,140.0,0,23,134
2026-05-11,SKU-053,8.0,143,23,296
2026-05-11,SKU-054,39.0,95,30,77
2026-05-11,SKU-055,,0,32,57
2026-05-11,SKU-056,115.0,0,29,26
2026-05-11,SKU-057,98.0,0,31,82
2026-05-11,SKU-058,82.0,0,25,70
2026-05-11,SKU-059,26.0,133,21,105
2026-05-11,SKU-060,0.0,62,15,177
2026-05-18,SKU-001,119.0,0,21,55
2026-05-18,SKU-002,68.0,104,26,97
2026-05-18,SKU-003,90.0,117,25,161
2026-05-18,SKU-004,100.0,0,29,69
2026-05-18,SKU-005,65.0,0,24,51
2026-05-18,SKU-006,0.0,104,28,307
2026-05-18,SKU-007,0.0,66,38,276
2026-05-18,SKU-008,39.0,0,31,37
2026-05-18,SKU-009,124.0,0,45,33
2026-05-18,SKU-010,122.0,0,27,121
2026-05-18,SKU-011,,0,25,27
2026-05-18,SKU-012,83.0,125,41,103
2026-05-18,SKU-013,0.0,65,14,181
2026-05-18,SKU-014,117.0,0,7,94
2026-05-18,SKU-015,114.0,0,11,72
2026-05-18,SKU-016,107.0,138,11,151
2026-05-18,SKU-017,69.0,0,14,7
2026-05-18,SKU-018,152.0,0,8,75
2026-05-18,SKU-019,27.0,0,8,25
2026-05-18,SKU-020,69.0,93,12,100
2026-05-18,SKU-021,68.0,0,14,28
2026-05-18,SKU-022,169.0,63,13,186
2026-05-18,SKU-023,13.0,134,13,14
2026-05-18,SKU-024,65.0,0,11,44
2026-05-18,SKU-025,153.0,0,12,131
2026-05-18,SKU-026,39.0,133,10,76
2026-05-18,SKU-027,69.0,0,7,31
2026-05-18,SKU-028,80.0,0,17,16
2026-05-18,SKU-029,131.0,0,13,22
2026-05-18,SKU-030,69.0,0,15,36
2026-05-18,SKU-031,175.0,0,12,134
2026-05-18,SKU-032,42.0,105,19,264
2026-05-18,SKU-033,120.0,51,18,208
2026-05-18,SKU-034,240.0,0,13,208
2026-05-18,SKU-035,45.0,0,11,17
2026-05-18,SKU-036,37.0,100,17,190
2026-05-18,SKU-037,35.0,52,16,54
2026-05-18,SKU-038,159.0,0,19,57
2026-05-18,SKU-039,136.0,0,16,11
2026-05-18,SKU-040,51.0,0,15,22
2026-05-18,SKU-041,99.0,0,26,8
2026-05-18,SKU-042,138.0,121,18,162
2026-05-18,SKU-043,40.0,51,15,179
2026-05-18,SKU-044,75.0,0,18,49
2026-05-18,SKU-045,52.0,0,24,30
2026-05-18,SKU-046,114.0,0,17,25
2026-05-18,SKU-047,40.0,0,27,25
2026-05-18,SKU-048,124.0,0,24,107
2026-05-18,SKU-049,69.0,0,19,13
2026-05-18,SKU-050,17.0,0,15,3
2026-05-18,SKU-051,56.0,82,20,60
2026-05-18,SKU-052,107.0,86,23,134
2026-05-18,SKU-053,0.0,143,23,296
2026-05-18,SKU-054,123.0,0,30,77
2026-05-18,SKU-055,60.0,0,32,57
2026-05-18,SKU-056,112.0,0,29,26
2026-05-18,SKU-057,85.0,0,31,82
2026-05-18,SKU-058,72.0,0,25,70
2026-05-18,SKU-059,132.0,0,21,105
2026-05-18,SKU-060,17.0,76,15,177
2026-05-25,SKU-001,,0,21,55
2026-05-25,SKU-002,52.0,104,26,97
2026-05-25,SKU-003,60.0,117,25,161
2026-05-25,SKU-004,90.0,0,29,69
2026-05-25,SKU-005,54.0,0,24,51
2026-05-25,SKU-006,0.0,104,28,307
2026-05-25,SKU-007,33.0,96,38,276
2026-05-25,SKU-008,33.0,144,31,37
2026-05-25,SKU-009,118.0,0,45,33
2026-05-25,SKU-010,94.0,118,27,121
2026-05-25,SKU-011,63.0,0,25,27
2026-05-25,SKU-012,76.0,125,41,103
2026-05-25,SKU-013,0.0,65,14,181
2026-05-25,SKU-014,49.0,79,7,94
2026-05-25,SKU-015,88.0,0,11,72
2026-05-25,SKU-016,182.0,0,11,151
2026-05-25,SKU-017,68.0,0,14,7
2026-05-25,SKU-018,105.0,0,8,75
2026-05-25,SKU-019,14.0,93,8,25
2026-05-25,SKU-020,119.0,0,12,100
2026-05-25,SKU-021,61.0,0,14,28
2026-05-25,SKU-022,166.0,142,13,186
2026-05-25,SKU-023,145.0,0,13,14
2026-05-25,SKU-024,49.0,0,11,44
2026-05-25,SKU-025,96.0,147,12,131
2026-05-25,SKU-026,139.0,0,10,76
2026-05-25,SKU-027,49.0,0,7,31
2026-05-25,SKU-028,73.0,0,17,16
2026-05-25,SKU-029,127.0,0,13,22
2026-05-25,SKU-030,59.0,0,15,36
2026-05-25,SKU-031,140.0,0,12,134
2026-05-25,SKU-032,0.0,105,19,264
2026-05-25,SKU-033,56.0,51,18,208
2026-05-25,SKU-034,166.0,63,13,208
2026-05-25,SKU-035,33.0,0,11,17
2026-05-25,SKU-036,87.0,50,17,190
2026-05-25,SKU-037,20.0,52,16,54
2026-05-25,SKU-038,146.0,0,19,57
2026-05-25,SKU-039,130.0,0,16,11
2026-05-25,SKU-040,43.0,0,15,22
2026-05-25,SKU-041,97.0,0,26,8
2026-05-25,SKU-042,99.0,121,18,162
2026-05-25,SKU-043,0.0,51,15,179
2026-05-25,SKU-044,57.0,0,18,49
2026-05-25,SKU-045,41.0,0,24,30
2026-05-25,SKU-046,111.0,0,17,25
2026-05-25,SKU-047,36.0,0,27,25
2026-05-25,SKU-048,107.0,0,24,107
2026-05-25,SKU-049,67.0,0,19,13
2026-05-25,SKU-050,15.0,0,15,3
2026-05-25,SKU-051,47.0,82,20,60
2026-05-25,SKU-052,80.0,86,23,134
2026-05-25,SKU-053,61.0,56,23,296
2026-05-25,SKU-054,108.0,0,30,77
2026-05-25,SKU-055,51.0,103,32,57
2026-05-25,SKU-056,108.0,0,29,26
2026-05-25,SKU-057,78.0,135,31,82
2026-05-25,SKU-058,47.0,110,25,70
2026-05-25,SKU-059,107.0,0,21,105
2026-05-25,SKU-060,0.0,76,15,177
2026-06-01,SKU-001,94.0,0,21,55
2026-06-01,SKU-002,140.0,0,26,97
2026-06-01,SKU-003,146.0,54,25,161
2026-06-01,SKU-004,70.0,0,29,69
2026-06-01,SKU-005,42.0,142,24,51
2026-06-01,SKU-006,0.0,104,28,307
2026-06-01,SKU-007,3.0,96,38,276
2026-06-01,SKU-008,23.0,144,31,37
2026-06-01,SKU-009,116.0,0,45,33
2026-06-01,SKU-010,72.0,118,27,121
2026-06-01,SKU-011,57.0,0,25,27
2026-06-01,SKU-012,60.0,125,41,103
2026-06-01,SKU-013,5.0,107,14,181
2026-06-01,SKU-014,59.0,130,7,94
2026-06-01,SKU-015,66.0,105,11,72
2026-06-01,SKU-016,120.0,53,11,151
2026-06-01,SKU-017,65.0,0,14,7
2026-06-01,SKU-018,55.0,81,8,75
2026-06-01,SKU-019,89.0,0,8,25
2026-06-01,SKU-020,79.0,141,12,100
2026-06-01,SKU-021,50.0,0,14,28
2026-06-01,SKU-022,235.0,0,13,186
2026-06-01,SKU-023,138.0,0,13,14
2026-06-01,SKU-024,23.0,137,11,44
2026-06-01,SKU-025,182.0,0,12,131
2026-06-01,SKU-026,104.0,0,10,76
2026-06-01,SKU-027,25.0,83,7,31
2026-06-01,SKU-028,70.0,0,17,16
2026-06-01,SKU-029,119.0,0,13,22
2026-06-01,SKU-030,43.0,0,15,36
2026-06-01,SKU-031,97.0,147,12,134
2026-06-01,SKU-032,25.0,96,19,264
2026-06-01,SKU-033,46.0,78,18,208
2026-06-01,SKU-034,151.0,52,13,208
2026-06-01,SKU-035,25.0,0,11,17
2026-06-01,SKU-036,41.0,50,17,190
2026-06-01,SKU-037,62.0,0,16,54
2026-06-01,SKU-038,126.0,0,19,57
2026-06-01,SKU-039,126.0,0,16,11
2026-06-01,SKU-040,37.0,0,15,22
2026-06-01,SKU-041,97.0,0,26,8
2026-06-01,SKU-042,190.0,0,18,162
2026-06-01,SKU-043,0.0,54,15,179
2026-06-01,SKU-044,40.0,133,18,49
2026-06-01,SKU-045,34.0,0,24,30
2026-06-01,SKU-046,106.0,0,17,25
2026-06-01,SKU-047,32.0,0,27,25
2026-06-01,SKU-048,85.0,139,24,107
2026-06-01,SKU-049,64.0,0,19,13
2026-06-01,SKU-050,13.0,0,15,3
2026-06-01,SKU-051,112.0,0,20,60
2026-06-01,SKU-052,58.0,86,23,134
2026-06-01,SKU-053,4.0,56,23,296
2026-06-01,SKU-054,97.0,0,30,77
2026-06-01,SKU-055,47.0,103,32,57
2026-06-01,SKU-056,103.0,0,29,26
2026-06-01,SKU-057,66.0,135,31,82
2026-06-01,SKU-058,41.0,110,25,70
2026-06-01,SKU-059,81.0,108,21,105
2026-06-01,SKU-060,17.0,131,15,177
2026-06-08,SKU-001,82.0,0,21,55
2026-06-08,SKU-002,111.0,0,26,97
2026-06-08,SKU-003,120.0,54,25,161
2026-06-08,SKU-004,60.0,74,29,69
2026-06-08,SKU-005,29.0,142,24,51
2026-06-08,SKU-006,41.0,85,28,307
2026-06-08,SKU-007,0.0,96,38,276
2026-06-08,SKU-008,18.0,144,31,37
2026-06-08,SKU-009,113.0,0,45,33
2026-06-08,SKU-010,48.0,118,27,121
2026-06-08,SKU-011,49.0,0,25,27
2026-06-08,SKU-012,173.0,0,41,103
2026-06-08,SKU-013,0.0,107,14,181
2026-06-08,SKU-014,129.0,0,7,94
2026-06-08,SKU-015,143.0,0,11,72
2026-06-08,SKU-016,99.0,61,11,151
2026-06-08,SKU-017,64.0,0,14,7
2026-06-08,SKU-018,100.0,0,8,75
2026-06-08,SKU-019,73.0,0,8,25
2026-06-08,SKU-020,164.0,0,12,100
2026-06-08,SKU-021,42.0,0,14,28
2026-06-08,SKU-022,170.0,96,13,186
2026-06-08,SKU-023,133.0,0,13,14
2026-06-08,SKU-024,144.0,0,11,44
2026-06-08,SKU-025,141.0,0,12,131
2026-06-08,SKU-026,65.0,69,10,76
2026-06-08,SKU-027,92.0,0,7,31
2026-06-08,SKU-028,66.0,0,17,16
2026-06-08,SKU-029,114.0,0,13,22
2026-06-08,SKU-030,31.0,111,15,36
2026-06-08,SKU-031,197.0,0,12,134
2026-06-08,SKU-032,0.0,96,19,264
2026-06-08,SKU-033,0.0,78,18,208
2026-06-08,SKU-034,113.0,85,13,208
2026-06-08,SKU-035,20.0,0,11,17
2026-06-08,SKU-036,28.0,146,17,190
2026-06-08,SKU-037,47.0,134,16,54
2026-06-08,SKU-038,107.0,0,19,57
2026-06-08,SKU-039,121.0,0,16,11
2026-06-08,SKU-040,22.0,0,15,22
2026-06-08,SKU-041,96.0,0,26,8
2026-06-08,SKU-042,146.0,69,18,162
2026-06-08,SKU-043,0.0,54,15,179
2026-06-08,SKU-044,29.0,133,18,49
2026-06-08,SKU-045,29.0,144,24,30
2026-06-08,SKU-046,100.0,0,17,25
2026-06-08,SKU-047,27.0,0,27,25
2026-06-08,SKU-048,52.0,139,24,107
2026-06-08,SKU-049,58.0,0,19,13
2026-06-08,SKU-050,11.0,0,15,3
2026-06-08,SKU-051,93.0,0,20,60
2026-06-08,SKU-052,108.0,60,23,134
2026-06-08,SKU-053,0.0,56,23,296
2026-06-08,SKU-054,86.0,0,30,77
2026-06-08,SKU-055,38.0,103,32,57
2026-06-08,SKU-056,102.0,0,29,26
2026-06-08,SKU-057,56.0,135,31,82
2026-06-08,SKU-058,28.0,110,25,70
2026-06-08,SKU-059,55.0,108,21,105
2026-06-08,SKU-060,0.0,131,15,177
2026-06-15,SKU-001,71.0,0,21,55
2026-06-15,SKU-002,99.0,0,26,97
2026-06-15,SKU-003,98.0,54,25,161
2026-06-15,SKU-004,52.0,74,29,69
2026-06-15,SKU-005,26.0,142,24,51
2026-06-15,SKU-006,0.0,85,28,307
2026-06-15,SKU-007,0.0,96,38,276
2026-06-15,SKU-008,11.0,144,31,37
2026-06-15,SKU-009,112.0,0,45,33
2026-06-15,SKU-010,149.0,0,27,121
2026-06-15,SKU-011,38.0,0,25,27
2026-06-15,SKU-012,159.0,0,41,103
2026-06-15,SKU-013,53.0,68,14,181
2026-06-15,SKU-014,66.0,118,7,94
2026-06-15,SKU-015,119.0,0,11,72
2026-06-15,SKU-016,102.0,65,11,151
2026-06-15,SKU-017,61.0,0,14,7
2026-06-15,SKU-018,60.0,81,8,75
2026-06-15,SKU-019,60.0,0,8,25
2026-06-15,SKU-020,123.0,0,12,100
2026-06-15,SKU-021,35.0,0,14,28
2026-06-15,SKU-022,215.0,0,13,186
2026-06-15,SKU-023,128.0,0,13,14
2026-06-15,SKU-024,129.0,0,11,44
2026-06-15,SKU-025,87.0,75,12,131
2026-06-15,SKU-026,96.0,0,10,76
2026-06-15,SKU-027,69.0,0,7,31
2026-06-15,SKU-028,63.0,0,17,16
2026-06-15,SKU-029,106.0,0,13,22
2026-06-15,SKU-030,22.0,111,15,36
2026-06-15,SKU-031,150.0,0,12,134
2026-06-15,SKU-032,33.0,57,19,264
2026-06-15,SKU-033,31.0,127,18,208
2026-06-15,SKU-034,124.0,87,13,208
2026-06-15,SKU-035,16.0,80,11,17
2026-06-15,SKU-036,0.0,146,17,190
2026-06-15,SKU-037,30.0,134,16,54
2026-06-15,SKU-038,87.0,0,19,57
2026-06-15,SKU-039,118.0,0,16,11
2026-06-15,SKU-040,13.0,117,15,22
2026-06-15,SKU-041,94.0,0,26,8
2026-06-15,SKU-042,101.0,69,18,162
2026-06-15,SKU-043,0.0,57,15,179
2026-06-15,SKU-044,151.0,0,18,49
2026-06-15,SKU-045,22.0,144,24,30
2026-06-15,SKU-046,93.0,0,17,25
2026-06-15,SKU-047,23.0,65,27,25
2026-06-15,SKU-048,25.0,139,24,107
2026-06-15,SKU-049,53.0,0,19,13
2026-06-15,SKU-050,11.0,0,15,3
2026-06-15,SKU-051,75.0,0,20,60
2026-06-15,SKU-052,85.0,60,23,134
2026-06-15,SKU-053,0.0,146,23,296
2026-06-15,SKU-054,71.0,120,30,77
2026-06-15,SKU-055,28.0,103,32,57
2026-06-15,SKU-056,101.0,0,29,26
2026-06-15,SKU-057,44.0,135,31,82
2026-06-15,SKU-058,122.0,0,25,70
2026-06-15,SKU-059,35.0,108,21,105
2026-06-15,SKU-060,79.0,57,15,177
2026-06-22,SKU-001,66.0,0,21,55
2026-06-22,SKU-002,75.0,119,26,97
2026-06-22,SKU-003,121.0,112,25,161
2026-06-22,SKU-004,42.0,74,29,69
2026-06-22,SKU-005,157.0,0,24,51
2026-06-22,SKU-006,0.0,85,28,307
2026-06-22,SKU-007,0.0,96,38,276
2026-06-22,SKU-008,150.0,0,31,37
2026-06-22,SKU-009,107.0,0,45,33
2026-06-22,SKU-010,131.0,0,27,121
2026-06-22,SKU-011,36.0,0,25,27
2026-06-22,SKU-012,150.0,0,41,103
2026-06-22,SKU-013,0.0,68,14,181
2026-06-22,SKU-014,126.0,0,7,94
2026-06-22,SKU-015,99.0,0,11,72
2026-06-22,SKU-016,93.0,140,11,151
2026-06-22,SKU-017,60.0,0,14,7
2026-06-22,SKU-018,89.0,0,8,75
2026-06-22,SKU-019,35.0,0,8,25
2026-06-22,SKU-020,84.0,95,12,100
2026-06-22,SKU-021,30.0,0,14,28
2026-06-22,SKU-022,151.0,148,13,186
2026-06-22,SKU-023,121.0,0,13,14
2026-06-22,SKU-024,110.0,0,11,44
2026-06-22,SKU-025,126.0,74,12,131
2026-06-22,SKU-026,68.0,108,10,76
2026-06-22,SKU-027,42.0,0,7,31
2026-06-22,SKU-028,58.0,0,17,16
2026-06-22,SKU-029,95.0,0,13,22
2026-06-22,SKU-030,126.0,0,15,36
2026-06-22,SKU-031,96.0,88,12,134
2026-06-22,SKU-032,0.0,57,19,264
2026-06-22,SKU-033,0.0,127,18,208
2026-06-22,SKU-034,131.0,63,13,208
2026-06-22,SKU-035,91.0,0,11,17
2026-06-22,SKU-036,94.0,72,17,190
2026-06-22,SKU-037,147.0,0,16,54
2026-06-22,SKU-038,75.0,0,19,57
2026-06-22,SKU-039,118.0,0,16,11
2026-06-22,SKU-040,2.0,117,15,22
2026-06-22,SKU-041,93.0,0,26,8
2026-06-22,SKU-042,137.0,142,18,162
2026-06-22,SKU-043,0.0,57,15,179
2026-06-22,SKU-044,139.0,0,18,49
2026-06-22,SKU-045,16.0,144,24,30
2026-06-22,SKU-046,86.0,0,17,25
2026-06-22,SKU-047,18.0,65,27,25
2026-06-22,SKU-048,137.0,0,24,107
2026-06-22,SKU-049,50.0,0,19,13
2026-06-22,SKU-050,11.0,0,15,3
2026-06-22,SKU-051,66.0,0,20,60
2026-06-22,SKU-052,62.0,60,23,134
2026-06-22,SKU-053,0.0,146,23,296
2026-06-22,SKU-054,59.0,120,30,77
2026-06-22,SKU-055,124.0,0,32,57
2026-06-22,SKU-056,99.0,0,29,26
2026-06-22,SKU-057,170.0,0,31,82
2026-06-22,SKU-058,110.0,0,25,70
2026-06-22,SKU-059,117.0,0,21,105
2026-06-22,SKU-060,15.0,57,15,177
2026-06-29,SKU-001,63.0,0,21,55
2026-06-29,SKU-002,57.0,119,26,97
2026-06-29,SKU-003,95.0,112,25,161
2026-06-29,SKU-004,25.0,74,29,69
2026-06-29,SKU-005,146.0,0,24,51
2026-06-29,SKU-006,0.0,85,28,307
2026-06-29,SKU-007,69.0,103,38,276
2026-06-29,SKU-008,144.0,0,31,37
2026-06-29,SKU-009,106.0,0,45,33
2026-06-29,SKU-010,115.0,52,27,121
2026-06-29,SKU-011,31.0,0,25,27
2026-06-29,SKU-012,133.0,0,41,103
2026-06-29,SKU-013,11.0,53,14,181
2026-06-29,SKU-014,46.0,70,7,94
2026-06-29,SKU-015,68.0,104,11,72
2026-06-29,SKU-016,169.0,0,11,151
2026-06-29,SKU-017,55.0,0,14,7
2026-06-29,SKU-018,57.0,130,8,75
2026-06-29,SKU-019,20.0,143,8,25
2026-06-29,SKU-020,143.0,0,12,100
2026-06-29,SKU-021,22.0,106,14,28
2026-06-29,SKU-022,226.0,0,13,186
2026-06-29,SKU-023,117.0,0,13,14
2026-06-29,SKU-024,92.0,0,11,44
2026-06-29,SKU-025,140.0,0,12,131
2026-06-29,SKU-026,132.0,0,10,76
2026-06-29,SKU-027,17.0,84,7,31
2026-06-29,SKU-028,55.0,0,17,16
2026-06-29,SKU-029,89.0,0,13,22
2026-06-29,SKU-030,117.0,0,15,36
2026-06-29,SKU-031,126.0,93,12,134
2026-06-29,SKU-032,0.0,137,19,264
2026-06-29,SKU-033,77.0,146,18,208
2026-06-29,SKU-034,126.0,115,13,208
2026-06-29,SKU-035,87.0,0,11,17
2026-06-29,SKU-036,39.0,72,17,190
2026-06-29,SKU-037,128.0,0,16,54
2026-06-29,SKU-038,67.0,0,19,57
2026-06-29,SKU-039,114.0,0,16,11
2026-06-29,SKU-040,110.0,0,15,22
2026-06-29,SKU-041,92.0,0,26,8
2026-06-29,SKU-042,102.0,142,18,162
2026-06-29,SKU-043,10.0,99,15,179
2026-06-29,SKU-044,131.0,0,18,49
2026-06-29,SKU-045,155.0,0,24,30
2026-06-29,SKU-046,75.0,0,17,25
2026-06-29,SKU-047,11.0,65,27,25
2026-06-29,SKU-048,118.0,0,24,107
2026-06-29,SKU-049,48.0,0,19,13
2026-06-29,SKU-050,9.0,0,15,3
2026-06-29,SKU-051,49.0,59,20,60
2026-06-29,SKU-052,98.0,116,23,134
2026-06-29,SKU-053,0.0,146,23,296
2026-06-29,SKU-054,44.0,120,30,77
2026-06-29,SKU-055,116.0,0,32,57
2026-06-29,SKU-056,92.0,0,29,26
2026-06-29,SKU-057,163.0,0,31,82
2026-06-29,SKU-058,102.0,0,25,70
2026-06-29,SKU-059,104.0,122,21,105
2026-06-29,SKU-060,20.0,131,15,177
2026-07-06,SKU-001,,134,21,55
2026-07-06,SKU-002,42.0,119,26,97
2026-07-06,SKU-003,61.0,112,25,161
2026-07-06,SKU-004,88.0,0,29,69
2026-07-06,SKU-005,134.0,0,24,51
2026-07-06,SKU-006,39.0,82,28,307
2026-07-06,SKU-007,29.0,103,38,276
2026-07-06,SKU-008,133.0,0,31,37
2026-07-06,SKU-009,102.0,0,45,33
2026-07-06,SKU-010,93.0,52,27,121
2026-07-06,SKU-011,26.0,66,25,27
2026-07-06,SKU-012,121.0,0,41,103
2026-07-06,SKU-013,0.0,53,14,181
2026-07-06,SKU-014,59.0,146,7,94
2026-07-06,SKU-015,141.0,0,11,72
2026-07-06,SKU-016,113.0,53,11,151
2026-07-06,SKU-017,51.0,0,14,7
2026-07-06,SKU-018,138.0,0,8,75
2026-07-06,SKU-019,148.0,0,8,25
2026-07-06,SKU-020,111.0,0,12,100
2026-07-06,SKU-021,8.0,106,14,28
2026-07-06,SKU-022,139.0,99,13,186
2026-07-06,SKU-023,112.0,0,13,14
2026-07-06,SKU-024,80.0,0,11,44
2026-07-06,SKU-025,88.0,69,12,131
2026-07-06,SKU-026,86.0,0,10,76
2026-07-06,SKU-027,80.0,0,7,31
2026-07-06,SKU-028,50.0,0,17,16
2026-07-06,SKU-029,78.0,0,13,22
2026-07-06,SKU-030,104.0,0,15,36
2026-07-06,SKU-031,163.0,0,12,134
2026-07-06,SKU-032,0.0,137,19,264
2026-07-06,SKU-033,19.0,146,18,208
2026-07-06,SKU-034,175.0,87,13,208
2026-07-06,SKU-035,83.0,0,11,17
2026-07-06,SKU-036,50.0,118,17,190
2026-07-06,SKU-037,109.0,0,16,54
2026-07-06,SKU-038,58.0,0,19,57
2026-07-06,SKU-039,107.0,0,16,11
2026-07-06,SKU-040,99.0,0,15,22
2026-07-06,SKU-041,89.0,0,26,8
2026-07-06,SKU-042,199.0,0,18,162
2026-07-06,SKU-043,0.0,99,15,179
2026-07-06,SKU-044,118.0,0,18,49
2026-07-06,SKU-045,151.0,0,24,30
2026-07-06,SKU-046,70.0,0,17,25
2026-07-06,SKU-047,74.0,0,27,25
2026-07-06,SKU-048,97.0,118,24,107
2026-07-06,SKU-049,45.0,0,19,13
2026-07-06,SKU-050,8.0,0,15,3
2026-07-06,SKU-051,39.0,59,20,60
2026-07-06,SKU-052,70.0,116,23,134
2026-07-06,SKU-053,92.0,108,23,296
2026-07-06,SKU-054,,120,30,77
2026-07-06,SKU-055,106.0,0,32,57
2026-07-06,SKU-056,88.0,0,29,26
2026-07-06,SKU-057,153.0,0,31,82
2026-07-06,SKU-058,88.0,0,25,70
2026-07-06,SKU-059,84.0,122,21,105
2026-07-06,SKU-060,0.0,131,15,177
2026-07-13,SKU-001,48.0,134,21,55
2026-07-13,SKU-002,148.0,0,26,97
2026-07-13,SKU-003,136.0,114,25,161
2026-07-13,SKU-004,81.0,0,29,69
2026-07-13,SKU-005,129.0,0,24,51
2026-07-13,SKU-006,0.0,82,28,307
2026-07-13,SKU-007,5.0,103,38,276
2026-07-13,SKU-008,124.0,0,31,37
2026-07-13,SKU-009,101.0,0,45,33
2026-07-13,SKU-010,79.0,52,27,121
2026-07-13,SKU-011,23.0,66,25,27
2026-07-13,SKU-012,111.0,0,41,103
2026-07-13,SKU-013,2.0,66,14,181
2026-07-13,SKU-014,151.0,0,7,94
2026-07-13,SKU-015,120.0,0,11,72
2026-07-13,SKU-016,,135,11,151
2026-07-13,SKU-017,50.0,0,14,7
2026-07-13,SKU-018,99.0,0,8,75
2026-07-13,SKU-019,130.0,0,8,25
2026-07-13,SKU-020,72.0,53,12,100
2026-07-13,SKU-021,105.0,0,14,28
2026-07-13,SKU-022,,70,13,186
2026-07-13,SKU-023,104.0,0,13,14
2026-07-13,SKU-024,67.0,0,11,44
2026-07-13,SKU-025,99.0,146,12,131
2026-07-13,SKU-026,38.0,121,10,76
2026-07-13,SKU-027,59.0,0,7,31
2026-07-13,SKU-028,45.0,0,17,16
2026-07-13,SKU-029,67.0,0,13,22
2026-07-13,SKU-030,93.0,0,15,36
2026-07-13,SKU-031,119.0,68,12,134
2026-07-13,SKU-032,76.0,94,19,264
2026-07-13,SKU-033,107.0,74,18,208
2026-07-13,SKU-034,193.0,149,13,208
2026-07-13,SKU-035,74.0,0,11,17
2026-07-13,SKU-036,8.0,118,17,190
2026-07-13,SKU-037,94.0,0,16,54
2026-07-13,SKU-038,49.0,146,19,57
2026-07-13,SKU-039,101.0,0,16,11
2026-07-13,SKU-040,90.0,0,15,22
2026-07-13,SKU-041,88.0,0,26,8
2026-07-13,SKU-042,165.0,0,18,162
2026-07-13,SKU-043,46.0,104,15,179
2026-07-13,SKU-044,106.0,0,18,49
2026-07-13,SKU-045,147.0,0,24,30
2026-07-13,SKU-046,62.0,0,17,25
2026-07-13,SKU-047,67.0,0,27,25
2026-07-13,SKU-048,74.0,118,24,107
2026-07-13,SKU-049,44.0,0,19,13
2026-07-13,SKU-050,8.0,0,15,3
2026-07-13,SKU-051,88.0,0,20,60
2026-07-13,SKU-052,27.0,116,23,134
2026-07-13,SKU-053,50.0,108,23,296
2026-07-13,SKU-054,144.0,0,30,77
2026-07-13,SKU-055,98.0,0,32,57
2026-07-13,SKU-056,84.0,0,29,26
2026-07-13,SKU-057,,0,31,82
2026-07-13,SKU-058,74.0,0,25,70
2026-07-13,SKU-059,64.0,122,21,105
2026-07-13,SKU-060,89.0,94,15,177
2026-07-20,SKU-001,34.0,134,21,55
2026-07-20,SKU-002,127.0,0,26,97
2026-07-20,SKU-003,103.0,114,25,161
2026-07-20,SKU-004,69.0,0,29,69
2026-07-20,SKU-005,122.0,0,24,51
2026-07-20,SKU-006,0.0,82,28,307
2026-07-20,SKU-007,0.0,103,38,276
2026-07-20,SKU-008,121.0,0,31,37
2026-07-20,SKU-009,98.0,0,45,33
2026-07-20,SKU-010,121.0,0,27,121
2026-07-20,SKU-011,22.0,66,25,27
2026-07-20,SKU-012,99.0,90,41,103
2026-07-20,SKU-013,0.0,66,14,181
2026-07-20,SKU-014,101.0,0,7,94
2026-07-20,SKU-015,102.0,0,11,72
2026-07-20,SKU-016,160.0,0,11,151
2026-07-20,SKU-017,46.0,0,14,7
2026-07-20,SKU-018,43.0,69,8,75
2026-07-20,SKU-019,112.0,0,8,25
2026-07-20,SKU-020,89.0,69,12,100
2026-07-20,SKU-021,93.0,0,14,28
2026-07-20,SKU-022,167.0,52,13,186
2026-07-20,SKU-023,102.0,0,13,14
2026-07-20,SKU-024,44.0,0,11,44
2026-07-20,SKU-025,199.0,0,12,131
2026-07-20,SKU-026,119.0,0,10,76
2026-07-20,SKU-027,35.0,0,7,31
2026-07-20,SKU-028,42.0,0,17,16
2026-07-20,SKU-029,56.0,0,13,22
2026-07-20,SKU-030,82.0,0,15,36
2026-07-20,SKU-031,144.0,0,12,134
2026-07-20,SKU-032,16.0,94,19,264
2026-07-20,SKU-033,50.0,74,18,208
2026-07-20,SKU-034,259.0,0,13,208
2026-07-20,SKU-035,66.0,0,11,17
2026-07-20,SKU-036,68.0,90,17,190
2026-07-20,SKU-037,75.0,0,16,54
2026-07-20,SKU-038,30.0,146,19,57
2026-07-20,SKU-039,97.0,0,16,11
2026-07-20,SKU-040,83.0,0,15,22
2026-07-20,SKU-041,85.0,0,26,8
2026-07-20,SKU-042,123.0,74,18,162
2026-07-20,SKU-043,0.0,104,15,179
2026-07-20,SKU-044,92.0,0,18,49
2026-07-20,SKU-045,145.0,0,24,30
2026-07-20,SKU-046,50.0,0,17,25
2026-07-20,SKU-047,62.0,0,27,25
2026-07-20,SKU-048,56.0,118,24,107
2026-07-20,SKU-049,41.0,0,19,13
2026-07-20,SKU-050,7.0,0,15,3
2026-07-20,SKU-051,78.0,0,20,60
2026-07-20,SKU-052,112.0,118,23,134
2026-07-20,SKU-053,0.0,108,23,296
2026-07-20,SKU-054,126.0,0,30,77
2026-07-20,SKU-055,91.0,0,32,57
2026-07-20,SKU-056,81.0,0,29,26
2026-07-20,SKU-057,126.0,0,31,82
2026-07-20,SKU-058,55.0,86,25,70
2026-07-20,SKU-059,168.0,0,21,105
2026-07-20,SKU-060,42.0,94,15,177
2026-07-27,SKU-001,153.0,0,21,55
2026-07-27,SKU-002,105.0,0,26,97
2026-07-27,SKU-003,81.0,114,25,161
2026-07-27,SKU-004,61.0,117,29,69
2026-07-27,SKU-005,109.0,0,24,51
2026-07-27,SKU-006,0.0,82,28,307
2026-07-27,SKU-007,0.0,103,38,276
2026-07-27,SKU-008,112.0,0,31,37
2026-07-27,SKU-009,94.0,0,45,33
2026-07-27,SKU-010,97.0,57,27,121
2026-07-27,SKU-011,83.0,0,25,27
2026-07-27,SKU-012,,90,41,103
2026-07-27,SKU-013,2.0,79,14,181
2026-07-27,SKU-014,52.0,51,7,94
2026-07-27,SKU-015,69.0,72,11,72
2026-07-27,SKU-016,98.0,95,11,151
2026-07-27,SKU-017,46.0,0,14,7
2026-07-27,SKU-018,64.0,63,8,75
2026-07-27,SKU-019,103.0,0,8,25
2026-07-27,SKU-020,120.0,0,12,100
2026-07-27,SKU-021,84.0,0,14,28
2026-07-27,SKU-022,143.0,94,13,186
2026-07-27,SKU-023,96.0,0,13,14
2026-07-27,SKU-024,26.0,109,11,44
2026-07-27,SKU-025,157.0,0,12,131
2026-07-27,SKU-026,80.0,0,10,76
2026-07-27,SKU-027,15.0,149,7,31
2026-07-27,SKU-028,39.0,0,17,16
2026-07-27,SKU-029,47.0,0,13,22
2026-07-27,SKU-030,74.0,0,15,36
2026-07-27,SKU-031,100.0,64,12,134
2026-07-27,SKU-032,49.0,100,19,264
2026-07-27,SKU-033,56.0,58,18,208
2026-07-27,SKU-034,197.0,127,13,208
2026-07-27,SKU-035,55.0,0,11,17
2026-07-27,SKU-036,19.0,90,17,190
2026-07-27,SKU-037,60.0,0,16,54
2026-07-27,SKU-038,165.0,0,19,57
2026-07-27,SKU-039,96.0,0,16,11
2026-07-27,SKU-040,81.0,0,15,22
2026-07-27,SKU-041,82.0,0,26,8
2026-07-27,SKU-042,62.0,74,18,162
2026-07-27,SKU-043,46.0,93,15,179
2026-07-27,SKU-044,78.0,0,18,49
2026-07-27,SKU-045,,0,24,30
2026-07-27,SKU-046,39.0,0,17,25
2026-07-27,SKU-047,55.0,0,27,25
2026-07-27,SKU-048,153.0,0,24,107
2026-07-27,SKU-049,39.0,0,19,13
2026-07-27,SKU-050,7.0,0,15,3
2026-07-27,SKU-051,66.0,0,20,60
2026-07-27,SKU-052,90.0,118,23,134
2026-07-27,SKU-053,50.0,141,23,296
2026-07-27,SKU-054,118.0,0,30,77
2026-07-27,SKU-055,80.0,0,32,57
2026-07-27,SKU-056,75.0,0,29,26
2026-07-27,SKU-057,114.0,0,31,82
2026-07-27,SKU-058,39.0,86,25,70
2026-07-27,SKU-059,139.0,0,21,105
2026-07-27,SKU-060,82.0,88,15,177
2026-08-03,SKU-001,143.0,0,21,55
2026-08-03,SKU-002,98.0,0,26,97
2026-08-03,SKU-003,167.0,0,25,161
2026-08-03,SKU-004,51.0,117,29,69
2026-08-03,SKU-005,101.0,0,24,51
2026-08-03,SKU-006,22.0,102,28,307
2026-08-03,SKU-007,60.0,108,38,276
2026-08-03,SKU-008,110.0,0,31,37
2026-08-03,SKU-009,92.0,0,45,33
2026-08-03,SKU-010,75.0,57,27,121
2026-08-03,SKU-011,,0,25,27
2026-08-03,SKU-012,,90,41,103
2026-08-03,SKU-013,0.0,79,14,181
2026-08-03,SKU-014,14.0,69,7,94
2026-08-03,SKU-015,119.0,0,11,72
2026-08-03,SKU-016,109.0,74,11,151
2026-08-03,SKU-017,45.0,0,14,7
2026-08-03,SKU-018,85.0,0,8,75
2026-08-03,SKU-019,93.0,0,8,25
2026-08-03,SKU-020,86.0,126,12,100
2026-08-03,SKU-021,79.0,0,14,28
2026-08-03,SKU-022,163.0,51,13,186
2026-08-03,SKU-023,93.0,0,13,14
2026-08-03,SKU-024,119.0,0,11,44
2026-08-03,SKU-025,115.0,147,12,131
2026-08-03,SKU-026,45.0,134,10,76
2026-08-03,SKU-027,146.0,0,7,31
2026-08-03,SKU-028,35.0,0,17,16
2026-08-03,SKU-029,,0,13,22
2026-08-03,SKU-030,66.0,0,15,36
2026-08-03,SKU-031,124.0,86,12,134
2026-08-03,SKU-032,0.0,100,19,264
2026-08-03,SKU-033,6.0,58,18,208
2026-08-03,SKU-034,250.0,0,13,208
2026-08-03,SKU-035,47.0,0,11,17
2026-08-03,SKU-036,47.0,88,17,190
2026-08-03,SKU-037,46.0,63,16,54
2026-08-03,SKU-038,157.0,0,19,57
2026-08-03,SKU-039,89.0,0,16,11
2026-08-03,SKU-040,75.0,0,15,22
2026-08-03,SKU-041,79.0,0,26,8
2026-08-03,SKU-042,89.0,119,18,162
2026-08-03,SKU-043,0.0,93,15,179
2026-08-03,SKU-044,64.0,0,18,49
2026-08-03,SKU-045,132.0,0,24,30
2026-08-03,SKU-046,37.0,0,17,25
2026-08-03,SKU-047,52.0,0,27,25
2026-08-03,SKU-048,128.0,0,24,107
2026-08-03,SKU-049,37.0,0,19,13
2026-08-03,SKU-050,5.0,0,15,3
2026-08-03,SKU-051,52.0,96,20,60
2026-08-03,SKU-052,61.0,118,23,134
2026-08-03,SKU-053,0.0,141,23,296
2026-08-03,SKU-054,108.0,0,30,77
2026-08-03,SKU-055,72.0,0,32,57
2026-08-03,SKU-056,68.0,0,29,26
2026-08-03,SKU-057,104.0,0,31,82
2026-08-03,SKU-058,22.0,86,25,70
2026-08-03,SKU-059,102.0,137,21,105
2026-08-03,SKU-060,18.0,88,15,177
2026-08-10,SKU-001,133.0,0,21,55
2026-08-10,SKU-002,81.0,54,26,97
2026-08-10,SKU-003,127.0,106,25,161
2026-08-10,SKU-004,45.0,117,29,69
2026-08-10,SKU-005,91.0,0,24,51
2026-08-10,SKU-006,0.0,102,28,307
2026-08-10,SKU-007,27.0,108,38,276
2026-08-10,SKU-008,106.0,0,31,37
2026-08-10,SKU-009,89.0,0,45,33
2026-08-10,SKU-010,47.0,57,27,121
2026-08-10,SKU-011,75.0,0,25,27
2026-08-10,SKU-012,59.0,90,41,103
2026-08-10,SKU-013,23.0,58,14,181
2026-08-10,SKU-014,17.0,146,7,94
2026-08-10,SKU-015,92.0,0,11,72
2026-08-10,SKU-016,118.0,59,11,151
2026-08-10,SKU-017,42.0,0,14,7
2026-08-10,SKU-018,42.0,76,8,75
2026-08-10,SKU-019,80.0,0,8,25
2026-08-10,SKU-020,173.0,0,12,100
2026-08-10,SKU-021,69.0,0,14,28
2026-08-10,SKU-022,148.0,114,13,186
2026-08-10,SKU-023,86.0,0,13,14
2026-08-10,SKU-024,98.0,0,11,44
2026-08-10,SKU-025,202.0,0,12,131
2026-08-10,SKU-026,137.0,0,10,76
2026-08-10,SKU-027,121.0,0,7,31
2026-08-10,SKU-028,29.0,0,17,16
2026-08-10,SKU-029,31.0,0,13,22
2026-08-10,SKU-030,60.0,0,15,36
2026-08-10,SKU-031,159.0,0,12,134
2026-08-10,SKU-032,33.0,75,19,264
2026-08-10,SKU-033,13.0,133,18,208
2026-08-10,SKU-034,175.0,135,13,208
2026-08-10,SKU-035,35.0,0,11,17
2026-08-10,SKU-036,3.0,88,17,190
2026-08-10,SKU-037,28.0,63,16,54
2026-08-10,SKU-038,148.0,0,19,57
2026-08-10,SKU-039,85.0,0,16,11
2026-08-10,SKU-040,71.0,0,15,22
2026-08-10,SKU-041,76.0,0,26,8
2026-08-10,SKU-042,53.0,119,18,162
2026-08-10,SKU-043,32.0,94,15,179
2026-08-10,SKU-044,54.0,0,18,49
2026-08-10,SKU-045,127.0,0,24,30
2026-08-10,SKU-046,31.0,0,17,25
2026-08-10,SKU-047,46.0,0,27,25
2026-08-10,SKU-048,96.0,58,24,107
2026-08-10,SKU-049,34.0,0,19,13
2026-08-10,SKU-050,4.0,0,15,3
2026-08-10,SKU-051,34.0,96,20,60
2026-08-10,SKU-052,155.0,0,23,134
2026-08-10,SKU-053,0.0,141,23,296
2026-08-10,SKU-054,92.0,0,30,77
2026-08-10,SKU-055,66.0,0,32,57
2026-08-10,SKU-056,63.0,0,29,26
2026-08-10,SKU-057,90.0,0,31,82
2026-08-10,SKU-058,95.0,0,25,70
2026-08-10,SKU-059,84.0,137,21,105
2026-08-10,SKU-060,62.0,83,15,177
2026-08-17,SKU-001,125.0,0,21,55
2026-08-17,SKU-002,61.0,54,26,97
2026-08-17,SKU-003,97.0,106,25,161
2026-08-17,SKU-004,36.0,117,29,69
2026-08-17,SKU-005,80.0,0,24,51
2026-08-17,SKU-006,0.0,102,28,307
2026-08-17,SKU-007,0.0,108,38,276
2026-08-17,SKU-008,101.0,0,31,37
2026-08-17,SKU-009,85.0,0,45,33
2026-08-17,SKU-010,85.0,105,27,121
2026-08-17,SKU-011,69.0,0,25,27
2026-08-17,SKU-012,48.0,90,41,103
2026-08-17,SKU-013,0.0,58,14,181
2026-08-17,SKU-014,110.0,0,7,94
2026-08-17,SKU-015,67.0,81,11,72
2026-08-17,SKU-016,111.0,96,11,151
2026-08-17,SKU-017,39.0,0,14,7
2026-08-17,SKU-018,69.0,87,8,75
2026-08-17,SKU-019,70.0,0,8,25
2026-08-17,SKU-020,119.0,0,12,100
2026-08-17,SKU-021,60.0,0,14,28
2026-08-17,SKU-022,205.0,0,13,186
2026-08-17,SKU-023,84.0,0,13,14
2026-08-17,SKU-024,80.0,0,11,44
2026-08-17,SKU-025,145.0,0,12,131
2026-08-17,SKU-026,105.0,0,10,76
2026-08-17,SKU-027,93.0,0,7,31
2026-08-17,SKU-028,25.0,0,17,16
2026-08-17,SKU-029,24.0,0,13,22
2026-08-17,SKU-030,49.0,0,15,36
2026-08-17,SKU-031,112.0,109,12,134
2026-08-17,SKU-032,0.0,75,19,264
2026-08-17,SKU-033,0.0,133,18,208
2026-08-17,SKU-034,,0,13,208
2026-08-17,SKU-035,26.0,0,11,17
2026-08-17,SKU-036,44.0,101,17,190
2026-08-17,SKU-037,74.0,0,16,54
2026-08-17,SKU-038,136.0,0,19,57
2026-08-17,SKU-039,82.0,0,16,11
2026-08-17,SKU-040,65.0,0,15,22
2026-08-17,SKU-041,74.0,0,26,8
2026-08-17,SKU-042,122.0,97,18,162
2026-08-17,SKU-043,0.0,94,15,179
2026-08-17,SKU-044,46.0,118,18,49
2026-08-17,SKU-045,125.0,0,24,30
2026-08-17,SKU-046,27.0,0,17,25
2026-08-17,SKU-047,37.0,0,27,25
2026-08-17,SKU-048,75.0,58,24,107
2026-08-17,SKU-049,32.0,0,19,13
2026-08-17,SKU-050,4.0,0,15,3
2026-08-17,SKU-051,116.0,0,20,60
2026-08-17,SKU-052,128.0,85,23,134
2026-08-17,SKU-053,78.0,118,23,296
2026-08-17,SKU-054,80.0,0,30,77
2026-08-17,SKU-055,59.0,0,32,57
2026-08-17,SKU-056,59.0,0,29,26
2026-08-17,SKU-057,77.0,138,31,82
2026-08-17,SKU-058,81.0,0,25,70
2026-08-17,SKU-059,62.0,137,21,105
2026-08-17,SKU-060,17.0,83,15,177
2026-08-24,SKU-001,109.0,0,21,55
2026-08-24,SKU-002,50.0,54,26,97
2026-08-24,SKU-003,69.0,106,25,161
2026-08-24,SKU-004,141.0,0,29,69
2026-08-24,SKU-005,69.0,0,24,51
2026-08-24,SKU-006,0.0,102,28,307
2026-08-24,SKU-007,0.0,108,38,276
2026-08-24,SKU-008,94.0,0,31,37
2026-08-24,SKU-009,81.0,0,45,33
2026-08-24,SKU-010,59.0,105,27,121
2026-08-24,SKU-011,65.0,0,25,27
2026-08-24,SKU-012,130.0,0,41,103
2026-08-24,SKU-013,0.0,142,14,181
2026-08-24,SKU-014,66.0,144,7,94
2026-08-24,SKU-015,116.0,0,11,72
2026-08-24,SKU-016,131.0,120,11,151
2026-08-24,SKU-017,35.0,0,14,7
2026-08-24,SKU-018,110.0,0,8,75
2026-08-24,SKU-019,,0,8,25
2026-08-24,SKU-020,87.0,150,12,100
2026-08-24,SKU-021,57.0,0,14,28
2026-08-24,SKU-022,146.0,148,13,186
2026-08-24,SKU-023,79.0,0,13,14
2026-08-24,SKU-024,63.0,0,11,44
2026-08-24,SKU-025,90.0,91,12,131
2026-08-24,SKU-026,70.0,88,10,76
2026-08-24,SKU-027,74.0,0,7,31
2026-08-24,SKU-028,23.0,0,17,16
2026-08-24,SKU-029,11.0,148,13,22
2026-08-24,SKU-030,38.0,0,15,36
2026-08-24,SKU-031,156.0,0,12,134
2026-08-24,SKU-032,6.0,140,19,264
2026-08-24,SKU-033,88.0,143,18,208
2026-08-24,SKU-034,156.0,108,13,208
2026-08-24,SKU-035,19.0,0,11,17
2026-08-24,SKU-036,0.0,101,17,190
2026-08-24,SKU-037,58.0,0,16,54
2026-08-24,SKU-038,127.0,0,19,57
2026-08-24,SKU-039,80.0,0,16,11
2026-08-24,SKU-040,58.0,0,15,22
2026-08-24,SKU-041,73.0,0,26,8
2026-08-24,SKU-042,89.0,97,18,162
2026-08-24,SKU-043,60.0,102,15,179
2026-08-24,SKU-044,31.0,118,18,49
2026-08-24,SKU-045,117.0,0,24,30
2026-08-24,SKU-046,22.0,72,17,25
2026-08-24,SKU-047,33.0,0,27,25
2026-08-24,SKU-048,58.0,58,24,107
2026-08-24,SKU-049,26.0,0,19,13
2026-08-24,SKU-050,2.0,50,15,3
2026-08-24,SKU-051,99.0,0,20,60
2026-08-24,SKU-052,100.0,85,23,134
2026-08-24,SKU-053,19.0,118,23,296
2026-08-24,SKU-054,68.0,104,30,77
2026-08-24,SKU-055,45.0,122,32,57
2026-08-24,SKU-056,58.0,0,29,26
2026-08-24,SKU-057,62.0,138,31,82
2026-08-24,SKU-058,67.0,79,25,70
2026-08-24,SKU-059,176.0,0,21,105
2026-08-24,SKU-060,40.0,140,15,177
2026-08-31,SKU-001,95.0,0,21,55
2026-08-31,SKU-002,87.0,132,26,97
2026-08-31,SKU-003,131.0,86,25,161
2026-08-31,SKU-004,129.0,0,29,69
2026-08-31,SKU-005,63.0,0,24,51
2026-08-31,SKU-006,56.0,149,28,307
2026-08-31,SKU-007,0.0,108,38,276
2026-08-31,SKU-008,89.0,0,31,37
2026-08-31,SKU-009,76.0,0,45,33
2026-08-31,SKU-010,39.0,105,27,121
2026-08-31,SKU-011,,0,25,27
2026-08-31,SKU-012,124.0,0,41,103
2026-08-31,SKU-013,0.0,142,14,181
2026-08-31,SKU-014,148.0,0,7,94
2026-08-31,SKU-015,77.0,0,11,72
2026-08-31,SKU-016,192.0,0,11,151
2026-08-31,SKU-017,29.0,0,14,7
2026-08-31,SKU-018,74.0,115,8,75
2026-08-31,SKU-019,35.0,0,8,25
2026-08-31,SKU-020,195.0,0,12,100
2026-08-31,SKU-021,49.0,0,14,28
2026-08-31,SKU-022,230.0,0,13,186
2026-08-31,SKU-023,70.0,0,13,14
2026-08-31,SKU-024,44.0,0,11,44
2026-08-31,SKU-025,129.0,99,12,131
2026-08-31,SKU-026,121.0,0,10,76
2026-08-31,SKU-027,54.0,0,7,31
2026-08-31,SKU-028,17.0,0,17,16
2026-08-31,SKU-029,157.0,0,13,22
2026-08-31,SKU-030,26.0,112,15,36
2026-08-31,SKU-031,102.0,77,12,134
2026-08-31,SKU-032,0.0,140,19,264
2026-08-31,SKU-033,34.0,143,18,208
2026-08-31,SKU-034,182.0,108,13,208
2026-08-31,SKU-035,11.0,52,11,17
2026-08-31,SKU-036,54.0,136,17,190
2026-08-31,SKU-037,43.0,73,16,54
2026-08-31,SKU-038,114.0,0,19,57
2026-08-31,SKU-039,78.0,0,16,11
2026-08-31,SKU-040,46.0,0,15,22
2026-08-31,SKU-041,73.0,0,26,8
2026-08-31,SKU-042,151.0,63,18,162
2026-08-31,SKU-043,15.0,102,15,179
2026-08-31,SKU-044,139.0,0,18,49
2026-08-31,SKU-045,108.0,0,24,30
2026-08-31,SKU-046,10.0,72,17,25
2026-08-31,SKU-047,,0,27,25
2026-08-31,SKU-048,105.0,140,24,107
2026-08-31,SKU-049,21.0,0,19,13
2026-08-31,SKU-050,2.0,50,15,3
2026-08-31,SKU-051,90.0,0,20,60
2026-08-31,SKU-052,63.0,85,23,134
2026-08-31,SKU-053,0.0,118,23,296
2026-08-31,SKU-054,59.0,104,30,77
2026-08-31,SKU-055,38.0,122,32,57
2026-08-31,SKU-056,53.0,0,29,26
2026-08-31,SKU-057,52.0,138,31,82
2026-08-31,SKU-058,51.0,79,25,70
2026-08-31,SKU-059,151.0,0,21,105
2026-08-31,SKU-060,0.0,140,15,177
